ISO-10303-21;
HEADER;
/* Generated by software containing ST-Developer
 * from STEP Tools, Inc. (www.steptools.com) 
 */

FILE_DESCRIPTION(
/* description */ (''),
/* implementation_level */ '2;1');

FILE_NAME(
/* name */ 'assembly.step',
/* time_stamp */ '2026-08-23T17:54:51-04:00',
/* author */ (''),
/* organization */ (''),
/* preprocessor_version */ 'ST-DEVELOPER v20.1',
/* originating_system */ 'Autodesk Translation Framework v15.8.0.0',
/* authorisation */ '');

FILE_SCHEMA (('AUTOMOTIVE_DESIGN { 1 0 10303 214 3 1 1 }'));
ENDSEC;

DATA;
#10=MECHANICAL_DESIGN_GEOMETRIC_PRESENTATION_REPRESENTATION('',(#141,#142,
#143,#144),#5902);
#11=CONTEXT_DEPENDENT_OVER_RIDING_STYLED_ITEM('',(#6091),#5982,#144,(#48));
#12=CONTEXT_DEPENDENT_OVER_RIDING_STYLED_ITEM('',(#6091),#5982,#144,(#55));
#13=CONTEXT_DEPENDENT_OVER_RIDING_STYLED_ITEM('',(#6091),#5978,#144,(#47));
#14=CONTEXT_DEPENDENT_OVER_RIDING_STYLED_ITEM('',(#6091),#5978,#144,(#49));
#15=CONTEXT_DEPENDENT_OVER_RIDING_STYLED_ITEM('',(#6091),#5978,#144,(#50));
#16=CONTEXT_DEPENDENT_OVER_RIDING_STYLED_ITEM('',(#6091),#5978,#144,(#51));
#17=CONTEXT_DEPENDENT_OVER_RIDING_STYLED_ITEM('',(#6092),#5990,#144,(#63));
#18=CONTEXT_DEPENDENT_OVER_RIDING_STYLED_ITEM('',(#6092),#5989,#144,(#62));
#19=MAPPED_ITEM('',#20,#2896);
#20=REPRESENTATION_MAP(#2896,#5976);
#21=ITEM_DEFINED_TRANSFORMATION($,$,#2572,#2871);
#22=ITEM_DEFINED_TRANSFORMATION($,$,#2573,#2872);
#23=ITEM_DEFINED_TRANSFORMATION($,$,#2643,#2873);
#24=ITEM_DEFINED_TRANSFORMATION($,$,#2573,#2874);
#25=ITEM_DEFINED_TRANSFORMATION($,$,#2573,#2875);
#26=ITEM_DEFINED_TRANSFORMATION($,$,#2573,#2876);
#27=ITEM_DEFINED_TRANSFORMATION($,$,#2640,#2877);
#28=ITEM_DEFINED_TRANSFORMATION($,$,#2641,#2878);
#29=ITEM_DEFINED_TRANSFORMATION($,$,#2642,#2879);
#30=ITEM_DEFINED_TRANSFORMATION($,$,#2643,#2880);
#31=ITEM_DEFINED_TRANSFORMATION($,$,#2856,#2881);
#32=ITEM_DEFINED_TRANSFORMATION($,$,#2857,#2882);
#33=ITEM_DEFINED_TRANSFORMATION($,$,#2858,#2883);
#34=ITEM_DEFINED_TRANSFORMATION($,$,#2859,#2884);
#35=ITEM_DEFINED_TRANSFORMATION($,$,#2860,#2885);
#36=ITEM_DEFINED_TRANSFORMATION($,$,#2861,#2886);
#37=ITEM_DEFINED_TRANSFORMATION($,$,#2862,#2887);
#38=ITEM_DEFINED_TRANSFORMATION($,$,#2863,#2888);
#39=ITEM_DEFINED_TRANSFORMATION($,$,#2864,#2889);
#40=ITEM_DEFINED_TRANSFORMATION($,$,#2865,#2890);
#41=ITEM_DEFINED_TRANSFORMATION($,$,#2866,#2891);
#42=ITEM_DEFINED_TRANSFORMATION($,$,#2867,#2892);
#43=ITEM_DEFINED_TRANSFORMATION($,$,#2868,#2893);
#44=ITEM_DEFINED_TRANSFORMATION($,$,#2869,#2894);
#45=ITEM_DEFINED_TRANSFORMATION($,$,#2870,#2895);
#46=(
REPRESENTATION_RELATIONSHIP($,$,#5977,#5976)
REPRESENTATION_RELATIONSHIP_WITH_TRANSFORMATION(#21)
SHAPE_REPRESENTATION_RELATIONSHIP()
);
#47=(
REPRESENTATION_RELATIONSHIP($,$,#5978,#5976)
REPRESENTATION_RELATIONSHIP_WITH_TRANSFORMATION(#22)
SHAPE_REPRESENTATION_RELATIONSHIP()
);
#48=(
REPRESENTATION_RELATIONSHIP($,$,#5982,#5976)
REPRESENTATION_RELATIONSHIP_WITH_TRANSFORMATION(#23)
SHAPE_REPRESENTATION_RELATIONSHIP()
);
#49=(
REPRESENTATION_RELATIONSHIP($,$,#5978,#5976)
REPRESENTATION_RELATIONSHIP_WITH_TRANSFORMATION(#24)
SHAPE_REPRESENTATION_RELATIONSHIP()
);
#50=(
REPRESENTATION_RELATIONSHIP($,$,#5978,#5976)
REPRESENTATION_RELATIONSHIP_WITH_TRANSFORMATION(#25)
SHAPE_REPRESENTATION_RELATIONSHIP()
);
#51=(
REPRESENTATION_RELATIONSHIP($,$,#5978,#5976)
REPRESENTATION_RELATIONSHIP_WITH_TRANSFORMATION(#26)
SHAPE_REPRESENTATION_RELATIONSHIP()
);
#52=(
REPRESENTATION_RELATIONSHIP($,$,#5979,#5976)
REPRESENTATION_RELATIONSHIP_WITH_TRANSFORMATION(#27)
SHAPE_REPRESENTATION_RELATIONSHIP()
);
#53=(
REPRESENTATION_RELATIONSHIP($,$,#5980,#5976)
REPRESENTATION_RELATIONSHIP_WITH_TRANSFORMATION(#28)
SHAPE_REPRESENTATION_RELATIONSHIP()
);
#54=(
REPRESENTATION_RELATIONSHIP($,$,#5981,#5976)
REPRESENTATION_RELATIONSHIP_WITH_TRANSFORMATION(#29)
SHAPE_REPRESENTATION_RELATIONSHIP()
);
#55=(
REPRESENTATION_RELATIONSHIP($,$,#5982,#5976)
REPRESENTATION_RELATIONSHIP_WITH_TRANSFORMATION(#30)
SHAPE_REPRESENTATION_RELATIONSHIP()
);
#56=(
REPRESENTATION_RELATIONSHIP($,$,#5983,#5976)
REPRESENTATION_RELATIONSHIP_WITH_TRANSFORMATION(#31)
SHAPE_REPRESENTATION_RELATIONSHIP()
);
#57=(
REPRESENTATION_RELATIONSHIP($,$,#5984,#5976)
REPRESENTATION_RELATIONSHIP_WITH_TRANSFORMATION(#32)
SHAPE_REPRESENTATION_RELATIONSHIP()
);
#58=(
REPRESENTATION_RELATIONSHIP($,$,#5985,#5976)
REPRESENTATION_RELATIONSHIP_WITH_TRANSFORMATION(#33)
SHAPE_REPRESENTATION_RELATIONSHIP()
);
#59=(
REPRESENTATION_RELATIONSHIP($,$,#5986,#5976)
REPRESENTATION_RELATIONSHIP_WITH_TRANSFORMATION(#34)
SHAPE_REPRESENTATION_RELATIONSHIP()
);
#60=(
REPRESENTATION_RELATIONSHIP($,$,#5987,#5976)
REPRESENTATION_RELATIONSHIP_WITH_TRANSFORMATION(#35)
SHAPE_REPRESENTATION_RELATIONSHIP()
);
#61=(
REPRESENTATION_RELATIONSHIP($,$,#5988,#5976)
REPRESENTATION_RELATIONSHIP_WITH_TRANSFORMATION(#36)
SHAPE_REPRESENTATION_RELATIONSHIP()
);
#62=(
REPRESENTATION_RELATIONSHIP($,$,#5989,#5976)
REPRESENTATION_RELATIONSHIP_WITH_TRANSFORMATION(#37)
SHAPE_REPRESENTATION_RELATIONSHIP()
);
#63=(
REPRESENTATION_RELATIONSHIP($,$,#5990,#5976)
REPRESENTATION_RELATIONSHIP_WITH_TRANSFORMATION(#38)
SHAPE_REPRESENTATION_RELATIONSHIP()
);
#64=(
REPRESENTATION_RELATIONSHIP($,$,#5991,#5976)
REPRESENTATION_RELATIONSHIP_WITH_TRANSFORMATION(#39)
SHAPE_REPRESENTATION_RELATIONSHIP()
);
#65=(
REPRESENTATION_RELATIONSHIP($,$,#5992,#5976)
REPRESENTATION_RELATIONSHIP_WITH_TRANSFORMATION(#40)
SHAPE_REPRESENTATION_RELATIONSHIP()
);
#66=(
REPRESENTATION_RELATIONSHIP($,$,#5993,#5976)
REPRESENTATION_RELATIONSHIP_WITH_TRANSFORMATION(#41)
SHAPE_REPRESENTATION_RELATIONSHIP()
);
#67=(
REPRESENTATION_RELATIONSHIP($,$,#5994,#5976)
REPRESENTATION_RELATIONSHIP_WITH_TRANSFORMATION(#42)
SHAPE_REPRESENTATION_RELATIONSHIP()
);
#68=(
REPRESENTATION_RELATIONSHIP($,$,#5995,#5976)
REPRESENTATION_RELATIONSHIP_WITH_TRANSFORMATION(#43)
SHAPE_REPRESENTATION_RELATIONSHIP()
);
#69=(
REPRESENTATION_RELATIONSHIP($,$,#5996,#5976)
REPRESENTATION_RELATIONSHIP_WITH_TRANSFORMATION(#44)
SHAPE_REPRESENTATION_RELATIONSHIP()
);
#70=(
REPRESENTATION_RELATIONSHIP($,$,#5997,#5976)
REPRESENTATION_RELATIONSHIP_WITH_TRANSFORMATION(#45)
SHAPE_REPRESENTATION_RELATIONSHIP()
);
#71=CONTEXT_DEPENDENT_SHAPE_REPRESENTATION(#46,#5951);
#72=CONTEXT_DEPENDENT_SHAPE_REPRESENTATION(#47,#5952);
#73=CONTEXT_DEPENDENT_SHAPE_REPRESENTATION(#48,#5953);
#74=CONTEXT_DEPENDENT_SHAPE_REPRESENTATION(#49,#5954);
#75=CONTEXT_DEPENDENT_SHAPE_REPRESENTATION(#50,#5955);
#76=CONTEXT_DEPENDENT_SHAPE_REPRESENTATION(#51,#5956);
#77=CONTEXT_DEPENDENT_SHAPE_REPRESENTATION(#52,#5957);
#78=CONTEXT_DEPENDENT_SHAPE_REPRESENTATION(#53,#5958);
#79=CONTEXT_DEPENDENT_SHAPE_REPRESENTATION(#54,#5959);
#80=CONTEXT_DEPENDENT_SHAPE_REPRESENTATION(#55,#5960);
#81=CONTEXT_DEPENDENT_SHAPE_REPRESENTATION(#56,#5961);
#82=CONTEXT_DEPENDENT_SHAPE_REPRESENTATION(#57,#5962);
#83=CONTEXT_DEPENDENT_SHAPE_REPRESENTATION(#58,#5963);
#84=CONTEXT_DEPENDENT_SHAPE_REPRESENTATION(#59,#5964);
#85=CONTEXT_DEPENDENT_SHAPE_REPRESENTATION(#60,#5965);
#86=CONTEXT_DEPENDENT_SHAPE_REPRESENTATION(#61,#5966);
#87=CONTEXT_DEPENDENT_SHAPE_REPRESENTATION(#62,#5967);
#88=CONTEXT_DEPENDENT_SHAPE_REPRESENTATION(#63,#5968);
#89=CONTEXT_DEPENDENT_SHAPE_REPRESENTATION(#64,#5969);
#90=CONTEXT_DEPENDENT_SHAPE_REPRESENTATION(#65,#5970);
#91=CONTEXT_DEPENDENT_SHAPE_REPRESENTATION(#66,#5971);
#92=CONTEXT_DEPENDENT_SHAPE_REPRESENTATION(#67,#5972);
#93=CONTEXT_DEPENDENT_SHAPE_REPRESENTATION(#68,#5973);
#94=CONTEXT_DEPENDENT_SHAPE_REPRESENTATION(#69,#5974);
#95=CONTEXT_DEPENDENT_SHAPE_REPRESENTATION(#70,#5975);
#96=NEXT_ASSEMBLY_USAGE_OCCURRENCE('Component1:1','Component1:1',
'Component1:1',#5999,#6000,'Component1:1');
#97=NEXT_ASSEMBLY_USAGE_OCCURRENCE('Motor Arm:1','Motor Arm:1',
'Motor Arm:1',#5999,#6001,'Motor Arm:1');
#98=NEXT_ASSEMBLY_USAGE_OCCURRENCE('Center Plate:1','Center Plate:1',
'Center Plate:1',#5999,#6005,'Center Plate:1');
#99=NEXT_ASSEMBLY_USAGE_OCCURRENCE('Motor Arm:2','Motor Arm:2',
'Motor Arm:2',#5999,#6001,'Motor Arm:2');
#100=NEXT_ASSEMBLY_USAGE_OCCURRENCE('Motor Arm:3','Motor Arm:3',
'Motor Arm:3',#5999,#6001,'Motor Arm:3');
#101=NEXT_ASSEMBLY_USAGE_OCCURRENCE('Motor Arm:4','Motor Arm:4',
'Motor Arm:4',#5999,#6001,'Motor Arm:4');
#102=NEXT_ASSEMBLY_USAGE_OCCURRENCE('Motor Mount (4):1',
'Motor Mount (4):1','Motor Mount (4):1',#5999,#6002,'Motor Mount (4):1');
#103=NEXT_ASSEMBLY_USAGE_OCCURRENCE('Motor Mount (1):1',
'Motor Mount (1):1','Motor Mount (1):1',#5999,#6003,'Motor Mount (1):1');
#104=NEXT_ASSEMBLY_USAGE_OCCURRENCE('ESC:1','ESC:1','ESC:1',#5999,#6004,
'ESC:1');
#105=NEXT_ASSEMBLY_USAGE_OCCURRENCE('Center Plate:2','Center Plate:2',
'Center Plate:2',#5999,#6005,'Center Plate:2');
#106=NEXT_ASSEMBLY_USAGE_OCCURRENCE('Motor (1):1','Motor (1):1',
'Motor (1):1',#5999,#6006,'Motor (1):1');
#107=NEXT_ASSEMBLY_USAGE_OCCURRENCE('Motor (2):1','Motor (2):1',
'Motor (2):1',#5999,#6007,'Motor (2):1');
#108=NEXT_ASSEMBLY_USAGE_OCCURRENCE('Motor (4):1','Motor (4):1',
'Motor (4):1',#5999,#6008,'Motor (4):1');
#109=NEXT_ASSEMBLY_USAGE_OCCURRENCE('Motor (3):1','Motor (3):1',
'Motor (3):1',#5999,#6009,'Motor (3):1');
#110=NEXT_ASSEMBLY_USAGE_OCCURRENCE('Propellers:1','Propellers:1',
'Propellers:1',#5999,#6010,'Propellers:1');
#111=NEXT_ASSEMBLY_USAGE_OCCURRENCE('Flight Controller:1',
'Flight Controller:1','Flight Controller:1',#5999,#6011,
'Flight Controller:1');
#112=NEXT_ASSEMBLY_USAGE_OCCURRENCE('Motor Mount (3):1',
'Motor Mount (3):1','Motor Mount (3):1',#5999,#6012,'Motor Mount (3):1');
#113=NEXT_ASSEMBLY_USAGE_OCCURRENCE('Motor Mount (2):1',
'Motor Mount (2):1','Motor Mount (2):1',#5999,#6013,'Motor Mount (2):1');
#114=NEXT_ASSEMBLY_USAGE_OCCURRENCE('Prop+7x4\X2\0445\X0\2.stl:1',
'Prop+7x4\X2\0445\X0\2.stl:1','Prop+7x4\X2\0445\X0\2.stl:1',#5999,#6014,
'Prop+7x4\X2\0445\X0\2.stl:1');
#115=NEXT_ASSEMBLY_USAGE_OCCURRENCE('Prop+7x4\X2\0445\X0\2.stl (1):1',
'Prop+7x4\X2\0445\X0\2.stl (1):1','Prop+7x4\X2\0445\X0\2.stl (1):1',#5999,
#6015,'Prop+7x4\X2\0445\X0\2.stl (1):1');
#116=NEXT_ASSEMBLY_USAGE_OCCURRENCE('Prop+7x4\X2\0445\X0\2.stl (1) (1)
:1','Prop+7x4\X2\0445\X0\2.stl (1) (1):1','Prop+7x4\X2\0445\X0\2.stl (
1) (1):1',#5999,#6016,'Prop+7x4\X2\0445\X0\2.stl (1) (1):1');
#117=NEXT_ASSEMBLY_USAGE_OCCURRENCE('Prop_Top_M5 (1) (1) (1):1',
'Prop_Top_M5 (1) (1) (1):1','Prop_Top_M5 (1) (1) (1):1',#5999,#6017,
'Prop_Top_M5 (1) (1) (1):1');
#118=NEXT_ASSEMBLY_USAGE_OCCURRENCE('Prop_Top_M5 (1) (1):1',
'Prop_Top_M5 (1) (1):1','Prop_Top_M5 (1) (1):1',#5999,#6018,
'Prop_Top_M5 (1) (1):1');
#119=NEXT_ASSEMBLY_USAGE_OCCURRENCE('Prop_Top_M5 (1):1',
'Prop_Top_M5 (1):1','Prop_Top_M5 (1):1',#5999,#6019,'Prop_Top_M5 (1):1');
#120=NEXT_ASSEMBLY_USAGE_OCCURRENCE('Prop_Top_M5:1','Prop_Top_M5:1',
'Prop_Top_M5:1',#5999,#6020,'Prop_Top_M5:1');
#121=B_SPLINE_SURFACE_WITH_KNOTS('',3,3,((#4393,#4394,#4395,#4396,#4397,
#4398,#4399,#4400,#4401,#4402,#4403,#4404,#4405,#4406,#4407,#4408,#4409),
(#4410,#4411,#4412,#4413,#4414,#4415,#4416,#4417,#4418,#4419,#4420,#4421,
#4422,#4423,#4424,#4425,#4426),(#4427,#4428,#4429,#4430,#4431,#4432,#4433,
#4434,#4435,#4436,#4437,#4438,#4439,#4440,#4441,#4442,#4443),(#4444,#4445,
#4446,#4447,#4448,#4449,#4450,#4451,#4452,#4453,#4454,#4455,#4456,#4457,
#4458,#4459,#4460),(#4461,#4462,#4463,#4464,#4465,#4466,#4467,#4468,#4469,
#4470,#4471,#4472,#4473,#4474,#4475,#4476,#4477)),.UNSPECIFIED.,.F.,.F.,
 .F.,(4,1,4),(4,1,1,1,1,1,1,1,1,1,1,1,1,1,4),(0.,0.5,1.),(0.00366923765856259,
0.0106643374061213,0.0176594371536799,0.0316496366487973,0.059630035639032,
0.115590833619501,0.22751242958044,0.451355621502317,0.563277217463256,
0.675198813424195,0.731159611404664,0.759140010394899,0.773130209890016,
0.780125309637575,0.787120409385134),.UNSPECIFIED.);
#122=B_SPLINE_SURFACE_WITH_KNOTS('',3,3,((#4526,#4527,#4528,#4529,#4530,
#4531,#4532,#4533,#4534,#4535,#4536,#4537,#4538,#4539,#4540,#4541),(#4542,
#4543,#4544,#4545,#4546,#4547,#4548,#4549,#4550,#4551,#4552,#4553,#4554,
#4555,#4556,#4557),(#4558,#4559,#4560,#4561,#4562,#4563,#4564,#4565,#4566,
#4567,#4568,#4569,#4570,#4571,#4572,#4573),(#4574,#4575,#4576,#4577,#4578,
#4579,#4580,#4581,#4582,#4583,#4584,#4585,#4586,#4587,#4588,#4589),(#4590,
#4591,#4592,#4593,#4594,#4595,#4596,#4597,#4598,#4599,#4600,#4601,#4602,
#4603,#4604,#4605)),.UNSPECIFIED.,.F.,.F.,.F.,(4,1,4),(4,1,1,1,1,1,1,1,
1,1,1,1,1,4),(0.,0.5,1.),(-3.11239492343242,-3.0568161513819,-3.00123737933137,
-2.89007983523032,-2.66776474702823,-2.22313457062404,-0.444613865007271,
1.3339068406095,2.22316719341788,2.66779736982207,2.89011245802417,3.00127000212521,
3.05684877417574,3.11242754622626),.UNSPECIFIED.);
#123=B_SPLINE_SURFACE_WITH_KNOTS('',3,3,((#4642,#4643,#4644,#4645),(#4646,
#4647,#4648,#4649),(#4650,#4651,#4652,#4653),(#4654,#4655,#4656,#4657),
(#4658,#4659,#4660,#4661)),.UNSPECIFIED.,.F.,.F.,.F.,(4,1,4),(4,4),(0.,
0.571428571428571,1.),(0.,1.),.UNSPECIFIED.);
#124=B_SPLINE_SURFACE_WITH_KNOTS('',3,3,((#4666,#4667,#4668,#4669),(#4670,
#4671,#4672,#4673),(#4674,#4675,#4676,#4677),(#4678,#4679,#4680,#4681),
(#4682,#4683,#4684,#4685)),.UNSPECIFIED.,.F.,.F.,.F.,(4,1,4),(4,4),(0.,
0.571428571428571,1.),(0.,1.),.UNSPECIFIED.);
#125=B_SPLINE_SURFACE_WITH_KNOTS('',3,3,((#4751,#4752,#4753,#4754,#4755,
#4756,#4757,#4758,#4759,#4760,#4761,#4762,#4763,#4764,#4765,#4766,#4767),
(#4768,#4769,#4770,#4771,#4772,#4773,#4774,#4775,#4776,#4777,#4778,#4779,
#4780,#4781,#4782,#4783,#4784),(#4785,#4786,#4787,#4788,#4789,#4790,#4791,
#4792,#4793,#4794,#4795,#4796,#4797,#4798,#4799,#4800,#4801),(#4802,#4803,
#4804,#4805,#4806,#4807,#4808,#4809,#4810,#4811,#4812,#4813,#4814,#4815,
#4816,#4817,#4818),(#4819,#4820,#4821,#4822,#4823,#4824,#4825,#4826,#4827,
#4828,#4829,#4830,#4831,#4832,#4833,#4834,#4835)),.UNSPECIFIED.,.F.,.F.,
 .F.,(4,1,4),(4,1,1,1,1,1,1,1,1,1,1,1,1,1,4),(0.,0.5,1.),(0.00366923765856259,
0.0106643374061213,0.0176594371536799,0.0316496366487973,0.059630035639032,
0.115590833619501,0.22751242958044,0.451355621502317,0.563277217463256,
0.675198813424195,0.731159611404664,0.759140010394899,0.773130209890016,
0.780125309637575,0.787120409385134),.UNSPECIFIED.);
#126=B_SPLINE_SURFACE_WITH_KNOTS('',3,3,((#4884,#4885,#4886,#4887,#4888,
#4889,#4890,#4891,#4892,#4893,#4894,#4895,#4896,#4897,#4898,#4899),(#4900,
#4901,#4902,#4903,#4904,#4905,#4906,#4907,#4908,#4909,#4910,#4911,#4912,
#4913,#4914,#4915),(#4916,#4917,#4918,#4919,#4920,#4921,#4922,#4923,#4924,
#4925,#4926,#4927,#4928,#4929,#4930,#4931),(#4932,#4933,#4934,#4935,#4936,
#4937,#4938,#4939,#4940,#4941,#4942,#4943,#4944,#4945,#4946,#4947),(#4948,
#4949,#4950,#4951,#4952,#4953,#4954,#4955,#4956,#4957,#4958,#4959,#4960,
#4961,#4962,#4963)),.UNSPECIFIED.,.F.,.F.,.F.,(4,1,4),(4,1,1,1,1,1,1,1,
1,1,1,1,1,4),(0.,0.5,1.),(-3.11239492343242,-3.0568161513819,-3.00123737933137,
-2.89007983523032,-2.66776474702823,-2.22313457062404,-0.444613865007271,
1.3339068406095,2.22316719341788,2.66779736982207,2.89011245802417,3.00127000212521,
3.05684877417574,3.11242754622626),.UNSPECIFIED.);
#127=B_SPLINE_SURFACE_WITH_KNOTS('',3,3,((#5000,#5001,#5002,#5003),(#5004,
#5005,#5006,#5007),(#5008,#5009,#5010,#5011),(#5012,#5013,#5014,#5015),
(#5016,#5017,#5018,#5019)),.UNSPECIFIED.,.F.,.F.,.F.,(4,1,4),(4,4),(0.,
0.571428571428571,1.),(0.,1.),.UNSPECIFIED.);
#128=B_SPLINE_SURFACE_WITH_KNOTS('',3,3,((#5024,#5025,#5026,#5027),(#5028,
#5029,#5030,#5031),(#5032,#5033,#5034,#5035),(#5036,#5037,#5038,#5039),
(#5040,#5041,#5042,#5043)),.UNSPECIFIED.,.F.,.F.,.F.,(4,1,4),(4,4),(0.,
0.571428571428571,1.),(0.,1.),.UNSPECIFIED.);
#129=B_SPLINE_SURFACE_WITH_KNOTS('',3,3,((#5111,#5112,#5113,#5114,#5115,
#5116,#5117,#5118,#5119,#5120,#5121,#5122,#5123,#5124,#5125,#5126,#5127),
(#5128,#5129,#5130,#5131,#5132,#5133,#5134,#5135,#5136,#5137,#5138,#5139,
#5140,#5141,#5142,#5143,#5144),(#5145,#5146,#5147,#5148,#5149,#5150,#5151,
#5152,#5153,#5154,#5155,#5156,#5157,#5158,#5159,#5160,#5161),(#5162,#5163,
#5164,#5165,#5166,#5167,#5168,#5169,#5170,#5171,#5172,#5173,#5174,#5175,
#5176,#5177,#5178),(#5179,#5180,#5181,#5182,#5183,#5184,#5185,#5186,#5187,
#5188,#5189,#5190,#5191,#5192,#5193,#5194,#5195)),.UNSPECIFIED.,.F.,.F.,
 .F.,(4,1,4),(4,1,1,1,1,1,1,1,1,1,1,1,1,1,4),(0.,0.5,1.),(0.00366923765856259,
0.0106643374061213,0.0176594371536799,0.0316496366487973,0.059630035639032,
0.115590833619501,0.22751242958044,0.451355621502317,0.563277217463256,
0.675198813424195,0.731159611404664,0.759140010394899,0.773130209890016,
0.780125309637575,0.787120409385134),.UNSPECIFIED.);
#130=B_SPLINE_SURFACE_WITH_KNOTS('',3,3,((#5244,#5245,#5246,#5247,#5248,
#5249,#5250,#5251,#5252,#5253,#5254,#5255,#5256,#5257,#5258,#5259),(#5260,
#5261,#5262,#5263,#5264,#5265,#5266,#5267,#5268,#5269,#5270,#5271,#5272,
#5273,#5274,#5275),(#5276,#5277,#5278,#5279,#5280,#5281,#5282,#5283,#5284,
#5285,#5286,#5287,#5288,#5289,#5290,#5291),(#5292,#5293,#5294,#5295,#5296,
#5297,#5298,#5299,#5300,#5301,#5302,#5303,#5304,#5305,#5306,#5307),(#5308,
#5309,#5310,#5311,#5312,#5313,#5314,#5315,#5316,#5317,#5318,#5319,#5320,
#5321,#5322,#5323)),.UNSPECIFIED.,.F.,.F.,.F.,(4,1,4),(4,1,1,1,1,1,1,1,
1,1,1,1,1,4),(0.,0.5,1.),(-3.11239492343242,-3.0568161513819,-3.00123737933137,
-2.89007983523032,-2.66776474702823,-2.22313457062404,-0.444613865007271,
1.3339068406095,2.22316719341788,2.66779736982207,2.89011245802417,3.00127000212521,
3.05684877417574,3.11242754622626),.UNSPECIFIED.);
#131=B_SPLINE_SURFACE_WITH_KNOTS('',3,3,((#5360,#5361,#5362,#5363),(#5364,
#5365,#5366,#5367),(#5368,#5369,#5370,#5371),(#5372,#5373,#5374,#5375),
(#5376,#5377,#5378,#5379)),.UNSPECIFIED.,.F.,.F.,.F.,(4,1,4),(4,4),(0.,
0.571428571428571,1.),(0.,1.),.UNSPECIFIED.);
#132=B_SPLINE_SURFACE_WITH_KNOTS('',3,3,((#5384,#5385,#5386,#5387),(#5388,
#5389,#5390,#5391),(#5392,#5393,#5394,#5395),(#5396,#5397,#5398,#5399),
(#5400,#5401,#5402,#5403)),.UNSPECIFIED.,.F.,.F.,.F.,(4,1,4),(4,4),(0.,
0.571428571428571,1.),(0.,1.),.UNSPECIFIED.);
#133=B_SPLINE_SURFACE_WITH_KNOTS('',3,3,((#5464,#5465,#5466,#5467,#5468,
#5469,#5470,#5471,#5472,#5473,#5474,#5475,#5476,#5477,#5478,#5479,#5480),
(#5481,#5482,#5483,#5484,#5485,#5486,#5487,#5488,#5489,#5490,#5491,#5492,
#5493,#5494,#5495,#5496,#5497),(#5498,#5499,#5500,#5501,#5502,#5503,#5504,
#5505,#5506,#5507,#5508,#5509,#5510,#5511,#5512,#5513,#5514),(#5515,#5516,
#5517,#5518,#5519,#5520,#5521,#5522,#5523,#5524,#5525,#5526,#5527,#5528,
#5529,#5530,#5531),(#5532,#5533,#5534,#5535,#5536,#5537,#5538,#5539,#5540,
#5541,#5542,#5543,#5544,#5545,#5546,#5547,#5548)),.UNSPECIFIED.,.F.,.F.,
 .F.,(4,1,4),(4,1,1,1,1,1,1,1,1,1,1,1,1,1,4),(0.,0.5,1.),(0.00366923765856259,
0.0106643374061213,0.0176594371536799,0.0316496366487973,0.059630035639032,
0.115590833619501,0.22751242958044,0.451355621502317,0.563277217463256,
0.675198813424195,0.731159611404664,0.759140010394899,0.773130209890016,
0.780125309637575,0.787120409385134),.UNSPECIFIED.);
#134=B_SPLINE_SURFACE_WITH_KNOTS('',3,3,((#5597,#5598,#5599,#5600,#5601,
#5602,#5603,#5604,#5605,#5606,#5607,#5608,#5609,#5610,#5611,#5612),(#5613,
#5614,#5615,#5616,#5617,#5618,#5619,#5620,#5621,#5622,#5623,#5624,#5625,
#5626,#5627,#5628),(#5629,#5630,#5631,#5632,#5633,#5634,#5635,#5636,#5637,
#5638,#5639,#5640,#5641,#5642,#5643,#5644),(#5645,#5646,#5647,#5648,#5649,
#5650,#5651,#5652,#5653,#5654,#5655,#5656,#5657,#5658,#5659,#5660),(#5661,
#5662,#5663,#5664,#5665,#5666,#5667,#5668,#5669,#5670,#5671,#5672,#5673,
#5674,#5675,#5676)),.UNSPECIFIED.,.F.,.F.,.F.,(4,1,4),(4,1,1,1,1,1,1,1,
1,1,1,1,1,4),(0.,0.5,1.),(-3.11239492343242,-3.0568161513819,-3.00123737933137,
-2.89007983523032,-2.66776474702823,-2.22313457062404,-0.444613865007271,
1.3339068406095,2.22316719341788,2.66779736982207,2.89011245802417,3.00127000212521,
3.05684877417574,3.11242754622626),.UNSPECIFIED.);
#135=B_SPLINE_SURFACE_WITH_KNOTS('',3,3,((#5713,#5714,#5715,#5716),(#5717,
#5718,#5719,#5720),(#5721,#5722,#5723,#5724),(#5725,#5726,#5727,#5728),
(#5729,#5730,#5731,#5732)),.UNSPECIFIED.,.F.,.F.,.F.,(4,1,4),(4,4),(0.,
0.571428571428571,1.),(0.,1.),.UNSPECIFIED.);
#136=B_SPLINE_SURFACE_WITH_KNOTS('',3,3,((#5737,#5738,#5739,#5740),(#5741,
#5742,#5743,#5744),(#5745,#5746,#5747,#5748),(#5749,#5750,#5751,#5752),
(#5753,#5754,#5755,#5756)),.UNSPECIFIED.,.F.,.F.,.F.,(4,1,4),(4,4),(0.,
0.571428571428571,1.),(0.,1.),.UNSPECIFIED.);
#137=SHAPE_REPRESENTATION_RELATIONSHIP('SRR','None',#5978,#139);
#138=SHAPE_REPRESENTATION_RELATIONSHIP('SRR','None',#5982,#140);
#139=ADVANCED_BREP_SHAPE_REPRESENTATION('',(#145,#146),#5882);
#140=ADVANCED_BREP_SHAPE_REPRESENTATION('',(#147),#5886);
#141=STYLED_ITEM('',(#6091),#145);
#142=STYLED_ITEM('',(#6091),#146);
#143=STYLED_ITEM('',(#6091),#147);
#144=STYLED_ITEM('',(#6093),#19);
#145=MANIFOLD_SOLID_BREP('Body96',#2336);
#146=MANIFOLD_SOLID_BREP('Body97',#2337);
#147=MANIFOLD_SOLID_BREP('Body58',#2338);
#148=(
BOUNDED_SURFACE()
B_SPLINE_SURFACE(1,2,((#4031,#4032,#4033,#4034,#4035,#4036,#4037,#4038,
#4039),(#4040,#4041,#4042,#4043,#4044,#4045,#4046,#4047,#4048)),
 .UNSPECIFIED.,.F.,.T.,.F.)
B_SPLINE_SURFACE_WITH_KNOTS((2,2),(3,2,2,2,3),(0.,3.1818181818182),(-3.14159265358979,
-1.5707963267949,0.,1.5707963267949,3.14159265358979),.UNSPECIFIED.)
GEOMETRIC_REPRESENTATION_ITEM()
RATIONAL_B_SPLINE_SURFACE(((1.,0.707106781186548,1.,0.707106781186548,1.,
0.707106781186548,1.,0.707106781186548,1.),(1.,0.707106781186548,1.,0.707106781186548,
1.,0.707106781186548,1.,0.707106781186548,1.)))
REPRESENTATION_ITEM('')
SURFACE()
);
#149=(
BOUNDED_SURFACE()
B_SPLINE_SURFACE(1,2,((#4067,#4068,#4069,#4070,#4071,#4072,#4073,#4074,
#4075),(#4076,#4077,#4078,#4079,#4080,#4081,#4082,#4083,#4084)),
 .UNSPECIFIED.,.F.,.T.,.F.)
B_SPLINE_SURFACE_WITH_KNOTS((2,2),(3,2,2,2,3),(0.454545454545457,2.72727272727274),
(-3.14159265358979,-1.5707963267949,0.,1.5707963267949,3.14159265358979),
 .UNSPECIFIED.)
GEOMETRIC_REPRESENTATION_ITEM()
RATIONAL_B_SPLINE_SURFACE(((1.,0.707106781186548,1.,0.707106781186548,1.,
0.707106781186548,1.,0.707106781186548,1.),(1.,0.707106781186548,1.,0.707106781186548,
1.,0.707106781186548,1.,0.707106781186548,1.)))
REPRESENTATION_ITEM('')
SURFACE()
);
#150=(
BOUNDED_SURFACE()
B_SPLINE_SURFACE(1,2,((#4696,#4697,#4698,#4699,#4700,#4701,#4702,#4703,
#4704),(#4705,#4706,#4707,#4708,#4709,#4710,#4711,#4712,#4713)),
 .UNSPECIFIED.,.F.,.T.,.F.)
B_SPLINE_SURFACE_WITH_KNOTS((2,2),(3,2,2,2,3),(1.62790697674419,1.97674418604651),
(-3.14159265358979,-1.5707963267949,0.,1.5707963267949,3.14159265358979),
 .UNSPECIFIED.)
GEOMETRIC_REPRESENTATION_ITEM()
RATIONAL_B_SPLINE_SURFACE(((1.,0.707106781186548,1.,0.707106781186548,1.,
0.707106781186548,1.,0.707106781186548,1.),(1.,0.707106781186548,1.,0.707106781186548,
1.,0.707106781186548,1.,0.707106781186548,1.)))
REPRESENTATION_ITEM('')
SURFACE()
);
#151=(
BOUNDED_SURFACE()
B_SPLINE_SURFACE(1,2,((#5054,#5055,#5056,#5057,#5058,#5059,#5060,#5061,
#5062),(#5063,#5064,#5065,#5066,#5067,#5068,#5069,#5070,#5071)),
 .UNSPECIFIED.,.F.,.T.,.F.)
B_SPLINE_SURFACE_WITH_KNOTS((2,2),(3,2,2,2,3),(1.62790697674419,1.97674418604651),
(-3.14159265358979,-1.5707963267949,0.,1.5707963267949,3.14159265358979),
 .UNSPECIFIED.)
GEOMETRIC_REPRESENTATION_ITEM()
RATIONAL_B_SPLINE_SURFACE(((1.,0.707106781186548,1.,0.707106781186548,1.,
0.707106781186548,1.,0.707106781186548,1.),(1.,0.707106781186548,1.,0.707106781186548,
1.,0.707106781186548,1.,0.707106781186548,1.)))
REPRESENTATION_ITEM('')
SURFACE()
);
#152=(
BOUNDED_SURFACE()
B_SPLINE_SURFACE(1,2,((#5414,#5415,#5416,#5417,#5418,#5419,#5420,#5421,
#5422),(#5423,#5424,#5425,#5426,#5427,#5428,#5429,#5430,#5431)),
 .UNSPECIFIED.,.F.,.T.,.F.)
B_SPLINE_SURFACE_WITH_KNOTS((2,2),(3,2,2,2,3),(1.62790697674419,1.97674418604651),
(-3.14159265358979,-1.5707963267949,0.,1.5707963267949,3.14159265358979),
 .UNSPECIFIED.)
GEOMETRIC_REPRESENTATION_ITEM()
RATIONAL_B_SPLINE_SURFACE(((1.,0.707106781186548,1.,0.707106781186548,1.,
0.707106781186548,1.,0.707106781186548,1.),(1.,0.707106781186548,1.,0.707106781186548,
1.,0.707106781186548,1.,0.707106781186548,1.)))
REPRESENTATION_ITEM('')
SURFACE()
);
#153=(
BOUNDED_SURFACE()
B_SPLINE_SURFACE(1,2,((#5767,#5768,#5769,#5770,#5771,#5772,#5773,#5774,
#5775),(#5776,#5777,#5778,#5779,#5780,#5781,#5782,#5783,#5784)),
 .UNSPECIFIED.,.F.,.T.,.F.)
B_SPLINE_SURFACE_WITH_KNOTS((2,2),(3,2,2,2,3),(1.62790697674419,1.97674418604651),
(-3.14159265358979,-1.5707963267949,0.,1.5707963267949,3.14159265358979),
 .UNSPECIFIED.)
GEOMETRIC_REPRESENTATION_ITEM()
RATIONAL_B_SPLINE_SURFACE(((1.,0.707106781186548,1.,0.707106781186548,1.,
0.707106781186548,1.,0.707106781186548,1.),(1.,0.707106781186548,1.,0.707106781186548,
1.,0.707106781186548,1.,0.707106781186548,1.)))
REPRESENTATION_ITEM('')
SURFACE()
);
#154=ELLIPSE('',#2602,4.39999999999998,1.40000000000001);
#155=ELLIPSE('',#2622,4.39999999999998,1.40000000000001);
#156=ELLIPSE('',#2637,4.39999999999998,1.40000000000001);
#157=ELLIPSE('',#2639,4.39999999999998,1.40000000000001);
#158=ELLIPSE('',#2702,4.3,1.3);
#159=ELLIPSE('',#2703,4.3,1.3);
#160=ELLIPSE('',#2766,4.3,1.3);
#161=ELLIPSE('',#2790,4.3,1.3);
#162=FACE_BOUND('',#712,.T.);
#163=FACE_BOUND('',#713,.T.);
#164=FACE_BOUND('',#714,.T.);
#165=FACE_BOUND('',#715,.T.);
#166=FACE_BOUND('',#726,.T.);
#167=FACE_BOUND('',#727,.T.);
#168=FACE_BOUND('',#728,.T.);
#169=FACE_BOUND('',#729,.T.);
#170=FACE_BOUND('',#730,.T.);
#171=FACE_BOUND('',#731,.T.);
#172=FACE_BOUND('',#732,.T.);
#173=FACE_BOUND('',#733,.T.);
#174=FACE_BOUND('',#770,.T.);
#175=FACE_BOUND('',#771,.T.);
#176=FACE_BOUND('',#772,.T.);
#177=FACE_BOUND('',#773,.T.);
#178=FACE_BOUND('',#774,.T.);
#179=FACE_BOUND('',#775,.T.);
#180=FACE_BOUND('',#791,.T.);
#181=FACE_BOUND('',#792,.T.);
#182=FACE_BOUND('',#793,.T.);
#183=FACE_BOUND('',#794,.T.);
#184=FACE_BOUND('',#795,.T.);
#185=FACE_BOUND('',#796,.T.);
#186=FACE_BOUND('',#797,.T.);
#187=FACE_BOUND('',#798,.T.);
#188=FACE_BOUND('',#820,.T.);
#189=FACE_BOUND('',#822,.T.);
#190=FACE_BOUND('',#836,.T.);
#191=FACE_BOUND('',#838,.T.);
#192=FACE_BOUND('',#841,.T.);
#193=FACE_BOUND('',#842,.T.);
#194=FACE_BOUND('',#843,.T.);
#195=FACE_BOUND('',#844,.T.);
#196=FACE_BOUND('',#845,.T.);
#197=FACE_BOUND('',#846,.T.);
#198=FACE_BOUND('',#849,.T.);
#199=FACE_BOUND('',#850,.T.);
#200=FACE_BOUND('',#851,.T.);
#201=FACE_BOUND('',#852,.T.);
#202=FACE_BOUND('',#864,.T.);
#203=FACE_BOUND('',#866,.T.);
#204=FACE_BOUND('',#881,.T.);
#205=FACE_BOUND('',#883,.T.);
#206=LINE('',#3749,#308);
#207=LINE('',#3765,#309);
#208=LINE('',#3787,#310);
#209=LINE('',#3789,#311);
#210=LINE('',#3805,#312);
#211=LINE('',#3806,#313);
#212=LINE('',#3825,#314);
#213=LINE('',#3826,#315);
#214=LINE('',#3829,#316);
#215=LINE('',#3831,#317);
#216=LINE('',#3832,#318);
#217=LINE('',#3835,#319);
#218=LINE('',#3839,#320);
#219=LINE('',#3840,#321);
#220=LINE('',#3843,#322);
#221=LINE('',#3844,#323);
#222=LINE('',#3888,#324);
#223=LINE('',#3904,#325);
#224=LINE('',#3972,#326);
#225=LINE('',#3988,#327);
#226=LINE('',#4005,#328);
#227=LINE('',#4007,#329);
#228=LINE('',#4008,#330);
#229=LINE('',#4028,#331);
#230=LINE('',#4030,#332);
#231=LINE('',#4049,#333);
#232=LINE('',#4051,#334);
#233=LINE('',#4053,#335);
#234=LINE('',#4055,#336);
#235=LINE('',#4057,#337);
#236=LINE('',#4059,#338);
#237=LINE('',#4085,#339);
#238=LINE('',#4115,#340);
#239=LINE('',#4132,#341);
#240=LINE('',#4157,#342);
#241=LINE('',#4158,#343);
#242=LINE('',#4169,#344);
#243=LINE('',#4170,#345);
#244=LINE('',#4173,#346);
#245=LINE('',#4176,#347);
#246=LINE('',#4187,#348);
#247=LINE('',#4188,#349);
#248=LINE('',#4209,#350);
#249=LINE('',#4210,#351);
#250=LINE('',#4215,#352);
#251=LINE('',#4216,#353);
#252=LINE('',#4227,#354);
#253=LINE('',#4228,#355);
#254=LINE('',#4231,#356);
#255=LINE('',#4234,#357);
#256=LINE('',#4245,#358);
#257=LINE('',#4246,#359);
#258=LINE('',#4252,#360);
#259=LINE('',#4255,#361);
#260=LINE('',#4258,#362);
#261=LINE('',#4259,#363);
#262=LINE('',#4262,#364);
#263=LINE('',#4263,#365);
#264=LINE('',#4266,#366);
#265=LINE('',#4270,#367);
#266=LINE('',#4271,#368);
#267=LINE('',#4273,#369);
#268=LINE('',#4287,#370);
#269=LINE('',#4297,#371);
#270=LINE('',#4300,#372);
#271=LINE('',#4310,#373);
#272=LINE('',#4311,#374);
#273=LINE('',#4322,#375);
#274=LINE('',#4323,#376);
#275=LINE('',#4326,#377);
#276=LINE('',#4329,#378);
#277=LINE('',#4336,#379);
#278=LINE('',#4338,#380);
#279=LINE('',#4339,#381);
#280=LINE('',#4341,#382);
#281=LINE('',#4361,#383);
#282=LINE('',#4362,#384);
#283=LINE('',#4364,#385);
#284=LINE('',#4369,#386);
#285=LINE('',#4376,#387);
#286=LINE('',#4383,#388);
#287=LINE('',#4390,#389);
#288=LINE('',#4715,#390);
#289=LINE('',#4725,#391);
#290=LINE('',#4735,#392);
#291=LINE('',#4746,#393);
#292=LINE('',#4750,#394);
#293=LINE('',#5073,#395);
#294=LINE('',#5083,#396);
#295=LINE('',#5093,#397);
#296=LINE('',#5104,#398);
#297=LINE('',#5109,#399);
#298=LINE('',#5432,#400);
#299=LINE('',#5441,#401);
#300=LINE('',#5451,#402);
#301=LINE('',#5461,#403);
#302=LINE('',#5463,#404);
#303=LINE('',#5785,#405);
#304=LINE('',#5794,#406);
#305=LINE('',#5804,#407);
#306=LINE('',#5813,#408);
#307=LINE('',#5815,#409);
#308=VECTOR('',#2927,10.);
#309=VECTOR('',#2928,10.);
#310=VECTOR('',#2937,10.);
#311=VECTOR('',#2938,10.);
#312=VECTOR('',#2941,10.);
#313=VECTOR('',#2942,10.);
#314=VECTOR('',#2951,10.);
#315=VECTOR('',#2952,10.);
#316=VECTOR('',#2955,10.);
#317=VECTOR('',#2956,10.);
#318=VECTOR('',#2957,10.);
#319=VECTOR('',#2960,10.);
#320=VECTOR('',#2965,10.);
#321=VECTOR('',#2966,10.);
#322=VECTOR('',#2969,10.);
#323=VECTOR('',#2970,10.);
#324=VECTOR('',#2989,10.);
#325=VECTOR('',#2990,10.);
#326=VECTOR('',#2999,10.);
#327=VECTOR('',#3002,10.);
#328=VECTOR('',#3009,10.);
#329=VECTOR('',#3012,10.);
#330=VECTOR('',#3013,10.);
#331=VECTOR('',#3036,2.15);
#332=VECTOR('',#3039,3.17712758430561);
#333=VECTOR('',#3040,4.39999999999998);
#334=VECTOR('',#3043,1.54999999999998);
#335=VECTOR('',#3046,2.15);
#336=VECTOR('',#3049,2.15);
#337=VECTOR('',#3052,2.15);
#338=VECTOR('',#3055,1.54999999999998);
#339=VECTOR('',#3066,4.39999999999998);
#340=VECTOR('',#3085,10.);
#341=VECTOR('',#3086,10.);
#342=VECTOR('',#3099,10.);
#343=VECTOR('',#3100,10.);
#344=VECTOR('',#3113,10.);
#345=VECTOR('',#3114,10.);
#346=VECTOR('',#3117,10.);
#347=VECTOR('',#3120,10.);
#348=VECTOR('',#3133,10.);
#349=VECTOR('',#3134,10.);
#350=VECTOR('',#3143,10.);
#351=VECTOR('',#3144,10.);
#352=VECTOR('',#3149,10.);
#353=VECTOR('',#3150,10.);
#354=VECTOR('',#3163,10.);
#355=VECTOR('',#3164,10.);
#356=VECTOR('',#3167,10.);
#357=VECTOR('',#3170,10.);
#358=VECTOR('',#3183,10.);
#359=VECTOR('',#3184,10.);
#360=VECTOR('',#3193,10.);
#361=VECTOR('',#3196,10.);
#362=VECTOR('',#3199,10.);
#363=VECTOR('',#3200,10.);
#364=VECTOR('',#3203,10.);
#365=VECTOR('',#3204,10.);
#366=VECTOR('',#3207,10.);
#367=VECTOR('',#3212,10.);
#368=VECTOR('',#3213,10.);
#369=VECTOR('',#3216,5.);
#370=VECTOR('',#3231,10.);
#371=VECTOR('',#3244,10.);
#372=VECTOR('',#3247,10.);
#373=VECTOR('',#3260,10.);
#374=VECTOR('',#3261,10.);
#375=VECTOR('',#3274,10.);
#376=VECTOR('',#3275,10.);
#377=VECTOR('',#3278,10.);
#378=VECTOR('',#3281,10.);
#379=VECTOR('',#3292,10.);
#380=VECTOR('',#3295,10.);
#381=VECTOR('',#3296,10.);
#382=VECTOR('',#3299,10.);
#383=VECTOR('',#3322,10.);
#384=VECTOR('',#3323,5.);
#385=VECTOR('',#3326,10.);
#386=VECTOR('',#3331,2.15);
#387=VECTOR('',#3340,2.15);
#388=VECTOR('',#3349,2.15);
#389=VECTOR('',#3358,2.15);
#390=VECTOR('',#3369,4.3);
#391=VECTOR('',#3382,2.9);
#392=VECTOR('',#3395,2.9);
#393=VECTOR('',#3410,1.55);
#394=VECTOR('',#3415,1.55);
#395=VECTOR('',#3422,4.3);
#396=VECTOR('',#3435,2.9);
#397=VECTOR('',#3448,2.9);
#398=VECTOR('',#3463,1.55);
#399=VECTOR('',#3470,1.55);
#400=VECTOR('',#3479,4.3);
#401=VECTOR('',#3490,2.9);
#402=VECTOR('',#3503,2.9);
#403=VECTOR('',#3518,1.55);
#404=VECTOR('',#3521,1.55);
#405=VECTOR('',#3528,4.3);
#406=VECTOR('',#3539,2.9);
#407=VECTOR('',#3552,2.9);
#408=VECTOR('',#3565,1.55);
#409=VECTOR('',#3568,1.55);
#410=CYLINDRICAL_SURFACE('',#2585,2.5);
#411=CYLINDRICAL_SURFACE('',#2589,2.5);
#412=CYLINDRICAL_SURFACE('',#2590,2.5);
#413=CYLINDRICAL_SURFACE('',#2594,2.5);
#414=CYLINDRICAL_SURFACE('',#2596,12.7);
#415=CYLINDRICAL_SURFACE('',#2608,2.5);
#416=CYLINDRICAL_SURFACE('',#2612,2.5);
#417=CYLINDRICAL_SURFACE('',#2613,2.5);
#418=CYLINDRICAL_SURFACE('',#2616,2.5);
#419=CYLINDRICAL_SURFACE('',#2618,23.28375);
#420=CYLINDRICAL_SURFACE('',#2628,2.15);
#421=CYLINDRICAL_SURFACE('',#2629,3.17712758430561);
#422=CYLINDRICAL_SURFACE('',#2630,1.54999999999998);
#423=CYLINDRICAL_SURFACE('',#2631,2.15);
#424=CYLINDRICAL_SURFACE('',#2632,2.15);
#425=CYLINDRICAL_SURFACE('',#2633,2.15);
#426=CYLINDRICAL_SURFACE('',#2634,1.54999999999998);
#427=CYLINDRICAL_SURFACE('',#2635,12.7);
#428=CYLINDRICAL_SURFACE('',#2648,1.);
#429=CYLINDRICAL_SURFACE('',#2653,1.);
#430=CYLINDRICAL_SURFACE('',#2659,1.);
#431=CYLINDRICAL_SURFACE('',#2661,1.);
#432=CYLINDRICAL_SURFACE('',#2667,1.);
#433=CYLINDRICAL_SURFACE('',#2672,1.);
#434=CYLINDRICAL_SURFACE('',#2673,1.);
#435=CYLINDRICAL_SURFACE('',#2679,1.);
#436=CYLINDRICAL_SURFACE('',#2681,1.);
#437=CYLINDRICAL_SURFACE('',#2687,1.);
#438=CYLINDRICAL_SURFACE('',#2692,12.7);
#439=CYLINDRICAL_SURFACE('',#2696,12.7);
#440=CYLINDRICAL_SURFACE('',#2706,5.);
#441=CYLINDRICAL_SURFACE('',#2711,2.);
#442=CYLINDRICAL_SURFACE('',#2713,2.);
#443=CYLINDRICAL_SURFACE('',#2718,2.);
#444=CYLINDRICAL_SURFACE('',#2724,2.);
#445=CYLINDRICAL_SURFACE('',#2726,2.);
#446=CYLINDRICAL_SURFACE('',#2732,2.);
#447=CYLINDRICAL_SURFACE('',#2735,12.7);
#448=CYLINDRICAL_SURFACE('',#2745,5.);
#449=CYLINDRICAL_SURFACE('',#2747,2.15);
#450=CYLINDRICAL_SURFACE('',#2751,2.15);
#451=CYLINDRICAL_SURFACE('',#2755,2.15);
#452=CYLINDRICAL_SURFACE('',#2759,2.15);
#453=CYLINDRICAL_SURFACE('',#2771,2.9);
#454=CYLINDRICAL_SURFACE('',#2777,2.9);
#455=CYLINDRICAL_SURFACE('',#2783,1.55);
#456=CYLINDRICAL_SURFACE('',#2785,1.55);
#457=CYLINDRICAL_SURFACE('',#2795,2.9);
#458=CYLINDRICAL_SURFACE('',#2801,2.9);
#459=CYLINDRICAL_SURFACE('',#2807,1.55);
#460=CYLINDRICAL_SURFACE('',#2811,1.55);
#461=CYLINDRICAL_SURFACE('',#2820,2.9);
#462=CYLINDRICAL_SURFACE('',#2826,2.9);
#463=CYLINDRICAL_SURFACE('',#2832,12.7);
#464=CYLINDRICAL_SURFACE('',#2833,1.55);
#465=CYLINDRICAL_SURFACE('',#2834,1.55);
#466=CYLINDRICAL_SURFACE('',#2842,2.9);
#467=CYLINDRICAL_SURFACE('',#2848,2.9);
#468=CYLINDRICAL_SURFACE('',#2854,1.55);
#469=CYLINDRICAL_SURFACE('',#2855,1.55);
#470=B_SPLINE_CURVE_WITH_KNOTS('',3,(#3671,#3672,#3673,#3674,#3675,#3676,
#3677,#3678,#3679,#3680,#3681,#3682,#3683,#3684),.UNSPECIFIED.,.F.,.F.,
(4,2,2,2,2,2,4),(-0.788293526676319,-0.787340553112191,-0.73685988999437,
-0.686404705528234,-0.588494206164962,-0.490986602609626,-0.39367027655543),
 .UNSPECIFIED.);
#471=B_SPLINE_CURVE_WITH_KNOTS('',3,(#3687,#3688,#3689,#3690,#3691,#3692,
#3693,#3694,#3695,#3696,#3697,#3698),.UNSPECIFIED.,.F.,.F.,(4,2,2,2,2,4),
(0.,0.0975276468112029,0.195126091543362,0.292873278710383,0.393125521087275,
0.394259412541563),.UNSPECIFIED.);
#472=B_SPLINE_CURVE_WITH_KNOTS('',3,(#3702,#3703,#3704,#3705,#3706,#3707,
#3708,#3709,#3710,#3711,#3712,#3713,#3714,#3715,#3716,#3717,#3718,#3719,
#3720,#3721,#3722,#3723,#3724,#3725,#3726,#3727,#3728,#3729,#3730,#3731,
#3732,#3733,#3734,#3735,#3736,#3737,#3738,#3739,#3740,#3741,#3742,#3743,
#3744,#3745,#3746,#3747),.UNSPECIFIED.,.F.,.F.,(4,3,3,3,3,3,3,3,3,3,3,3,
3,3,3,4),(0.,0.105785628918671,0.211567939412396,0.3173471630418,0.423123531296327,
0.528897275599549,0.634668627314368,0.740437817748477,0.846226449528937,
0.952008282196522,1.05778424199758,1.16355525463047,1.26934280710683,1.3751179652297,
1.48090342062928,1.57079850559134),.UNSPECIFIED.);
#473=B_SPLINE_CURVE_WITH_KNOTS('',3,(#3751,#3752,#3753,#3754,#3755,#3756,
#3757,#3758,#3759,#3760,#3761,#3762,#3763,#3764),.UNSPECIFIED.,.F.,.F.,
(4,2,2,2,2,2,4),(-0.000829014665021747,0.,0.0728758764173234,0.144323035761428,
0.24890385414298,0.340448499905448,0.426409438425188),.UNSPECIFIED.);
#474=B_SPLINE_CURVE_WITH_KNOTS('',3,(#3771,#3772,#3773,#3774,#3775,#3776,
#3777,#3778,#3779,#3780,#3781,#3782,#3783,#3784),.UNSPECIFIED.,.F.,.F.,
(4,2,2,2,2,2,4),(-0.849260698007095,-0.848439367508976,-0.777120082122382,
-0.707093657183079,-0.602805896328847,-0.510851860339221,-0.424219683754546),
 .UNSPECIFIED.);
#475=B_SPLINE_CURVE_WITH_KNOTS('',3,(#3790,#3791,#3792,#3793,#3794,#3795,
#3796,#3797,#3798,#3799,#3800,#3801,#3802,#3803),.UNSPECIFIED.,.F.,.F.,
(4,2,2,2,2,2,4),(-0.000952973564101972,0.,0.050480663113204,0.100935847575384,
0.198846346930956,0.296353950478642,0.393670276525239),.UNSPECIFIED.);
#476=B_SPLINE_CURVE_WITH_KNOTS('',3,(#3812,#3813,#3814,#3815,#3816,#3817,
#3818,#3819,#3820,#3821,#3822,#3823),.UNSPECIFIED.,.F.,.F.,(4,2,2,2,2,4),
(-0.00113397734575524,0.,0.100259836412641,0.198014427859267,0.295620265603898,
0.393155300064682),.UNSPECIFIED.);
#477=B_SPLINE_CURVE_WITH_KNOTS('',3,(#3859,#3860,#3861,#3862,#3863,#3864,
#3865,#3866,#3867,#3868,#3869,#3870,#3871,#3872),.UNSPECIFIED.,.F.,.F.,
(4,2,2,2,2,2,4),(-0.788293526098323,-0.787340552535567,-0.736859889452746,
-0.686404705024061,-0.588494205733552,-0.490986602250669,-0.393670276268764),
 .UNSPECIFIED.);
#478=B_SPLINE_CURVE_WITH_KNOTS('',3,(#3874,#3875,#3876,#3877,#3878,#3879,
#3880,#3881,#3882,#3883,#3884,#3885),.UNSPECIFIED.,.F.,.F.,(4,2,2,2,2,4),
(-0.394259412540155,-0.393125521085711,-0.292873278710382,-0.195126091543362,
-0.0975276468112029,0.),.UNSPECIFIED.);
#479=B_SPLINE_CURVE_WITH_KNOTS('',3,(#3890,#3891,#3892,#3893,#3894,#3895,
#3896,#3897,#3898,#3899,#3900,#3901,#3902,#3903),.UNSPECIFIED.,.F.,.F.,
(4,2,2,2,2,2,4),(-0.000821330499016424,0.,0.0713192854212038,0.141345710400729,
0.245633471314799,0.337587507357185,0.424219683991563),.UNSPECIFIED.);
#480=B_SPLINE_CURVE_WITH_KNOTS('',3,(#3908,#3909,#3910,#3911,#3912,#3913,
#3914,#3915,#3916,#3917,#3918,#3919,#3920,#3921),.UNSPECIFIED.,.F.,.F.,
(4,2,2,2,2,2,4),(-0.853647891938045,-0.852818877272288,-0.779943000824012,
-0.708495841443504,-0.603915023008727,-0.512370377199685,-0.426409438636214),
 .UNSPECIFIED.);
#481=B_SPLINE_CURVE_WITH_KNOTS('',3,(#3925,#3926,#3927,#3928,#3929,#3930,
#3931,#3932,#3933,#3934,#3935,#3936,#3937,#3938,#3939,#3940,#3941,#3942,
#3943,#3944,#3945,#3946,#3947,#3948,#3949,#3950,#3951,#3952,#3953,#3954,
#3955,#3956,#3957,#3958,#3959,#3960,#3961,#3962,#3963,#3964,#3965,#3966,
#3967,#3968,#3969,#3970),.UNSPECIFIED.,.F.,.F.,(4,3,3,3,3,3,3,3,3,3,3,3,
3,3,3,4),(0.,0.105785628918668,0.21156793941239,0.317347163041788,0.423123531296302,
0.52889727559952,0.634668627314354,0.740437817748494,0.846226449528951,
0.952008282196539,1.05778424199763,1.16355525463051,1.26934280710687,1.37511796522974,
1.48090342062933,1.57079850559134),.UNSPECIFIED.);
#482=B_SPLINE_CURVE_WITH_KNOTS('',3,(#3973,#3974,#3975,#3976,#3977,#3978,
#3979,#3980,#3981,#3982,#3983,#3984,#3985,#3986),.UNSPECIFIED.,.F.,.F.,
(4,2,2,2,2,2,4),(-0.000952973562936655,0.,0.050480663087583,0.100935847519243,
0.198846346815595,0.296353950304304,0.393670276292016),.UNSPECIFIED.);
#483=B_SPLINE_CURVE_WITH_KNOTS('',3,(#3992,#3993,#3994,#3995,#3996,#3997,
#3998,#3999,#4000,#4001,#4002,#4003),.UNSPECIFIED.,.F.,.F.,(4,2,2,2,2,4),
(-0.00113397734601167,0.,0.100259836420405,0.198014427876062,0.295620265629712,
0.393155300099507),.UNSPECIFIED.);
#484=B_SPLINE_CURVE_WITH_KNOTS('',3,(#4098,#4099,#4100,#4101,#4102,#4103,
#4104,#4105,#4106,#4107,#4108,#4109,#4110,#4111),.UNSPECIFIED.,.F.,.F.,
(4,2,2,2,2,2,4),(-0.171926781207828,-0.13764914837157,-0.101169369586958,
-0.0594185976075846,-0.0300865986563691,0.,0.000534335280209665),
 .UNSPECIFIED.);
#485=B_SPLINE_CURVE_WITH_KNOTS('',3,(#4117,#4118,#4119,#4120,#4121,#4122,
#4123,#4124,#4125,#4126,#4127,#4128,#4129,#4130),.UNSPECIFIED.,.F.,.F.,
(4,2,2,2,2,2,4),(-0.000534335280189402,0.,0.03008659865589,0.0594185976065484,
0.101169369585127,0.137649148369044,0.171926781204649),.UNSPECIFIED.);
#486=B_SPLINE_CURVE_WITH_KNOTS('',3,(#4133,#4134,#4135,#4136,#4137,#4138,
#4139,#4140,#4141,#4142,#4143,#4144,#4145,#4146),.UNSPECIFIED.,.F.,.F.,
(4,2,2,2,2,2,4),(-0.344387897697396,-0.343853562417184,-0.313766963760685,
-0.284434964809337,-0.242684192829776,-0.206204414044999,-0.171926781208584),
 .UNSPECIFIED.);
#487=B_SPLINE_CURVE_WITH_KNOTS('',3,(#4194,#4195,#4196,#4197,#4198,#4199,
#4200,#4201,#4202,#4203,#4204,#4205,#4206,#4207),.UNSPECIFIED.,.F.,.F.,
(4,2,2,2,2,2,4),(-0.344387897686532,-0.343853562406352,-0.313766963750689,
-0.284434964800287,-0.242684192822076,-0.20620441403848,-0.171926781203176),
 .UNSPECIFIED.);
#488=B_SPLINE_CURVE_WITH_KNOTS('',3,(#4480,#4481,#4482,#4483,#4484),
 .UNSPECIFIED.,.F.,.F.,(4,1,4),(-1.,-0.5,0.),.UNSPECIFIED.);
#489=B_SPLINE_CURVE_WITH_KNOTS('',3,(#4486,#4487,#4488,#4489,#4490,#4491,
#4492,#4493,#4494,#4495,#4496,#4497,#4498,#4499,#4500,#4501,#4502),
 .UNSPECIFIED.,.F.,.F.,(4,1,1,1,1,1,1,1,1,1,1,1,1,1,4),(0.00366923765856259,
0.0106643374061213,0.0176594371536799,0.0316496366487973,0.059630035639032,
0.115590833619501,0.22751242958044,0.451355621502317,0.563277217463256,
0.675198813424195,0.731159611404664,0.759140010394899,0.773130209890016,
0.780125309637575,0.787120409385134),.UNSPECIFIED.);
#490=B_SPLINE_CURVE_WITH_KNOTS('',3,(#4504,#4505,#4506,#4507,#4508),
 .UNSPECIFIED.,.F.,.F.,(4,1,4),(0.,0.5,1.),.UNSPECIFIED.);
#491=B_SPLINE_CURVE_WITH_KNOTS('',3,(#4509,#4510,#4511,#4512,#4513,#4514,
#4515,#4516,#4517,#4518,#4519,#4520,#4521,#4522,#4523,#4524,#4525),
 .UNSPECIFIED.,.F.,.F.,(4,1,1,1,1,1,1,1,1,1,1,1,1,1,4),(-0.787120409385134,
-0.780125309637575,-0.773130209890016,-0.759140010394899,-0.731159611404664,
-0.675198813424195,-0.563277217463256,-0.451355621502317,-0.22751242958044,
-0.115590833619501,-0.059630035639032,-0.0316496366487973,-0.0176594371536799,
-0.0106643374061213,-0.00366923765856259),.UNSPECIFIED.);
#492=B_SPLINE_CURVE_WITH_KNOTS('',3,(#4609,#4610,#4611,#4612,#4613,#4614,
#4615,#4616,#4617,#4618,#4619,#4620,#4621,#4622,#4623,#4624),
 .UNSPECIFIED.,.F.,.F.,(4,1,1,1,1,1,1,1,1,1,1,1,1,4),(-3.11239492343242,
-3.0568161513819,-3.00123737933137,-2.89007983523032,-2.66776474702823,
-2.22313457062404,-0.444613865007271,1.3339068406095,2.22316719341788,2.66779736982207,
2.89011245802417,3.00127000212521,3.05684877417574,3.11242754622626),
 .UNSPECIFIED.);
#493=B_SPLINE_CURVE_WITH_KNOTS('',3,(#4626,#4627,#4628,#4629,#4630,#4631,
#4632,#4633,#4634,#4635,#4636,#4637,#4638,#4639,#4640,#4641),
 .UNSPECIFIED.,.F.,.F.,(4,1,1,1,1,1,1,1,1,1,1,1,1,4),(-3.11242754622626,
-3.05684877417574,-3.00127000212521,-2.89011245802417,-2.66779736982207,
-2.22316719341788,-1.3339068406095,0.444613865007271,2.22313457062404,2.66776474702823,
2.89007983523032,3.00123737933137,3.0568161513819,3.11239492343242),
 .UNSPECIFIED.);
#494=B_SPLINE_CURVE_WITH_KNOTS('',3,(#4662,#4663,#4664,#4665),
 .UNSPECIFIED.,.F.,.F.,(4,4),(0.,1.),.UNSPECIFIED.);
#495=B_SPLINE_CURVE_WITH_KNOTS('',3,(#4687,#4688,#4689,#4690),
 .UNSPECIFIED.,.F.,.F.,(4,4),(0.,0.500000000000008),.UNSPECIFIED.);
#496=B_SPLINE_CURVE_WITH_KNOTS('',3,(#4691,#4692,#4693,#4694),
 .UNSPECIFIED.,.F.,.F.,(4,4),(0.500000000000008,1.),.UNSPECIFIED.);
#497=B_SPLINE_CURVE_WITH_KNOTS('',3,(#4838,#4839,#4840,#4841,#4842),
 .UNSPECIFIED.,.F.,.F.,(4,1,4),(-1.,-0.5,0.),.UNSPECIFIED.);
#498=B_SPLINE_CURVE_WITH_KNOTS('',3,(#4844,#4845,#4846,#4847,#4848,#4849,
#4850,#4851,#4852,#4853,#4854,#4855,#4856,#4857,#4858,#4859,#4860),
 .UNSPECIFIED.,.F.,.F.,(4,1,1,1,1,1,1,1,1,1,1,1,1,1,4),(-0.787120409385134,
-0.780125309637575,-0.773130209890016,-0.759140010394899,-0.731159611404664,
-0.675198813424195,-0.563277217463256,-0.451355621502317,-0.22751242958044,
-0.115590833619501,-0.059630035639032,-0.0316496366487973,-0.0176594371536799,
-0.0106643374061213,-0.00366923765856259),.UNSPECIFIED.);
#499=B_SPLINE_CURVE_WITH_KNOTS('',3,(#4862,#4863,#4864,#4865,#4866),
 .UNSPECIFIED.,.F.,.F.,(4,1,4),(0.,0.5,1.),.UNSPECIFIED.);
#500=B_SPLINE_CURVE_WITH_KNOTS('',3,(#4867,#4868,#4869,#4870,#4871,#4872,
#4873,#4874,#4875,#4876,#4877,#4878,#4879,#4880,#4881,#4882,#4883),
 .UNSPECIFIED.,.F.,.F.,(4,1,1,1,1,1,1,1,1,1,1,1,1,1,4),(0.00366923765856259,
0.0106643374061213,0.0176594371536799,0.0316496366487973,0.059630035639032,
0.115590833619501,0.22751242958044,0.451355621502317,0.563277217463256,
0.675198813424195,0.731159611404664,0.759140010394899,0.773130209890016,
0.780125309637575,0.787120409385134),.UNSPECIFIED.);
#501=B_SPLINE_CURVE_WITH_KNOTS('',3,(#4966,#4967,#4968,#4969,#4970,#4971,
#4972,#4973,#4974,#4975,#4976,#4977,#4978,#4979,#4980,#4981),
 .UNSPECIFIED.,.F.,.F.,(4,1,1,1,1,1,1,1,1,1,1,1,1,4),(-3.11242754622626,
-3.05684877417574,-3.00127000212521,-2.89011245802417,-2.66779736982207,
-2.22316719341788,-1.3339068406095,0.444613865007271,2.22313457062404,2.66776474702823,
2.89007983523032,3.00123737933137,3.0568161513819,3.11239492343242),
 .UNSPECIFIED.);
#502=B_SPLINE_CURVE_WITH_KNOTS('',3,(#4984,#4985,#4986,#4987,#4988,#4989,
#4990,#4991,#4992,#4993,#4994,#4995,#4996,#4997,#4998,#4999),
 .UNSPECIFIED.,.F.,.F.,(4,1,1,1,1,1,1,1,1,1,1,1,1,4),(-3.11239492343242,
-3.0568161513819,-3.00123737933137,-2.89007983523032,-2.66776474702823,
-2.22313457062404,-0.444613865007271,1.3339068406095,2.22316719341788,2.66779736982207,
2.89011245802417,3.00127000212521,3.05684877417574,3.11242754622626),
 .UNSPECIFIED.);
#503=B_SPLINE_CURVE_WITH_KNOTS('',3,(#5020,#5021,#5022,#5023),
 .UNSPECIFIED.,.F.,.F.,(4,4),(0.,1.),.UNSPECIFIED.);
#504=B_SPLINE_CURVE_WITH_KNOTS('',3,(#5045,#5046,#5047,#5048),
 .UNSPECIFIED.,.F.,.F.,(4,4),(0.500000000000008,1.),.UNSPECIFIED.);
#505=B_SPLINE_CURVE_WITH_KNOTS('',3,(#5049,#5050,#5051,#5052),
 .UNSPECIFIED.,.F.,.F.,(4,4),(0.,0.500000000000008),.UNSPECIFIED.);
#506=B_SPLINE_CURVE_WITH_KNOTS('',3,(#5198,#5199,#5200,#5201,#5202),
 .UNSPECIFIED.,.F.,.F.,(4,1,4),(-1.,-0.5,0.),.UNSPECIFIED.);
#507=B_SPLINE_CURVE_WITH_KNOTS('',3,(#5204,#5205,#5206,#5207,#5208,#5209,
#5210,#5211,#5212,#5213,#5214,#5215,#5216,#5217,#5218,#5219,#5220),
 .UNSPECIFIED.,.F.,.F.,(4,1,1,1,1,1,1,1,1,1,1,1,1,1,4),(-0.787120409385134,
-0.780125309637575,-0.773130209890016,-0.759140010394899,-0.731159611404664,
-0.675198813424195,-0.563277217463256,-0.451355621502317,-0.22751242958044,
-0.115590833619501,-0.059630035639032,-0.0316496366487973,-0.0176594371536799,
-0.0106643374061213,-0.00366923765856259),.UNSPECIFIED.);
#508=B_SPLINE_CURVE_WITH_KNOTS('',3,(#5222,#5223,#5224,#5225,#5226),
 .UNSPECIFIED.,.F.,.F.,(4,1,4),(0.,0.5,1.),.UNSPECIFIED.);
#509=B_SPLINE_CURVE_WITH_KNOTS('',3,(#5227,#5228,#5229,#5230,#5231,#5232,
#5233,#5234,#5235,#5236,#5237,#5238,#5239,#5240,#5241,#5242,#5243),
 .UNSPECIFIED.,.F.,.F.,(4,1,1,1,1,1,1,1,1,1,1,1,1,1,4),(0.00366923765856259,
0.0106643374061213,0.0176594371536799,0.0316496366487973,0.059630035639032,
0.115590833619501,0.22751242958044,0.451355621502317,0.563277217463256,
0.675198813424195,0.731159611404664,0.759140010394899,0.773130209890016,
0.780125309637575,0.787120409385134),.UNSPECIFIED.);
#510=B_SPLINE_CURVE_WITH_KNOTS('',3,(#5326,#5327,#5328,#5329,#5330,#5331,
#5332,#5333,#5334,#5335,#5336,#5337,#5338,#5339,#5340,#5341),
 .UNSPECIFIED.,.F.,.F.,(4,1,1,1,1,1,1,1,1,1,1,1,1,4),(-3.11242754622626,
-3.05684877417574,-3.00127000212521,-2.89011245802417,-2.66779736982207,
-2.22316719341788,-1.3339068406095,0.444613865007271,2.22313457062404,2.66776474702823,
2.89007983523032,3.00123737933137,3.0568161513819,3.11239492343242),
 .UNSPECIFIED.);
#511=B_SPLINE_CURVE_WITH_KNOTS('',3,(#5344,#5345,#5346,#5347,#5348,#5349,
#5350,#5351,#5352,#5353,#5354,#5355,#5356,#5357,#5358,#5359),
 .UNSPECIFIED.,.F.,.F.,(4,1,1,1,1,1,1,1,1,1,1,1,1,4),(-3.11239492343242,
-3.0568161513819,-3.00123737933137,-2.89007983523032,-2.66776474702823,
-2.22313457062404,-0.444613865007271,1.3339068406095,2.22316719341788,2.66779736982207,
2.89011245802417,3.00127000212521,3.05684877417574,3.11242754622626),
 .UNSPECIFIED.);
#512=B_SPLINE_CURVE_WITH_KNOTS('',3,(#5380,#5381,#5382,#5383),
 .UNSPECIFIED.,.F.,.F.,(4,4),(0.,1.),.UNSPECIFIED.);
#513=B_SPLINE_CURVE_WITH_KNOTS('',3,(#5405,#5406,#5407,#5408),
 .UNSPECIFIED.,.F.,.F.,(4,4),(0.500000000000007,1.),.UNSPECIFIED.);
#514=B_SPLINE_CURVE_WITH_KNOTS('',3,(#5409,#5410,#5411,#5412),
 .UNSPECIFIED.,.F.,.F.,(4,4),(0.,0.500000000000007),.UNSPECIFIED.);
#515=B_SPLINE_CURVE_WITH_KNOTS('',3,(#5551,#5552,#5553,#5554,#5555),
 .UNSPECIFIED.,.F.,.F.,(4,1,4),(-1.,-0.5,0.),.UNSPECIFIED.);
#516=B_SPLINE_CURVE_WITH_KNOTS('',3,(#5557,#5558,#5559,#5560,#5561,#5562,
#5563,#5564,#5565,#5566,#5567,#5568,#5569,#5570,#5571,#5572,#5573),
 .UNSPECIFIED.,.F.,.F.,(4,1,1,1,1,1,1,1,1,1,1,1,1,1,4),(0.00366923765856259,
0.0106643374061213,0.0176594371536799,0.0316496366487973,0.059630035639032,
0.115590833619501,0.22751242958044,0.451355621502317,0.563277217463256,
0.675198813424195,0.731159611404664,0.759140010394899,0.773130209890016,
0.780125309637575,0.787120409385134),.UNSPECIFIED.);
#517=B_SPLINE_CURVE_WITH_KNOTS('',3,(#5575,#5576,#5577,#5578,#5579),
 .UNSPECIFIED.,.F.,.F.,(4,1,4),(0.,0.5,1.),.UNSPECIFIED.);
#518=B_SPLINE_CURVE_WITH_KNOTS('',3,(#5580,#5581,#5582,#5583,#5584,#5585,
#5586,#5587,#5588,#5589,#5590,#5591,#5592,#5593,#5594,#5595,#5596),
 .UNSPECIFIED.,.F.,.F.,(4,1,1,1,1,1,1,1,1,1,1,1,1,1,4),(-0.787120409385134,
-0.780125309637575,-0.773130209890016,-0.759140010394899,-0.731159611404664,
-0.675198813424195,-0.563277217463256,-0.451355621502317,-0.22751242958044,
-0.115590833619501,-0.059630035639032,-0.0316496366487973,-0.0176594371536799,
-0.0106643374061213,-0.00366923765856259),.UNSPECIFIED.);
#519=B_SPLINE_CURVE_WITH_KNOTS('',3,(#5680,#5681,#5682,#5683,#5684,#5685,
#5686,#5687,#5688,#5689,#5690,#5691,#5692,#5693,#5694,#5695),
 .UNSPECIFIED.,.F.,.F.,(4,1,1,1,1,1,1,1,1,1,1,1,1,4),(-3.11239492343242,
-3.0568161513819,-3.00123737933137,-2.89007983523032,-2.66776474702823,
-2.22313457062404,-0.444613865007271,1.3339068406095,2.22316719341788,2.66779736982207,
2.89011245802417,3.00127000212521,3.05684877417574,3.11242754622626),
 .UNSPECIFIED.);
#520=B_SPLINE_CURVE_WITH_KNOTS('',3,(#5697,#5698,#5699,#5700,#5701,#5702,
#5703,#5704,#5705,#5706,#5707,#5708,#5709,#5710,#5711,#5712),
 .UNSPECIFIED.,.F.,.F.,(4,1,1,1,1,1,1,1,1,1,1,1,1,4),(-3.11242754622626,
-3.05684877417574,-3.00127000212521,-2.89011245802417,-2.66779736982207,
-2.22316719341788,-1.3339068406095,0.444613865007271,2.22313457062404,2.66776474702823,
2.89007983523032,3.00123737933137,3.0568161513819,3.11239492343242),
 .UNSPECIFIED.);
#521=B_SPLINE_CURVE_WITH_KNOTS('',3,(#5733,#5734,#5735,#5736),
 .UNSPECIFIED.,.F.,.F.,(4,4),(0.,1.),.UNSPECIFIED.);
#522=B_SPLINE_CURVE_WITH_KNOTS('',3,(#5758,#5759,#5760,#5761),
 .UNSPECIFIED.,.F.,.F.,(4,4),(0.,0.500000000000007),.UNSPECIFIED.);
#523=B_SPLINE_CURVE_WITH_KNOTS('',3,(#5762,#5763,#5764,#5765),
 .UNSPECIFIED.,.F.,.F.,(4,4),(0.500000000000007,1.),.UNSPECIFIED.);
#524=TOROIDAL_SURFACE('',#2582,10.2,2.5);
#525=TOROIDAL_SURFACE('',#2586,20.78375,2.5);
#526=TOROIDAL_SURFACE('',#2591,10.2,2.5);
#527=TOROIDAL_SURFACE('',#2605,10.2,2.5);
#528=TOROIDAL_SURFACE('',#2609,20.78375,2.5);
#529=TOROIDAL_SURFACE('',#2614,10.2,2.5);
#530=TOROIDAL_SURFACE('',#2644,4.,1.);
#531=TOROIDAL_SURFACE('',#2649,4.,1.);
#532=TOROIDAL_SURFACE('',#2655,11.7,1.);
#533=TOROIDAL_SURFACE('',#2663,11.7,1.);
#534=TOROIDAL_SURFACE('',#2669,4.,1.);
#535=TOROIDAL_SURFACE('',#2675,11.7,1.);
#536=TOROIDAL_SURFACE('',#2683,11.7,1.);
#537=TOROIDAL_SURFACE('',#2689,4.,1.);
#538=TOROIDAL_SURFACE('',#2707,10.7,2.);
#539=TOROIDAL_SURFACE('',#2715,10.7,2.);
#540=TOROIDAL_SURFACE('',#2720,10.7,2.);
#541=TOROIDAL_SURFACE('',#2728,10.7,2.);
#542=TOROIDAL_SURFACE('',#2767,3.9,1.);
#543=TOROIDAL_SURFACE('',#2773,3.9,1.);
#544=TOROIDAL_SURFACE('',#2791,3.9,1.);
#545=TOROIDAL_SURFACE('',#2797,3.9,1.);
#546=TOROIDAL_SURFACE('',#2816,3.9,1.);
#547=TOROIDAL_SURFACE('',#2822,3.9,1.);
#548=TOROIDAL_SURFACE('',#2838,3.9,1.);
#549=TOROIDAL_SURFACE('',#2844,3.9,1.);
#550=FACE_OUTER_BOUND('',#696,.T.);
#551=FACE_OUTER_BOUND('',#697,.T.);
#552=FACE_OUTER_BOUND('',#698,.T.);
#553=FACE_OUTER_BOUND('',#699,.T.);
#554=FACE_OUTER_BOUND('',#700,.T.);
#555=FACE_OUTER_BOUND('',#701,.T.);
#556=FACE_OUTER_BOUND('',#702,.T.);
#557=FACE_OUTER_BOUND('',#703,.T.);
#558=FACE_OUTER_BOUND('',#704,.T.);
#559=FACE_OUTER_BOUND('',#705,.T.);
#560=FACE_OUTER_BOUND('',#706,.T.);
#561=FACE_OUTER_BOUND('',#707,.T.);
#562=FACE_OUTER_BOUND('',#708,.T.);
#563=FACE_OUTER_BOUND('',#709,.T.);
#564=FACE_OUTER_BOUND('',#710,.T.);
#565=FACE_OUTER_BOUND('',#711,.T.);
#566=FACE_OUTER_BOUND('',#716,.T.);
#567=FACE_OUTER_BOUND('',#717,.T.);
#568=FACE_OUTER_BOUND('',#718,.T.);
#569=FACE_OUTER_BOUND('',#719,.T.);
#570=FACE_OUTER_BOUND('',#720,.T.);
#571=FACE_OUTER_BOUND('',#721,.T.);
#572=FACE_OUTER_BOUND('',#722,.T.);
#573=FACE_OUTER_BOUND('',#723,.T.);
#574=FACE_OUTER_BOUND('',#724,.T.);
#575=FACE_OUTER_BOUND('',#725,.T.);
#576=FACE_OUTER_BOUND('',#734,.T.);
#577=FACE_OUTER_BOUND('',#735,.T.);
#578=FACE_OUTER_BOUND('',#736,.T.);
#579=FACE_OUTER_BOUND('',#737,.T.);
#580=FACE_OUTER_BOUND('',#738,.T.);
#581=FACE_OUTER_BOUND('',#739,.T.);
#582=FACE_OUTER_BOUND('',#740,.T.);
#583=FACE_OUTER_BOUND('',#741,.T.);
#584=FACE_OUTER_BOUND('',#742,.T.);
#585=FACE_OUTER_BOUND('',#743,.T.);
#586=FACE_OUTER_BOUND('',#744,.T.);
#587=FACE_OUTER_BOUND('',#745,.T.);
#588=FACE_OUTER_BOUND('',#746,.T.);
#589=FACE_OUTER_BOUND('',#747,.T.);
#590=FACE_OUTER_BOUND('',#748,.T.);
#591=FACE_OUTER_BOUND('',#749,.T.);
#592=FACE_OUTER_BOUND('',#750,.T.);
#593=FACE_OUTER_BOUND('',#751,.T.);
#594=FACE_OUTER_BOUND('',#752,.T.);
#595=FACE_OUTER_BOUND('',#753,.T.);
#596=FACE_OUTER_BOUND('',#754,.T.);
#597=FACE_OUTER_BOUND('',#755,.T.);
#598=FACE_OUTER_BOUND('',#756,.T.);
#599=FACE_OUTER_BOUND('',#757,.T.);
#600=FACE_OUTER_BOUND('',#758,.T.);
#601=FACE_OUTER_BOUND('',#759,.T.);
#602=FACE_OUTER_BOUND('',#760,.T.);
#603=FACE_OUTER_BOUND('',#761,.T.);
#604=FACE_OUTER_BOUND('',#762,.T.);
#605=FACE_OUTER_BOUND('',#763,.T.);
#606=FACE_OUTER_BOUND('',#764,.T.);
#607=FACE_OUTER_BOUND('',#765,.T.);
#608=FACE_OUTER_BOUND('',#766,.T.);
#609=FACE_OUTER_BOUND('',#767,.T.);
#610=FACE_OUTER_BOUND('',#768,.T.);
#611=FACE_OUTER_BOUND('',#769,.T.);
#612=FACE_OUTER_BOUND('',#776,.T.);
#613=FACE_OUTER_BOUND('',#777,.T.);
#614=FACE_OUTER_BOUND('',#778,.T.);
#615=FACE_OUTER_BOUND('',#779,.T.);
#616=FACE_OUTER_BOUND('',#780,.T.);
#617=FACE_OUTER_BOUND('',#781,.T.);
#618=FACE_OUTER_BOUND('',#782,.T.);
#619=FACE_OUTER_BOUND('',#783,.T.);
#620=FACE_OUTER_BOUND('',#784,.T.);
#621=FACE_OUTER_BOUND('',#785,.T.);
#622=FACE_OUTER_BOUND('',#786,.T.);
#623=FACE_OUTER_BOUND('',#787,.T.);
#624=FACE_OUTER_BOUND('',#788,.T.);
#625=FACE_OUTER_BOUND('',#789,.T.);
#626=FACE_OUTER_BOUND('',#790,.T.);
#627=FACE_OUTER_BOUND('',#799,.T.);
#628=FACE_OUTER_BOUND('',#800,.T.);
#629=FACE_OUTER_BOUND('',#801,.T.);
#630=FACE_OUTER_BOUND('',#802,.T.);
#631=FACE_OUTER_BOUND('',#803,.T.);
#632=FACE_OUTER_BOUND('',#804,.T.);
#633=FACE_OUTER_BOUND('',#805,.T.);
#634=FACE_OUTER_BOUND('',#806,.T.);
#635=FACE_OUTER_BOUND('',#807,.T.);
#636=FACE_OUTER_BOUND('',#808,.T.);
#637=FACE_OUTER_BOUND('',#809,.T.);
#638=FACE_OUTER_BOUND('',#810,.T.);
#639=FACE_OUTER_BOUND('',#811,.T.);
#640=FACE_OUTER_BOUND('',#812,.T.);
#641=FACE_OUTER_BOUND('',#813,.T.);
#642=FACE_OUTER_BOUND('',#814,.T.);
#643=FACE_OUTER_BOUND('',#815,.T.);
#644=FACE_OUTER_BOUND('',#816,.T.);
#645=FACE_OUTER_BOUND('',#817,.T.);
#646=FACE_OUTER_BOUND('',#818,.T.);
#647=FACE_OUTER_BOUND('',#819,.T.);
#648=FACE_OUTER_BOUND('',#821,.T.);
#649=FACE_OUTER_BOUND('',#823,.T.);
#650=FACE_OUTER_BOUND('',#824,.T.);
#651=FACE_OUTER_BOUND('',#825,.T.);
#652=FACE_OUTER_BOUND('',#826,.T.);
#653=FACE_OUTER_BOUND('',#827,.T.);
#654=FACE_OUTER_BOUND('',#828,.T.);
#655=FACE_OUTER_BOUND('',#829,.T.);
#656=FACE_OUTER_BOUND('',#830,.T.);
#657=FACE_OUTER_BOUND('',#831,.T.);
#658=FACE_OUTER_BOUND('',#832,.T.);
#659=FACE_OUTER_BOUND('',#833,.T.);
#660=FACE_OUTER_BOUND('',#834,.T.);
#661=FACE_OUTER_BOUND('',#835,.T.);
#662=FACE_OUTER_BOUND('',#837,.T.);
#663=FACE_OUTER_BOUND('',#839,.T.);
#664=FACE_OUTER_BOUND('',#840,.T.);
#665=FACE_OUTER_BOUND('',#847,.T.);
#666=FACE_OUTER_BOUND('',#848,.T.);
#667=FACE_OUTER_BOUND('',#853,.T.);
#668=FACE_OUTER_BOUND('',#854,.T.);
#669=FACE_OUTER_BOUND('',#855,.T.);
#670=FACE_OUTER_BOUND('',#856,.T.);
#671=FACE_OUTER_BOUND('',#857,.T.);
#672=FACE_OUTER_BOUND('',#858,.T.);
#673=FACE_OUTER_BOUND('',#859,.T.);
#674=FACE_OUTER_BOUND('',#860,.T.);
#675=FACE_OUTER_BOUND('',#861,.T.);
#676=FACE_OUTER_BOUND('',#862,.T.);
#677=FACE_OUTER_BOUND('',#863,.T.);
#678=FACE_OUTER_BOUND('',#865,.T.);
#679=FACE_OUTER_BOUND('',#867,.T.);
#680=FACE_OUTER_BOUND('',#868,.T.);
#681=FACE_OUTER_BOUND('',#869,.T.);
#682=FACE_OUTER_BOUND('',#870,.T.);
#683=FACE_OUTER_BOUND('',#871,.T.);
#684=FACE_OUTER_BOUND('',#872,.T.);
#685=FACE_OUTER_BOUND('',#873,.T.);
#686=FACE_OUTER_BOUND('',#874,.T.);
#687=FACE_OUTER_BOUND('',#875,.T.);
#688=FACE_OUTER_BOUND('',#876,.T.);
#689=FACE_OUTER_BOUND('',#877,.T.);
#690=FACE_OUTER_BOUND('',#878,.T.);
#691=FACE_OUTER_BOUND('',#879,.T.);
#692=FACE_OUTER_BOUND('',#880,.T.);
#693=FACE_OUTER_BOUND('',#882,.T.);
#694=FACE_OUTER_BOUND('',#884,.T.);
#695=FACE_OUTER_BOUND('',#885,.T.);
#696=EDGE_LOOP('',(#1532));
#697=EDGE_LOOP('',(#1533));
#698=EDGE_LOOP('',(#1534));
#699=EDGE_LOOP('',(#1535));
#700=EDGE_LOOP('',(#1536,#1537,#1538,#1539));
#701=EDGE_LOOP('',(#1540,#1541,#1542,#1543));
#702=EDGE_LOOP('',(#1544,#1545,#1546,#1547));
#703=EDGE_LOOP('',(#1548,#1549,#1550,#1551));
#704=EDGE_LOOP('',(#1552,#1553,#1554,#1555));
#705=EDGE_LOOP('',(#1556,#1557,#1558,#1559));
#706=EDGE_LOOP('',(#1560,#1561,#1562,#1563));
#707=EDGE_LOOP('',(#1564,#1565,#1566,#1567));
#708=EDGE_LOOP('',(#1568,#1569,#1570,#1571));
#709=EDGE_LOOP('',(#1572,#1573,#1574,#1575));
#710=EDGE_LOOP('',(#1576,#1577,#1578,#1579));
#711=EDGE_LOOP('',(#1580,#1581,#1582,#1583,#1584,#1585,#1586));
#712=EDGE_LOOP('',(#1587));
#713=EDGE_LOOP('',(#1588));
#714=EDGE_LOOP('',(#1589));
#715=EDGE_LOOP('',(#1590));
#716=EDGE_LOOP('',(#1591,#1592,#1593,#1594));
#717=EDGE_LOOP('',(#1595,#1596,#1597,#1598));
#718=EDGE_LOOP('',(#1599,#1600,#1601,#1602));
#719=EDGE_LOOP('',(#1603,#1604,#1605,#1606));
#720=EDGE_LOOP('',(#1607,#1608,#1609,#1610));
#721=EDGE_LOOP('',(#1611,#1612,#1613,#1614));
#722=EDGE_LOOP('',(#1615,#1616,#1617,#1618));
#723=EDGE_LOOP('',(#1619,#1620,#1621,#1622));
#724=EDGE_LOOP('',(#1623,#1624,#1625,#1626));
#725=EDGE_LOOP('',(#1627,#1628,#1629,#1630,#1631,#1632,#1633));
#726=EDGE_LOOP('',(#1634));
#727=EDGE_LOOP('',(#1635));
#728=EDGE_LOOP('',(#1636));
#729=EDGE_LOOP('',(#1637));
#730=EDGE_LOOP('',(#1638));
#731=EDGE_LOOP('',(#1639));
#732=EDGE_LOOP('',(#1640));
#733=EDGE_LOOP('',(#1641));
#734=EDGE_LOOP('',(#1642,#1643,#1644,#1645));
#735=EDGE_LOOP('',(#1646,#1647,#1648,#1649));
#736=EDGE_LOOP('',(#1650,#1651,#1652,#1653));
#737=EDGE_LOOP('',(#1654,#1655,#1656,#1657));
#738=EDGE_LOOP('',(#1658,#1659,#1660,#1661));
#739=EDGE_LOOP('',(#1662,#1663,#1664,#1665));
#740=EDGE_LOOP('',(#1666,#1667,#1668,#1669));
#741=EDGE_LOOP('',(#1670,#1671,#1672,#1673));
#742=EDGE_LOOP('',(#1674,#1675,#1676,#1677));
#743=EDGE_LOOP('',(#1678));
#744=EDGE_LOOP('',(#1679));
#745=EDGE_LOOP('',(#1680,#1681,#1682,#1683));
#746=EDGE_LOOP('',(#1684,#1685,#1686,#1687));
#747=EDGE_LOOP('',(#1688,#1689,#1690,#1691));
#748=EDGE_LOOP('',(#1692,#1693,#1694,#1695));
#749=EDGE_LOOP('',(#1696,#1697,#1698,#1699));
#750=EDGE_LOOP('',(#1700,#1701,#1702,#1703));
#751=EDGE_LOOP('',(#1704,#1705,#1706,#1707));
#752=EDGE_LOOP('',(#1708,#1709,#1710,#1711));
#753=EDGE_LOOP('',(#1712,#1713,#1714,#1715));
#754=EDGE_LOOP('',(#1716,#1717,#1718,#1719));
#755=EDGE_LOOP('',(#1720,#1721,#1722,#1723));
#756=EDGE_LOOP('',(#1724,#1725,#1726,#1727));
#757=EDGE_LOOP('',(#1728,#1729,#1730,#1731));
#758=EDGE_LOOP('',(#1732,#1733,#1734,#1735));
#759=EDGE_LOOP('',(#1736,#1737,#1738,#1739));
#760=EDGE_LOOP('',(#1740,#1741,#1742,#1743));
#761=EDGE_LOOP('',(#1744,#1745,#1746,#1747));
#762=EDGE_LOOP('',(#1748,#1749,#1750,#1751));
#763=EDGE_LOOP('',(#1752,#1753,#1754,#1755));
#764=EDGE_LOOP('',(#1756,#1757,#1758,#1759));
#765=EDGE_LOOP('',(#1760,#1761,#1762,#1763));
#766=EDGE_LOOP('',(#1764,#1765,#1766,#1767));
#767=EDGE_LOOP('',(#1768,#1769,#1770,#1771));
#768=EDGE_LOOP('',(#1772,#1773,#1774,#1775,#1776,#1777,#1778,#1779));
#769=EDGE_LOOP('',(#1780,#1781,#1782,#1783,#1784,#1785,#1786));
#770=EDGE_LOOP('',(#1787));
#771=EDGE_LOOP('',(#1788));
#772=EDGE_LOOP('',(#1789));
#773=EDGE_LOOP('',(#1790));
#774=EDGE_LOOP('',(#1791));
#775=EDGE_LOOP('',(#1792));
#776=EDGE_LOOP('',(#1793,#1794,#1795,#1796));
#777=EDGE_LOOP('',(#1797,#1798,#1799,#1800));
#778=EDGE_LOOP('',(#1801,#1802,#1803,#1804));
#779=EDGE_LOOP('',(#1805,#1806,#1807,#1808));
#780=EDGE_LOOP('',(#1809,#1810,#1811,#1812));
#781=EDGE_LOOP('',(#1813,#1814,#1815,#1816));
#782=EDGE_LOOP('',(#1817,#1818,#1819,#1820));
#783=EDGE_LOOP('',(#1821,#1822,#1823,#1824));
#784=EDGE_LOOP('',(#1825,#1826,#1827,#1828));
#785=EDGE_LOOP('',(#1829,#1830,#1831,#1832));
#786=EDGE_LOOP('',(#1833,#1834,#1835,#1836));
#787=EDGE_LOOP('',(#1837,#1838,#1839,#1840));
#788=EDGE_LOOP('',(#1841,#1842,#1843,#1844));
#789=EDGE_LOOP('',(#1845,#1846,#1847,#1848));
#790=EDGE_LOOP('',(#1849,#1850,#1851,#1852,#1853,#1854,#1855,#1856,#1857,
#1858));
#791=EDGE_LOOP('',(#1859));
#792=EDGE_LOOP('',(#1860));
#793=EDGE_LOOP('',(#1861));
#794=EDGE_LOOP('',(#1862));
#795=EDGE_LOOP('',(#1863));
#796=EDGE_LOOP('',(#1864));
#797=EDGE_LOOP('',(#1865));
#798=EDGE_LOOP('',(#1866));
#799=EDGE_LOOP('',(#1867,#1868,#1869,#1870));
#800=EDGE_LOOP('',(#1871,#1872,#1873,#1874,#1875,#1876,#1877,#1878));
#801=EDGE_LOOP('',(#1879,#1880,#1881,#1882));
#802=EDGE_LOOP('',(#1883));
#803=EDGE_LOOP('',(#1884,#1885,#1886,#1887));
#804=EDGE_LOOP('',(#1888));
#805=EDGE_LOOP('',(#1889,#1890,#1891,#1892));
#806=EDGE_LOOP('',(#1893));
#807=EDGE_LOOP('',(#1894,#1895,#1896,#1897));
#808=EDGE_LOOP('',(#1898));
#809=EDGE_LOOP('',(#1899,#1900,#1901,#1902));
#810=EDGE_LOOP('',(#1903,#1904,#1905,#1906));
#811=EDGE_LOOP('',(#1907,#1908,#1909));
#812=EDGE_LOOP('',(#1910,#1911,#1912,#1913));
#813=EDGE_LOOP('',(#1914,#1915));
#814=EDGE_LOOP('',(#1916,#1917,#1918,#1919,#1920,#1921,#1922,#1923));
#815=EDGE_LOOP('',(#1924,#1925,#1926,#1927,#1928));
#816=EDGE_LOOP('',(#1929,#1930,#1931,#1932,#1933));
#817=EDGE_LOOP('',(#1934,#1935,#1936,#1937,#1938));
#818=EDGE_LOOP('',(#1939,#1940,#1941,#1942,#1943));
#819=EDGE_LOOP('',(#1944));
#820=EDGE_LOOP('',(#1945));
#821=EDGE_LOOP('',(#1946));
#822=EDGE_LOOP('',(#1947));
#823=EDGE_LOOP('',(#1948,#1949,#1950,#1951));
#824=EDGE_LOOP('',(#1952,#1953,#1954,#1955));
#825=EDGE_LOOP('',(#1956,#1957,#1958,#1959));
#826=EDGE_LOOP('',(#1960,#1961,#1962,#1963));
#827=EDGE_LOOP('',(#1964,#1965,#1966));
#828=EDGE_LOOP('',(#1967,#1968,#1969,#1970));
#829=EDGE_LOOP('',(#1971,#1972));
#830=EDGE_LOOP('',(#1973,#1974,#1975,#1976,#1977,#1978,#1979,#1980));
#831=EDGE_LOOP('',(#1981,#1982,#1983,#1984,#1985));
#832=EDGE_LOOP('',(#1986,#1987,#1988,#1989,#1990));
#833=EDGE_LOOP('',(#1991,#1992,#1993,#1994,#1995));
#834=EDGE_LOOP('',(#1996,#1997,#1998,#1999,#2000));
#835=EDGE_LOOP('',(#2001));
#836=EDGE_LOOP('',(#2002));
#837=EDGE_LOOP('',(#2003));
#838=EDGE_LOOP('',(#2004));
#839=EDGE_LOOP('',(#2005,#2006,#2007,#2008));
#840=EDGE_LOOP('',(#2009,#2010,#2011,#2012,#2013,#2014,#2015));
#841=EDGE_LOOP('',(#2016));
#842=EDGE_LOOP('',(#2017));
#843=EDGE_LOOP('',(#2018));
#844=EDGE_LOOP('',(#2019));
#845=EDGE_LOOP('',(#2020));
#846=EDGE_LOOP('',(#2021));
#847=EDGE_LOOP('',(#2022,#2023,#2024,#2025));
#848=EDGE_LOOP('',(#2026,#2027,#2028,#2029));
#849=EDGE_LOOP('',(#2030));
#850=EDGE_LOOP('',(#2031));
#851=EDGE_LOOP('',(#2032));
#852=EDGE_LOOP('',(#2033));
#853=EDGE_LOOP('',(#2034,#2035,#2036,#2037));
#854=EDGE_LOOP('',(#2038,#2039,#2040,#2041));
#855=EDGE_LOOP('',(#2042,#2043,#2044));
#856=EDGE_LOOP('',(#2045,#2046,#2047,#2048));
#857=EDGE_LOOP('',(#2049,#2050));
#858=EDGE_LOOP('',(#2051,#2052,#2053,#2054,#2055,#2056,#2057,#2058));
#859=EDGE_LOOP('',(#2059,#2060,#2061,#2062,#2063));
#860=EDGE_LOOP('',(#2064,#2065,#2066,#2067,#2068));
#861=EDGE_LOOP('',(#2069,#2070,#2071,#2072,#2073));
#862=EDGE_LOOP('',(#2074,#2075,#2076,#2077,#2078));
#863=EDGE_LOOP('',(#2079));
#864=EDGE_LOOP('',(#2080));
#865=EDGE_LOOP('',(#2081));
#866=EDGE_LOOP('',(#2082));
#867=EDGE_LOOP('',(#2083,#2084,#2085,#2086));
#868=EDGE_LOOP('',(#2087,#2088,#2089,#2090));
#869=EDGE_LOOP('',(#2091,#2092,#2093,#2094));
#870=EDGE_LOOP('',(#2095,#2096,#2097,#2098));
#871=EDGE_LOOP('',(#2099,#2100,#2101,#2102));
#872=EDGE_LOOP('',(#2103,#2104,#2105));
#873=EDGE_LOOP('',(#2106,#2107,#2108,#2109));
#874=EDGE_LOOP('',(#2110,#2111));
#875=EDGE_LOOP('',(#2112,#2113,#2114,#2115,#2116,#2117,#2118,#2119));
#876=EDGE_LOOP('',(#2120,#2121,#2122,#2123,#2124));
#877=EDGE_LOOP('',(#2125,#2126,#2127,#2128,#2129));
#878=EDGE_LOOP('',(#2130,#2131,#2132,#2133,#2134));
#879=EDGE_LOOP('',(#2135,#2136,#2137,#2138,#2139));
#880=EDGE_LOOP('',(#2140));
#881=EDGE_LOOP('',(#2141));
#882=EDGE_LOOP('',(#2142));
#883=EDGE_LOOP('',(#2143));
#884=EDGE_LOOP('',(#2144,#2145,#2146,#2147));
#885=EDGE_LOOP('',(#2148,#2149,#2150,#2151));
#886=CIRCLE('',#2575,2.15);
#887=CIRCLE('',#2577,2.15);
#888=CIRCLE('',#2579,2.15);
#889=CIRCLE('',#2581,2.15);
#890=CIRCLE('',#2583,10.2);
#891=CIRCLE('',#2584,12.7);
#892=CIRCLE('',#2587,23.28375);
#893=CIRCLE('',#2588,20.78375);
#894=CIRCLE('',#2592,12.7);
#895=CIRCLE('',#2593,10.2);
#896=CIRCLE('',#2597,12.7);
#897=CIRCLE('',#2601,3.17712758430561);
#898=CIRCLE('',#2603,1.54999999999998);
#899=CIRCLE('',#2604,1.54999999999998);
#900=CIRCLE('',#2606,10.2);
#901=CIRCLE('',#2607,12.7);
#902=CIRCLE('',#2610,20.78375);
#903=CIRCLE('',#2611,23.28375);
#904=CIRCLE('',#2615,10.2);
#905=CIRCLE('',#2620,2.15);
#906=CIRCLE('',#2621,3.17712758430561);
#907=CIRCLE('',#2623,1.54999999999998);
#908=CIRCLE('',#2624,2.15);
#909=CIRCLE('',#2625,2.15);
#910=CIRCLE('',#2626,2.15);
#911=CIRCLE('',#2627,1.54999999999998);
#912=CIRCLE('',#2645,4.);
#913=CIRCLE('',#2646,1.);
#914=CIRCLE('',#2647,5.);
#915=CIRCLE('',#2650,4.);
#916=CIRCLE('',#2651,1.);
#917=CIRCLE('',#2652,5.);
#918=CIRCLE('',#2654,1.);
#919=CIRCLE('',#2656,1.00000000000001);
#920=CIRCLE('',#2657,11.7);
#921=CIRCLE('',#2658,12.7);
#922=CIRCLE('',#2660,0.999999999999993);
#923=CIRCLE('',#2662,0.999999999999993);
#924=CIRCLE('',#2664,1.);
#925=CIRCLE('',#2665,11.7);
#926=CIRCLE('',#2666,12.7);
#927=CIRCLE('',#2668,1.);
#928=CIRCLE('',#2670,5.);
#929=CIRCLE('',#2671,4.);
#930=CIRCLE('',#2674,1.);
#931=CIRCLE('',#2676,0.999999999999996);
#932=CIRCLE('',#2677,11.7);
#933=CIRCLE('',#2678,12.7);
#934=CIRCLE('',#2680,0.999999999999993);
#935=CIRCLE('',#2682,1.);
#936=CIRCLE('',#2684,1.);
#937=CIRCLE('',#2685,11.7);
#938=CIRCLE('',#2686,12.7);
#939=CIRCLE('',#2688,1.);
#940=CIRCLE('',#2690,5.);
#941=CIRCLE('',#2691,4.);
#942=CIRCLE('',#2693,12.7);
#943=CIRCLE('',#2697,12.7);
#944=CIRCLE('',#2700,1.55);
#945=CIRCLE('',#2701,1.55);
#946=CIRCLE('',#2704,1.55);
#947=CIRCLE('',#2705,1.55);
#948=CIRCLE('',#2708,2.);
#949=CIRCLE('',#2709,10.7);
#950=CIRCLE('',#2710,2.);
#951=CIRCLE('',#2712,2.);
#952=CIRCLE('',#2714,2.);
#953=CIRCLE('',#2716,2.);
#954=CIRCLE('',#2717,10.7);
#955=CIRCLE('',#2719,2.);
#956=CIRCLE('',#2721,2.);
#957=CIRCLE('',#2722,12.7);
#958=CIRCLE('',#2723,10.7);
#959=CIRCLE('',#2725,2.);
#960=CIRCLE('',#2727,2.);
#961=CIRCLE('',#2729,2.);
#962=CIRCLE('',#2730,12.7);
#963=CIRCLE('',#2731,10.7);
#964=CIRCLE('',#2737,3.9);
#965=CIRCLE('',#2738,3.9);
#966=CIRCLE('',#2739,3.9);
#967=CIRCLE('',#2740,3.9);
#968=CIRCLE('',#2741,3.9);
#969=CIRCLE('',#2742,3.9);
#970=CIRCLE('',#2743,3.9);
#971=CIRCLE('',#2744,3.9);
#972=CIRCLE('',#2748,2.15);
#973=CIRCLE('',#2749,2.15);
#974=CIRCLE('',#2752,2.15);
#975=CIRCLE('',#2753,2.15);
#976=CIRCLE('',#2756,2.15);
#977=CIRCLE('',#2757,2.15);
#978=CIRCLE('',#2760,2.15);
#979=CIRCLE('',#2761,2.15);
#980=CIRCLE('',#2763,0.5);
#981=CIRCLE('',#2764,0.500000000000004);
#982=CIRCLE('',#2768,1.);
#983=CIRCLE('',#2769,2.9);
#984=CIRCLE('',#2770,2.9);
#985=CIRCLE('',#2772,2.9);
#986=CIRCLE('',#2774,1.);
#987=CIRCLE('',#2775,2.9);
#988=CIRCLE('',#2776,2.9);
#989=CIRCLE('',#2778,2.9);
#990=CIRCLE('',#2780,1.55);
#991=CIRCLE('',#2782,1.55);
#992=CIRCLE('',#2784,1.55);
#993=CIRCLE('',#2786,1.55);
#994=CIRCLE('',#2787,0.5);
#995=CIRCLE('',#2788,0.500000000000004);
#996=CIRCLE('',#2792,1.);
#997=CIRCLE('',#2793,2.9);
#998=CIRCLE('',#2794,2.9);
#999=CIRCLE('',#2796,2.9);
#1000=CIRCLE('',#2798,1.);
#1001=CIRCLE('',#2799,2.9);
#1002=CIRCLE('',#2800,2.9);
#1003=CIRCLE('',#2802,2.9);
#1004=CIRCLE('',#2804,1.55);
#1005=CIRCLE('',#2806,1.55);
#1006=CIRCLE('',#2808,1.55);
#1007=CIRCLE('',#2810,1.55);
#1008=CIRCLE('',#2813,0.5);
#1009=CIRCLE('',#2814,0.500000000000004);
#1010=CIRCLE('',#2817,1.);
#1011=CIRCLE('',#2818,2.9);
#1012=CIRCLE('',#2819,2.9);
#1013=CIRCLE('',#2821,2.9);
#1014=CIRCLE('',#2823,1.);
#1015=CIRCLE('',#2824,2.9);
#1016=CIRCLE('',#2825,2.9);
#1017=CIRCLE('',#2827,2.9);
#1018=CIRCLE('',#2829,1.55);
#1019=CIRCLE('',#2831,1.55);
#1020=CIRCLE('',#2835,0.5);
#1021=CIRCLE('',#2836,0.500000000000004);
#1022=CIRCLE('',#2839,1.);
#1023=CIRCLE('',#2840,2.9);
#1024=CIRCLE('',#2841,2.9);
#1025=CIRCLE('',#2843,2.9);
#1026=CIRCLE('',#2845,1.);
#1027=CIRCLE('',#2846,2.9);
#1028=CIRCLE('',#2847,2.9);
#1029=CIRCLE('',#2849,2.9);
#1030=CIRCLE('',#2851,1.55);
#1031=CIRCLE('',#2853,1.55);
#1032=VERTEX_POINT('',#3655);
#1033=VERTEX_POINT('',#3658);
#1034=VERTEX_POINT('',#3661);
#1035=VERTEX_POINT('',#3664);
#1036=VERTEX_POINT('',#3667);
#1037=VERTEX_POINT('',#3668);
#1038=VERTEX_POINT('',#3670);
#1039=VERTEX_POINT('',#3685);
#1040=VERTEX_POINT('',#3700);
#1041=VERTEX_POINT('',#3701);
#1042=VERTEX_POINT('',#3748);
#1043=VERTEX_POINT('',#3750);
#1044=VERTEX_POINT('',#3767);
#1045=VERTEX_POINT('',#3769);
#1046=VERTEX_POINT('',#3786);
#1047=VERTEX_POINT('',#3788);
#1048=VERTEX_POINT('',#3808);
#1049=VERTEX_POINT('',#3810);
#1050=VERTEX_POINT('',#3828);
#1051=VERTEX_POINT('',#3830);
#1052=VERTEX_POINT('',#3834);
#1053=VERTEX_POINT('',#3838);
#1054=VERTEX_POINT('',#3842);
#1055=VERTEX_POINT('',#3846);
#1056=VERTEX_POINT('',#3848);
#1057=VERTEX_POINT('',#3850);
#1058=VERTEX_POINT('',#3852);
#1059=VERTEX_POINT('',#3855);
#1060=VERTEX_POINT('',#3856);
#1061=VERTEX_POINT('',#3858);
#1062=VERTEX_POINT('',#3887);
#1063=VERTEX_POINT('',#3889);
#1064=VERTEX_POINT('',#3906);
#1065=VERTEX_POINT('',#3924);
#1066=VERTEX_POINT('',#3971);
#1067=VERTEX_POINT('',#3990);
#1068=VERTEX_POINT('',#4011);
#1069=VERTEX_POINT('',#4013);
#1070=VERTEX_POINT('',#4015);
#1071=VERTEX_POINT('',#4017);
#1072=VERTEX_POINT('',#4019);
#1073=VERTEX_POINT('',#4021);
#1074=VERTEX_POINT('',#4023);
#1075=VERTEX_POINT('',#4025);
#1076=VERTEX_POINT('',#4062);
#1077=VERTEX_POINT('',#4065);
#1078=VERTEX_POINT('',#4091);
#1079=VERTEX_POINT('',#4092);
#1080=VERTEX_POINT('',#4094);
#1081=VERTEX_POINT('',#4096);
#1082=VERTEX_POINT('',#4113);
#1083=VERTEX_POINT('',#4114);
#1084=VERTEX_POINT('',#4116);
#1085=VERTEX_POINT('',#4131);
#1086=VERTEX_POINT('',#4148);
#1087=VERTEX_POINT('',#4150);
#1088=VERTEX_POINT('',#4154);
#1089=VERTEX_POINT('',#4155);
#1090=VERTEX_POINT('',#4160);
#1091=VERTEX_POINT('',#4161);
#1092=VERTEX_POINT('',#4166);
#1093=VERTEX_POINT('',#4167);
#1094=VERTEX_POINT('',#4172);
#1095=VERTEX_POINT('',#4174);
#1096=VERTEX_POINT('',#4178);
#1097=VERTEX_POINT('',#4179);
#1098=VERTEX_POINT('',#4184);
#1099=VERTEX_POINT('',#4185);
#1100=VERTEX_POINT('',#4190);
#1101=VERTEX_POINT('',#4192);
#1102=VERTEX_POINT('',#4212);
#1103=VERTEX_POINT('',#4213);
#1104=VERTEX_POINT('',#4218);
#1105=VERTEX_POINT('',#4219);
#1106=VERTEX_POINT('',#4224);
#1107=VERTEX_POINT('',#4225);
#1108=VERTEX_POINT('',#4230);
#1109=VERTEX_POINT('',#4232);
#1110=VERTEX_POINT('',#4236);
#1111=VERTEX_POINT('',#4237);
#1112=VERTEX_POINT('',#4242);
#1113=VERTEX_POINT('',#4243);
#1114=VERTEX_POINT('',#4251);
#1115=VERTEX_POINT('',#4253);
#1116=VERTEX_POINT('',#4257);
#1117=VERTEX_POINT('',#4261);
#1118=VERTEX_POINT('',#4265);
#1119=VERTEX_POINT('',#4269);
#1120=VERTEX_POINT('',#4274);
#1121=VERTEX_POINT('',#4276);
#1122=VERTEX_POINT('',#4278);
#1123=VERTEX_POINT('',#4280);
#1124=VERTEX_POINT('',#4282);
#1125=VERTEX_POINT('',#4284);
#1126=VERTEX_POINT('',#4289);
#1127=VERTEX_POINT('',#4291);
#1128=VERTEX_POINT('',#4295);
#1129=VERTEX_POINT('',#4299);
#1130=VERTEX_POINT('',#4303);
#1131=VERTEX_POINT('',#4307);
#1132=VERTEX_POINT('',#4308);
#1133=VERTEX_POINT('',#4313);
#1134=VERTEX_POINT('',#4314);
#1135=VERTEX_POINT('',#4319);
#1136=VERTEX_POINT('',#4320);
#1137=VERTEX_POINT('',#4325);
#1138=VERTEX_POINT('',#4327);
#1139=VERTEX_POINT('',#4331);
#1140=VERTEX_POINT('',#4344);
#1141=VERTEX_POINT('',#4346);
#1142=VERTEX_POINT('',#4348);
#1143=VERTEX_POINT('',#4350);
#1144=VERTEX_POINT('',#4352);
#1145=VERTEX_POINT('',#4354);
#1146=VERTEX_POINT('',#4356);
#1147=VERTEX_POINT('',#4358);
#1148=VERTEX_POINT('',#4366);
#1149=VERTEX_POINT('',#4368);
#1150=VERTEX_POINT('',#4373);
#1151=VERTEX_POINT('',#4375);
#1152=VERTEX_POINT('',#4380);
#1153=VERTEX_POINT('',#4382);
#1154=VERTEX_POINT('',#4387);
#1155=VERTEX_POINT('',#4389);
#1156=VERTEX_POINT('',#4478);
#1157=VERTEX_POINT('',#4479);
#1158=VERTEX_POINT('',#4485);
#1159=VERTEX_POINT('',#4503);
#1160=VERTEX_POINT('',#4606);
#1161=VERTEX_POINT('',#4608);
#1162=VERTEX_POINT('',#4686);
#1163=VERTEX_POINT('',#4714);
#1164=VERTEX_POINT('',#4718);
#1165=VERTEX_POINT('',#4720);
#1166=VERTEX_POINT('',#4724);
#1167=VERTEX_POINT('',#4728);
#1168=VERTEX_POINT('',#4730);
#1169=VERTEX_POINT('',#4734);
#1170=VERTEX_POINT('',#4738);
#1171=VERTEX_POINT('',#4741);
#1172=VERTEX_POINT('',#4744);
#1173=VERTEX_POINT('',#4748);
#1174=VERTEX_POINT('',#4836);
#1175=VERTEX_POINT('',#4837);
#1176=VERTEX_POINT('',#4843);
#1177=VERTEX_POINT('',#4861);
#1178=VERTEX_POINT('',#4964);
#1179=VERTEX_POINT('',#4982);
#1180=VERTEX_POINT('',#5044);
#1181=VERTEX_POINT('',#5072);
#1182=VERTEX_POINT('',#5076);
#1183=VERTEX_POINT('',#5078);
#1184=VERTEX_POINT('',#5082);
#1185=VERTEX_POINT('',#5086);
#1186=VERTEX_POINT('',#5088);
#1187=VERTEX_POINT('',#5092);
#1188=VERTEX_POINT('',#5096);
#1189=VERTEX_POINT('',#5099);
#1190=VERTEX_POINT('',#5102);
#1191=VERTEX_POINT('',#5106);
#1192=VERTEX_POINT('',#5196);
#1193=VERTEX_POINT('',#5197);
#1194=VERTEX_POINT('',#5203);
#1195=VERTEX_POINT('',#5221);
#1196=VERTEX_POINT('',#5324);
#1197=VERTEX_POINT('',#5342);
#1198=VERTEX_POINT('',#5404);
#1199=VERTEX_POINT('',#5434);
#1200=VERTEX_POINT('',#5436);
#1201=VERTEX_POINT('',#5440);
#1202=VERTEX_POINT('',#5444);
#1203=VERTEX_POINT('',#5446);
#1204=VERTEX_POINT('',#5450);
#1205=VERTEX_POINT('',#5454);
#1206=VERTEX_POINT('',#5457);
#1207=VERTEX_POINT('',#5549);
#1208=VERTEX_POINT('',#5550);
#1209=VERTEX_POINT('',#5556);
#1210=VERTEX_POINT('',#5574);
#1211=VERTEX_POINT('',#5677);
#1212=VERTEX_POINT('',#5679);
#1213=VERTEX_POINT('',#5757);
#1214=VERTEX_POINT('',#5787);
#1215=VERTEX_POINT('',#5789);
#1216=VERTEX_POINT('',#5793);
#1217=VERTEX_POINT('',#5797);
#1218=VERTEX_POINT('',#5799);
#1219=VERTEX_POINT('',#5803);
#1220=VERTEX_POINT('',#5807);
#1221=VERTEX_POINT('',#5810);
#1222=EDGE_CURVE('',#1032,#1032,#886,.T.);
#1223=EDGE_CURVE('',#1033,#1033,#887,.T.);
#1224=EDGE_CURVE('',#1034,#1034,#888,.T.);
#1225=EDGE_CURVE('',#1035,#1035,#889,.T.);
#1226=EDGE_CURVE('',#1036,#1037,#890,.T.);
#1227=EDGE_CURVE('',#1037,#1038,#470,.T.);
#1228=EDGE_CURVE('',#1038,#1039,#891,.T.);
#1229=EDGE_CURVE('',#1039,#1036,#471,.T.);
#1230=EDGE_CURVE('',#1040,#1041,#472,.T.);
#1231=EDGE_CURVE('',#1041,#1042,#206,.T.);
#1232=EDGE_CURVE('',#1042,#1043,#473,.T.);
#1233=EDGE_CURVE('',#1043,#1040,#207,.T.);
#1234=EDGE_CURVE('',#1044,#1043,#892,.T.);
#1235=EDGE_CURVE('',#1042,#1045,#893,.T.);
#1236=EDGE_CURVE('',#1045,#1044,#474,.T.);
#1237=EDGE_CURVE('',#1046,#1044,#208,.T.);
#1238=EDGE_CURVE('',#1045,#1047,#209,.T.);
#1239=EDGE_CURVE('',#1047,#1046,#475,.T.);
#1240=EDGE_CURVE('',#1037,#1041,#210,.T.);
#1241=EDGE_CURVE('',#1040,#1038,#211,.T.);
#1242=EDGE_CURVE('',#1048,#1046,#894,.T.);
#1243=EDGE_CURVE('',#1047,#1049,#895,.T.);
#1244=EDGE_CURVE('',#1049,#1048,#476,.T.);
#1245=EDGE_CURVE('',#1049,#1036,#212,.T.);
#1246=EDGE_CURVE('',#1039,#1048,#213,.T.);
#1247=EDGE_CURVE('',#1039,#1050,#214,.T.);
#1248=EDGE_CURVE('',#1051,#1050,#215,.T.);
#1249=EDGE_CURVE('',#1048,#1051,#216,.T.);
#1250=EDGE_CURVE('',#1038,#1052,#217,.T.);
#1251=EDGE_CURVE('',#1050,#1052,#896,.T.);
#1252=EDGE_CURVE('',#1040,#1053,#218,.T.);
#1253=EDGE_CURVE('',#1052,#1053,#219,.T.);
#1254=EDGE_CURVE('',#1043,#1054,#220,.T.);
#1255=EDGE_CURVE('',#1053,#1054,#221,.T.);
#1256=EDGE_CURVE('',#1055,#1055,#897,.T.);
#1257=EDGE_CURVE('',#1056,#1056,#154,.T.);
#1258=EDGE_CURVE('',#1057,#1057,#898,.T.);
#1259=EDGE_CURVE('',#1058,#1058,#899,.T.);
#1260=EDGE_CURVE('',#1059,#1060,#900,.T.);
#1261=EDGE_CURVE('',#1060,#1061,#477,.T.);
#1262=EDGE_CURVE('',#1061,#1051,#901,.T.);
#1263=EDGE_CURVE('',#1059,#1051,#478,.T.);
#1264=EDGE_CURVE('',#1060,#1062,#222,.T.);
#1265=EDGE_CURVE('',#1062,#1063,#479,.T.);
#1266=EDGE_CURVE('',#1063,#1061,#223,.T.);
#1267=EDGE_CURVE('',#1062,#1064,#902,.T.);
#1268=EDGE_CURVE('',#1064,#1054,#480,.T.);
#1269=EDGE_CURVE('',#1054,#1063,#903,.T.);
#1270=EDGE_CURVE('',#1053,#1065,#481,.T.);
#1271=EDGE_CURVE('',#1065,#1066,#224,.T.);
#1272=EDGE_CURVE('',#1066,#1052,#482,.T.);
#1273=EDGE_CURVE('',#1064,#1065,#225,.T.);
#1274=EDGE_CURVE('',#1066,#1067,#904,.T.);
#1275=EDGE_CURVE('',#1067,#1050,#483,.T.);
#1276=EDGE_CURVE('',#1067,#1059,#226,.T.);
#1277=EDGE_CURVE('',#1046,#1061,#227,.T.);
#1278=EDGE_CURVE('',#1044,#1063,#228,.T.);
#1279=EDGE_CURVE('',#1068,#1068,#905,.T.);
#1280=EDGE_CURVE('',#1069,#1069,#906,.T.);
#1281=EDGE_CURVE('',#1070,#1070,#155,.T.);
#1282=EDGE_CURVE('',#1071,#1071,#907,.T.);
#1283=EDGE_CURVE('',#1072,#1072,#908,.T.);
#1284=EDGE_CURVE('',#1073,#1073,#909,.T.);
#1285=EDGE_CURVE('',#1074,#1074,#910,.T.);
#1286=EDGE_CURVE('',#1075,#1075,#911,.T.);
#1287=EDGE_CURVE('',#1068,#1033,#229,.T.);
#1288=EDGE_CURVE('',#1069,#1055,#230,.T.);
#1289=EDGE_CURVE('',#1070,#1056,#231,.T.);
#1290=EDGE_CURVE('',#1071,#1057,#232,.T.);
#1291=EDGE_CURVE('',#1072,#1034,#233,.T.);
#1292=EDGE_CURVE('',#1073,#1035,#234,.T.);
#1293=EDGE_CURVE('',#1074,#1032,#235,.T.);
#1294=EDGE_CURVE('',#1075,#1058,#236,.T.);
#1295=EDGE_CURVE('',#1076,#1076,#156,.T.);
#1296=EDGE_CURVE('',#1077,#1077,#157,.T.);
#1297=EDGE_CURVE('',#1076,#1077,#237,.T.);
#1298=EDGE_CURVE('',#1078,#1079,#912,.T.);
#1299=EDGE_CURVE('',#1079,#1080,#913,.T.);
#1300=EDGE_CURVE('',#1080,#1081,#914,.T.);
#1301=EDGE_CURVE('',#1081,#1078,#484,.T.);
#1302=EDGE_CURVE('',#1082,#1083,#238,.T.);
#1303=EDGE_CURVE('',#1083,#1084,#485,.T.);
#1304=EDGE_CURVE('',#1084,#1085,#239,.T.);
#1305=EDGE_CURVE('',#1082,#1085,#486,.T.);
#1306=EDGE_CURVE('',#1083,#1086,#915,.T.);
#1307=EDGE_CURVE('',#1086,#1087,#916,.T.);
#1308=EDGE_CURVE('',#1087,#1084,#917,.T.);
#1309=EDGE_CURVE('',#1088,#1089,#918,.T.);
#1310=EDGE_CURVE('',#1089,#1087,#240,.T.);
#1311=EDGE_CURVE('',#1086,#1088,#241,.T.);
#1312=EDGE_CURVE('',#1090,#1091,#919,.T.);
#1313=EDGE_CURVE('',#1091,#1089,#920,.T.);
#1314=EDGE_CURVE('',#1088,#1090,#921,.T.);
#1315=EDGE_CURVE('',#1092,#1093,#922,.T.);
#1316=EDGE_CURVE('',#1093,#1091,#242,.T.);
#1317=EDGE_CURVE('',#1090,#1092,#243,.T.);
#1318=EDGE_CURVE('',#1092,#1094,#244,.T.);
#1319=EDGE_CURVE('',#1094,#1095,#923,.T.);
#1320=EDGE_CURVE('',#1095,#1093,#245,.T.);
#1321=EDGE_CURVE('',#1096,#1097,#924,.T.);
#1322=EDGE_CURVE('',#1097,#1095,#925,.T.);
#1323=EDGE_CURVE('',#1094,#1096,#926,.T.);
#1324=EDGE_CURVE('',#1098,#1099,#927,.T.);
#1325=EDGE_CURVE('',#1099,#1097,#246,.T.);
#1326=EDGE_CURVE('',#1096,#1098,#247,.T.);
#1327=EDGE_CURVE('',#1100,#1099,#928,.T.);
#1328=EDGE_CURVE('',#1098,#1101,#929,.T.);
#1329=EDGE_CURVE('',#1101,#1100,#487,.T.);
#1330=EDGE_CURVE('',#1081,#1100,#248,.T.);
#1331=EDGE_CURVE('',#1101,#1078,#249,.T.);
#1332=EDGE_CURVE('',#1102,#1103,#930,.T.);
#1333=EDGE_CURVE('',#1103,#1080,#250,.T.);
#1334=EDGE_CURVE('',#1079,#1102,#251,.T.);
#1335=EDGE_CURVE('',#1104,#1105,#931,.T.);
#1336=EDGE_CURVE('',#1105,#1103,#932,.T.);
#1337=EDGE_CURVE('',#1102,#1104,#933,.T.);
#1338=EDGE_CURVE('',#1106,#1107,#934,.T.);
#1339=EDGE_CURVE('',#1107,#1105,#252,.T.);
#1340=EDGE_CURVE('',#1104,#1106,#253,.T.);
#1341=EDGE_CURVE('',#1106,#1108,#254,.T.);
#1342=EDGE_CURVE('',#1108,#1109,#935,.T.);
#1343=EDGE_CURVE('',#1109,#1107,#255,.T.);
#1344=EDGE_CURVE('',#1110,#1111,#936,.T.);
#1345=EDGE_CURVE('',#1111,#1109,#937,.T.);
#1346=EDGE_CURVE('',#1108,#1110,#938,.T.);
#1347=EDGE_CURVE('',#1112,#1113,#939,.T.);
#1348=EDGE_CURVE('',#1113,#1111,#256,.T.);
#1349=EDGE_CURVE('',#1110,#1112,#257,.T.);
#1350=EDGE_CURVE('',#1085,#1113,#940,.T.);
#1351=EDGE_CURVE('',#1112,#1082,#941,.T.);
#1352=EDGE_CURVE('',#1114,#1094,#258,.T.);
#1353=EDGE_CURVE('',#1115,#1114,#942,.T.);
#1354=EDGE_CURVE('',#1115,#1096,#259,.T.);
#1355=EDGE_CURVE('',#1116,#1092,#260,.T.);
#1356=EDGE_CURVE('',#1114,#1116,#261,.T.);
#1357=EDGE_CURVE('',#1117,#1090,#262,.T.);
#1358=EDGE_CURVE('',#1116,#1117,#263,.T.);
#1359=EDGE_CURVE('',#1118,#1088,#264,.T.);
#1360=EDGE_CURVE('',#1117,#1118,#943,.T.);
#1361=EDGE_CURVE('',#1119,#1110,#265,.T.);
#1362=EDGE_CURVE('',#1118,#1119,#266,.T.);
#1363=EDGE_CURVE('',#1080,#1113,#267,.T.);
#1364=EDGE_CURVE('',#1120,#1120,#944,.T.);
#1365=EDGE_CURVE('',#1121,#1121,#945,.T.);
#1366=EDGE_CURVE('',#1122,#1122,#158,.T.);
#1367=EDGE_CURVE('',#1123,#1123,#159,.T.);
#1368=EDGE_CURVE('',#1124,#1124,#946,.T.);
#1369=EDGE_CURVE('',#1125,#1125,#947,.T.);
#1370=EDGE_CURVE('',#1085,#1081,#268,.T.);
#1371=EDGE_CURVE('',#1118,#1126,#948,.T.);
#1372=EDGE_CURVE('',#1126,#1127,#949,.T.);
#1373=EDGE_CURVE('',#1127,#1117,#950,.T.);
#1374=EDGE_CURVE('',#1128,#1116,#951,.T.);
#1375=EDGE_CURVE('',#1127,#1128,#269,.T.);
#1376=EDGE_CURVE('',#1128,#1129,#270,.T.);
#1377=EDGE_CURVE('',#1129,#1114,#952,.T.);
#1378=EDGE_CURVE('',#1130,#1115,#953,.T.);
#1379=EDGE_CURVE('',#1129,#1130,#954,.T.);
#1380=EDGE_CURVE('',#1131,#1132,#955,.T.);
#1381=EDGE_CURVE('',#1132,#1115,#271,.T.);
#1382=EDGE_CURVE('',#1130,#1131,#272,.T.);
#1383=EDGE_CURVE('',#1133,#1134,#956,.T.);
#1384=EDGE_CURVE('',#1134,#1132,#957,.T.);
#1385=EDGE_CURVE('',#1131,#1133,#958,.T.);
#1386=EDGE_CURVE('',#1135,#1136,#959,.T.);
#1387=EDGE_CURVE('',#1136,#1134,#273,.T.);
#1388=EDGE_CURVE('',#1133,#1135,#274,.T.);
#1389=EDGE_CURVE('',#1135,#1137,#275,.T.);
#1390=EDGE_CURVE('',#1137,#1138,#960,.T.);
#1391=EDGE_CURVE('',#1138,#1136,#276,.T.);
#1392=EDGE_CURVE('',#1139,#1119,#961,.T.);
#1393=EDGE_CURVE('',#1119,#1138,#962,.T.);
#1394=EDGE_CURVE('',#1137,#1139,#963,.T.);
#1395=EDGE_CURVE('',#1139,#1126,#277,.T.);
#1396=EDGE_CURVE('',#1134,#1104,#278,.T.);
#1397=EDGE_CURVE('',#1136,#1106,#279,.T.);
#1398=EDGE_CURVE('',#1138,#1108,#280,.T.);
#1399=EDGE_CURVE('',#1140,#1140,#964,.T.);
#1400=EDGE_CURVE('',#1141,#1141,#965,.T.);
#1401=EDGE_CURVE('',#1142,#1142,#966,.T.);
#1402=EDGE_CURVE('',#1143,#1143,#967,.T.);
#1403=EDGE_CURVE('',#1144,#1144,#968,.T.);
#1404=EDGE_CURVE('',#1145,#1145,#969,.T.);
#1405=EDGE_CURVE('',#1146,#1146,#970,.T.);
#1406=EDGE_CURVE('',#1147,#1147,#971,.T.);
#1407=EDGE_CURVE('',#1084,#1100,#281,.T.);
#1408=EDGE_CURVE('',#1087,#1099,#282,.T.);
#1409=EDGE_CURVE('',#1132,#1102,#283,.T.);
#1410=EDGE_CURVE('',#1148,#1148,#972,.T.);
#1411=EDGE_CURVE('',#1148,#1149,#284,.T.);
#1412=EDGE_CURVE('',#1149,#1149,#973,.T.);
#1413=EDGE_CURVE('',#1150,#1150,#974,.T.);
#1414=EDGE_CURVE('',#1150,#1151,#285,.T.);
#1415=EDGE_CURVE('',#1151,#1151,#975,.T.);
#1416=EDGE_CURVE('',#1152,#1152,#976,.T.);
#1417=EDGE_CURVE('',#1152,#1153,#286,.T.);
#1418=EDGE_CURVE('',#1153,#1153,#977,.T.);
#1419=EDGE_CURVE('',#1154,#1154,#978,.T.);
#1420=EDGE_CURVE('',#1154,#1155,#287,.T.);
#1421=EDGE_CURVE('',#1155,#1155,#979,.T.);
#1422=EDGE_CURVE('',#1156,#1157,#488,.T.);
#1423=EDGE_CURVE('',#1157,#1158,#489,.T.);
#1424=EDGE_CURVE('',#1158,#1159,#490,.T.);
#1425=EDGE_CURVE('',#1159,#1156,#491,.T.);
#1426=EDGE_CURVE('',#1157,#1160,#980,.T.);
#1427=EDGE_CURVE('',#1160,#1161,#492,.T.);
#1428=EDGE_CURVE('',#1161,#1158,#981,.T.);
#1429=EDGE_CURVE('',#1158,#1157,#493,.T.);
#1430=EDGE_CURVE('',#1161,#1159,#494,.T.);
#1431=EDGE_CURVE('',#1156,#1162,#495,.T.);
#1432=EDGE_CURVE('',#1162,#1160,#496,.T.);
#1433=EDGE_CURVE('',#1162,#1163,#288,.T.);
#1434=EDGE_CURVE('',#1163,#1163,#160,.T.);
#1435=EDGE_CURVE('',#1144,#1164,#982,.T.);
#1436=EDGE_CURVE('',#1164,#1165,#983,.T.);
#1437=EDGE_CURVE('',#1165,#1164,#984,.T.);
#1438=EDGE_CURVE('',#1165,#1166,#289,.T.);
#1439=EDGE_CURVE('',#1166,#1166,#985,.T.);
#1440=EDGE_CURVE('',#1145,#1167,#986,.T.);
#1441=EDGE_CURVE('',#1167,#1168,#987,.T.);
#1442=EDGE_CURVE('',#1168,#1167,#988,.T.);
#1443=EDGE_CURVE('',#1168,#1169,#290,.T.);
#1444=EDGE_CURVE('',#1169,#1169,#989,.T.);
#1445=EDGE_CURVE('',#1170,#1170,#990,.T.);
#1446=EDGE_CURVE('',#1171,#1171,#991,.T.);
#1447=EDGE_CURVE('',#1172,#1172,#992,.T.);
#1448=EDGE_CURVE('',#1172,#1170,#291,.T.);
#1449=EDGE_CURVE('',#1173,#1173,#993,.T.);
#1450=EDGE_CURVE('',#1173,#1171,#292,.T.);
#1451=EDGE_CURVE('',#1174,#1175,#497,.T.);
#1452=EDGE_CURVE('',#1176,#1174,#498,.T.);
#1453=EDGE_CURVE('',#1177,#1176,#499,.T.);
#1454=EDGE_CURVE('',#1175,#1177,#500,.T.);
#1455=EDGE_CURVE('',#1175,#1178,#994,.T.);
#1456=EDGE_CURVE('',#1177,#1175,#501,.T.);
#1457=EDGE_CURVE('',#1179,#1177,#995,.T.);
#1458=EDGE_CURVE('',#1178,#1179,#502,.T.);
#1459=EDGE_CURVE('',#1179,#1176,#503,.T.);
#1460=EDGE_CURVE('',#1180,#1178,#504,.T.);
#1461=EDGE_CURVE('',#1174,#1180,#505,.T.);
#1462=EDGE_CURVE('',#1180,#1181,#293,.T.);
#1463=EDGE_CURVE('',#1181,#1181,#161,.T.);
#1464=EDGE_CURVE('',#1147,#1182,#996,.T.);
#1465=EDGE_CURVE('',#1183,#1182,#997,.T.);
#1466=EDGE_CURVE('',#1182,#1183,#998,.T.);
#1467=EDGE_CURVE('',#1183,#1184,#294,.T.);
#1468=EDGE_CURVE('',#1184,#1184,#999,.T.);
#1469=EDGE_CURVE('',#1146,#1185,#1000,.T.);
#1470=EDGE_CURVE('',#1186,#1185,#1001,.T.);
#1471=EDGE_CURVE('',#1185,#1186,#1002,.T.);
#1472=EDGE_CURVE('',#1186,#1187,#295,.T.);
#1473=EDGE_CURVE('',#1187,#1187,#1003,.T.);
#1474=EDGE_CURVE('',#1188,#1188,#1004,.T.);
#1475=EDGE_CURVE('',#1189,#1189,#1005,.T.);
#1476=EDGE_CURVE('',#1190,#1190,#1006,.T.);
#1477=EDGE_CURVE('',#1190,#1188,#296,.T.);
#1478=EDGE_CURVE('',#1191,#1191,#1007,.T.);
#1479=EDGE_CURVE('',#1191,#1189,#297,.T.);
#1480=EDGE_CURVE('',#1192,#1193,#506,.T.);
#1481=EDGE_CURVE('',#1194,#1192,#507,.T.);
#1482=EDGE_CURVE('',#1195,#1194,#508,.T.);
#1483=EDGE_CURVE('',#1193,#1195,#509,.T.);
#1484=EDGE_CURVE('',#1193,#1196,#1008,.T.);
#1485=EDGE_CURVE('',#1195,#1193,#510,.T.);
#1486=EDGE_CURVE('',#1197,#1195,#1009,.T.);
#1487=EDGE_CURVE('',#1196,#1197,#511,.T.);
#1488=EDGE_CURVE('',#1197,#1194,#512,.T.);
#1489=EDGE_CURVE('',#1198,#1196,#513,.T.);
#1490=EDGE_CURVE('',#1192,#1198,#514,.T.);
#1491=EDGE_CURVE('',#1198,#1123,#298,.T.);
#1492=EDGE_CURVE('',#1143,#1199,#1010,.T.);
#1493=EDGE_CURVE('',#1200,#1199,#1011,.T.);
#1494=EDGE_CURVE('',#1199,#1200,#1012,.T.);
#1495=EDGE_CURVE('',#1200,#1201,#299,.T.);
#1496=EDGE_CURVE('',#1201,#1201,#1013,.T.);
#1497=EDGE_CURVE('',#1142,#1202,#1014,.T.);
#1498=EDGE_CURVE('',#1203,#1202,#1015,.T.);
#1499=EDGE_CURVE('',#1202,#1203,#1016,.T.);
#1500=EDGE_CURVE('',#1203,#1204,#300,.T.);
#1501=EDGE_CURVE('',#1204,#1204,#1017,.T.);
#1502=EDGE_CURVE('',#1205,#1205,#1018,.T.);
#1503=EDGE_CURVE('',#1206,#1206,#1019,.T.);
#1504=EDGE_CURVE('',#1124,#1205,#301,.T.);
#1505=EDGE_CURVE('',#1125,#1206,#302,.T.);
#1506=EDGE_CURVE('',#1207,#1208,#515,.T.);
#1507=EDGE_CURVE('',#1208,#1209,#516,.T.);
#1508=EDGE_CURVE('',#1209,#1210,#517,.T.);
#1509=EDGE_CURVE('',#1210,#1207,#518,.T.);
#1510=EDGE_CURVE('',#1208,#1211,#1020,.T.);
#1511=EDGE_CURVE('',#1211,#1212,#519,.T.);
#1512=EDGE_CURVE('',#1212,#1209,#1021,.T.);
#1513=EDGE_CURVE('',#1209,#1208,#520,.T.);
#1514=EDGE_CURVE('',#1212,#1210,#521,.T.);
#1515=EDGE_CURVE('',#1207,#1213,#522,.T.);
#1516=EDGE_CURVE('',#1213,#1211,#523,.T.);
#1517=EDGE_CURVE('',#1213,#1122,#303,.T.);
#1518=EDGE_CURVE('',#1140,#1214,#1022,.T.);
#1519=EDGE_CURVE('',#1214,#1215,#1023,.T.);
#1520=EDGE_CURVE('',#1215,#1214,#1024,.T.);
#1521=EDGE_CURVE('',#1215,#1216,#304,.T.);
#1522=EDGE_CURVE('',#1216,#1216,#1025,.T.);
#1523=EDGE_CURVE('',#1141,#1217,#1026,.T.);
#1524=EDGE_CURVE('',#1217,#1218,#1027,.T.);
#1525=EDGE_CURVE('',#1218,#1217,#1028,.T.);
#1526=EDGE_CURVE('',#1218,#1219,#305,.T.);
#1527=EDGE_CURVE('',#1219,#1219,#1029,.T.);
#1528=EDGE_CURVE('',#1220,#1220,#1030,.T.);
#1529=EDGE_CURVE('',#1221,#1221,#1031,.T.);
#1530=EDGE_CURVE('',#1121,#1220,#306,.T.);
#1531=EDGE_CURVE('',#1120,#1221,#307,.T.);
#1532=ORIENTED_EDGE('',*,*,#1222,.F.);
#1533=ORIENTED_EDGE('',*,*,#1223,.F.);
#1534=ORIENTED_EDGE('',*,*,#1224,.F.);
#1535=ORIENTED_EDGE('',*,*,#1225,.F.);
#1536=ORIENTED_EDGE('',*,*,#1226,.T.);
#1537=ORIENTED_EDGE('',*,*,#1227,.T.);
#1538=ORIENTED_EDGE('',*,*,#1228,.T.);
#1539=ORIENTED_EDGE('',*,*,#1229,.T.);
#1540=ORIENTED_EDGE('',*,*,#1230,.T.);
#1541=ORIENTED_EDGE('',*,*,#1231,.T.);
#1542=ORIENTED_EDGE('',*,*,#1232,.T.);
#1543=ORIENTED_EDGE('',*,*,#1233,.T.);
#1544=ORIENTED_EDGE('',*,*,#1234,.T.);
#1545=ORIENTED_EDGE('',*,*,#1232,.F.);
#1546=ORIENTED_EDGE('',*,*,#1235,.T.);
#1547=ORIENTED_EDGE('',*,*,#1236,.T.);
#1548=ORIENTED_EDGE('',*,*,#1237,.T.);
#1549=ORIENTED_EDGE('',*,*,#1236,.F.);
#1550=ORIENTED_EDGE('',*,*,#1238,.T.);
#1551=ORIENTED_EDGE('',*,*,#1239,.T.);
#1552=ORIENTED_EDGE('',*,*,#1240,.T.);
#1553=ORIENTED_EDGE('',*,*,#1230,.F.);
#1554=ORIENTED_EDGE('',*,*,#1241,.T.);
#1555=ORIENTED_EDGE('',*,*,#1227,.F.);
#1556=ORIENTED_EDGE('',*,*,#1242,.T.);
#1557=ORIENTED_EDGE('',*,*,#1239,.F.);
#1558=ORIENTED_EDGE('',*,*,#1243,.T.);
#1559=ORIENTED_EDGE('',*,*,#1244,.T.);
#1560=ORIENTED_EDGE('',*,*,#1245,.T.);
#1561=ORIENTED_EDGE('',*,*,#1229,.F.);
#1562=ORIENTED_EDGE('',*,*,#1246,.T.);
#1563=ORIENTED_EDGE('',*,*,#1244,.F.);
#1564=ORIENTED_EDGE('',*,*,#1246,.F.);
#1565=ORIENTED_EDGE('',*,*,#1247,.T.);
#1566=ORIENTED_EDGE('',*,*,#1248,.F.);
#1567=ORIENTED_EDGE('',*,*,#1249,.F.);
#1568=ORIENTED_EDGE('',*,*,#1228,.F.);
#1569=ORIENTED_EDGE('',*,*,#1250,.T.);
#1570=ORIENTED_EDGE('',*,*,#1251,.F.);
#1571=ORIENTED_EDGE('',*,*,#1247,.F.);
#1572=ORIENTED_EDGE('',*,*,#1241,.F.);
#1573=ORIENTED_EDGE('',*,*,#1252,.T.);
#1574=ORIENTED_EDGE('',*,*,#1253,.F.);
#1575=ORIENTED_EDGE('',*,*,#1250,.F.);
#1576=ORIENTED_EDGE('',*,*,#1233,.F.);
#1577=ORIENTED_EDGE('',*,*,#1254,.T.);
#1578=ORIENTED_EDGE('',*,*,#1255,.F.);
#1579=ORIENTED_EDGE('',*,*,#1252,.F.);
#1580=ORIENTED_EDGE('',*,*,#1231,.F.);
#1581=ORIENTED_EDGE('',*,*,#1240,.F.);
#1582=ORIENTED_EDGE('',*,*,#1226,.F.);
#1583=ORIENTED_EDGE('',*,*,#1245,.F.);
#1584=ORIENTED_EDGE('',*,*,#1243,.F.);
#1585=ORIENTED_EDGE('',*,*,#1238,.F.);
#1586=ORIENTED_EDGE('',*,*,#1235,.F.);
#1587=ORIENTED_EDGE('',*,*,#1256,.F.);
#1588=ORIENTED_EDGE('',*,*,#1257,.F.);
#1589=ORIENTED_EDGE('',*,*,#1258,.F.);
#1590=ORIENTED_EDGE('',*,*,#1259,.F.);
#1591=ORIENTED_EDGE('',*,*,#1260,.T.);
#1592=ORIENTED_EDGE('',*,*,#1261,.T.);
#1593=ORIENTED_EDGE('',*,*,#1262,.T.);
#1594=ORIENTED_EDGE('',*,*,#1263,.F.);
#1595=ORIENTED_EDGE('',*,*,#1264,.T.);
#1596=ORIENTED_EDGE('',*,*,#1265,.T.);
#1597=ORIENTED_EDGE('',*,*,#1266,.T.);
#1598=ORIENTED_EDGE('',*,*,#1261,.F.);
#1599=ORIENTED_EDGE('',*,*,#1267,.T.);
#1600=ORIENTED_EDGE('',*,*,#1268,.T.);
#1601=ORIENTED_EDGE('',*,*,#1269,.T.);
#1602=ORIENTED_EDGE('',*,*,#1265,.F.);
#1603=ORIENTED_EDGE('',*,*,#1253,.T.);
#1604=ORIENTED_EDGE('',*,*,#1270,.T.);
#1605=ORIENTED_EDGE('',*,*,#1271,.T.);
#1606=ORIENTED_EDGE('',*,*,#1272,.T.);
#1607=ORIENTED_EDGE('',*,*,#1273,.T.);
#1608=ORIENTED_EDGE('',*,*,#1270,.F.);
#1609=ORIENTED_EDGE('',*,*,#1255,.T.);
#1610=ORIENTED_EDGE('',*,*,#1268,.F.);
#1611=ORIENTED_EDGE('',*,*,#1251,.T.);
#1612=ORIENTED_EDGE('',*,*,#1272,.F.);
#1613=ORIENTED_EDGE('',*,*,#1274,.T.);
#1614=ORIENTED_EDGE('',*,*,#1275,.T.);
#1615=ORIENTED_EDGE('',*,*,#1248,.T.);
#1616=ORIENTED_EDGE('',*,*,#1275,.F.);
#1617=ORIENTED_EDGE('',*,*,#1276,.T.);
#1618=ORIENTED_EDGE('',*,*,#1263,.T.);
#1619=ORIENTED_EDGE('',*,*,#1237,.F.);
#1620=ORIENTED_EDGE('',*,*,#1277,.T.);
#1621=ORIENTED_EDGE('',*,*,#1266,.F.);
#1622=ORIENTED_EDGE('',*,*,#1278,.F.);
#1623=ORIENTED_EDGE('',*,*,#1234,.F.);
#1624=ORIENTED_EDGE('',*,*,#1278,.T.);
#1625=ORIENTED_EDGE('',*,*,#1269,.F.);
#1626=ORIENTED_EDGE('',*,*,#1254,.F.);
#1627=ORIENTED_EDGE('',*,*,#1271,.F.);
#1628=ORIENTED_EDGE('',*,*,#1273,.F.);
#1629=ORIENTED_EDGE('',*,*,#1267,.F.);
#1630=ORIENTED_EDGE('',*,*,#1264,.F.);
#1631=ORIENTED_EDGE('',*,*,#1260,.F.);
#1632=ORIENTED_EDGE('',*,*,#1276,.F.);
#1633=ORIENTED_EDGE('',*,*,#1274,.F.);
#1634=ORIENTED_EDGE('',*,*,#1279,.T.);
#1635=ORIENTED_EDGE('',*,*,#1280,.T.);
#1636=ORIENTED_EDGE('',*,*,#1281,.T.);
#1637=ORIENTED_EDGE('',*,*,#1282,.T.);
#1638=ORIENTED_EDGE('',*,*,#1283,.T.);
#1639=ORIENTED_EDGE('',*,*,#1284,.T.);
#1640=ORIENTED_EDGE('',*,*,#1285,.T.);
#1641=ORIENTED_EDGE('',*,*,#1286,.T.);
#1642=ORIENTED_EDGE('',*,*,#1279,.F.);
#1643=ORIENTED_EDGE('',*,*,#1287,.T.);
#1644=ORIENTED_EDGE('',*,*,#1223,.T.);
#1645=ORIENTED_EDGE('',*,*,#1287,.F.);
#1646=ORIENTED_EDGE('',*,*,#1280,.F.);
#1647=ORIENTED_EDGE('',*,*,#1288,.T.);
#1648=ORIENTED_EDGE('',*,*,#1256,.T.);
#1649=ORIENTED_EDGE('',*,*,#1288,.F.);
#1650=ORIENTED_EDGE('',*,*,#1281,.F.);
#1651=ORIENTED_EDGE('',*,*,#1289,.T.);
#1652=ORIENTED_EDGE('',*,*,#1257,.T.);
#1653=ORIENTED_EDGE('',*,*,#1289,.F.);
#1654=ORIENTED_EDGE('',*,*,#1282,.F.);
#1655=ORIENTED_EDGE('',*,*,#1290,.T.);
#1656=ORIENTED_EDGE('',*,*,#1258,.T.);
#1657=ORIENTED_EDGE('',*,*,#1290,.F.);
#1658=ORIENTED_EDGE('',*,*,#1283,.F.);
#1659=ORIENTED_EDGE('',*,*,#1291,.T.);
#1660=ORIENTED_EDGE('',*,*,#1224,.T.);
#1661=ORIENTED_EDGE('',*,*,#1291,.F.);
#1662=ORIENTED_EDGE('',*,*,#1284,.F.);
#1663=ORIENTED_EDGE('',*,*,#1292,.T.);
#1664=ORIENTED_EDGE('',*,*,#1225,.T.);
#1665=ORIENTED_EDGE('',*,*,#1292,.F.);
#1666=ORIENTED_EDGE('',*,*,#1285,.F.);
#1667=ORIENTED_EDGE('',*,*,#1293,.T.);
#1668=ORIENTED_EDGE('',*,*,#1222,.T.);
#1669=ORIENTED_EDGE('',*,*,#1293,.F.);
#1670=ORIENTED_EDGE('',*,*,#1286,.F.);
#1671=ORIENTED_EDGE('',*,*,#1294,.T.);
#1672=ORIENTED_EDGE('',*,*,#1259,.T.);
#1673=ORIENTED_EDGE('',*,*,#1294,.F.);
#1674=ORIENTED_EDGE('',*,*,#1242,.F.);
#1675=ORIENTED_EDGE('',*,*,#1249,.T.);
#1676=ORIENTED_EDGE('',*,*,#1262,.F.);
#1677=ORIENTED_EDGE('',*,*,#1277,.F.);
#1678=ORIENTED_EDGE('',*,*,#1295,.F.);
#1679=ORIENTED_EDGE('',*,*,#1296,.F.);
#1680=ORIENTED_EDGE('',*,*,#1295,.T.);
#1681=ORIENTED_EDGE('',*,*,#1297,.T.);
#1682=ORIENTED_EDGE('',*,*,#1296,.T.);
#1683=ORIENTED_EDGE('',*,*,#1297,.F.);
#1684=ORIENTED_EDGE('',*,*,#1298,.T.);
#1685=ORIENTED_EDGE('',*,*,#1299,.T.);
#1686=ORIENTED_EDGE('',*,*,#1300,.T.);
#1687=ORIENTED_EDGE('',*,*,#1301,.T.);
#1688=ORIENTED_EDGE('',*,*,#1302,.T.);
#1689=ORIENTED_EDGE('',*,*,#1303,.T.);
#1690=ORIENTED_EDGE('',*,*,#1304,.T.);
#1691=ORIENTED_EDGE('',*,*,#1305,.F.);
#1692=ORIENTED_EDGE('',*,*,#1306,.T.);
#1693=ORIENTED_EDGE('',*,*,#1307,.T.);
#1694=ORIENTED_EDGE('',*,*,#1308,.T.);
#1695=ORIENTED_EDGE('',*,*,#1303,.F.);
#1696=ORIENTED_EDGE('',*,*,#1309,.T.);
#1697=ORIENTED_EDGE('',*,*,#1310,.T.);
#1698=ORIENTED_EDGE('',*,*,#1307,.F.);
#1699=ORIENTED_EDGE('',*,*,#1311,.T.);
#1700=ORIENTED_EDGE('',*,*,#1312,.T.);
#1701=ORIENTED_EDGE('',*,*,#1313,.T.);
#1702=ORIENTED_EDGE('',*,*,#1309,.F.);
#1703=ORIENTED_EDGE('',*,*,#1314,.T.);
#1704=ORIENTED_EDGE('',*,*,#1315,.T.);
#1705=ORIENTED_EDGE('',*,*,#1316,.T.);
#1706=ORIENTED_EDGE('',*,*,#1312,.F.);
#1707=ORIENTED_EDGE('',*,*,#1317,.T.);
#1708=ORIENTED_EDGE('',*,*,#1315,.F.);
#1709=ORIENTED_EDGE('',*,*,#1318,.T.);
#1710=ORIENTED_EDGE('',*,*,#1319,.T.);
#1711=ORIENTED_EDGE('',*,*,#1320,.T.);
#1712=ORIENTED_EDGE('',*,*,#1321,.T.);
#1713=ORIENTED_EDGE('',*,*,#1322,.T.);
#1714=ORIENTED_EDGE('',*,*,#1319,.F.);
#1715=ORIENTED_EDGE('',*,*,#1323,.T.);
#1716=ORIENTED_EDGE('',*,*,#1324,.T.);
#1717=ORIENTED_EDGE('',*,*,#1325,.T.);
#1718=ORIENTED_EDGE('',*,*,#1321,.F.);
#1719=ORIENTED_EDGE('',*,*,#1326,.T.);
#1720=ORIENTED_EDGE('',*,*,#1327,.T.);
#1721=ORIENTED_EDGE('',*,*,#1324,.F.);
#1722=ORIENTED_EDGE('',*,*,#1328,.T.);
#1723=ORIENTED_EDGE('',*,*,#1329,.T.);
#1724=ORIENTED_EDGE('',*,*,#1330,.T.);
#1725=ORIENTED_EDGE('',*,*,#1329,.F.);
#1726=ORIENTED_EDGE('',*,*,#1331,.T.);
#1727=ORIENTED_EDGE('',*,*,#1301,.F.);
#1728=ORIENTED_EDGE('',*,*,#1332,.T.);
#1729=ORIENTED_EDGE('',*,*,#1333,.T.);
#1730=ORIENTED_EDGE('',*,*,#1299,.F.);
#1731=ORIENTED_EDGE('',*,*,#1334,.T.);
#1732=ORIENTED_EDGE('',*,*,#1335,.T.);
#1733=ORIENTED_EDGE('',*,*,#1336,.T.);
#1734=ORIENTED_EDGE('',*,*,#1332,.F.);
#1735=ORIENTED_EDGE('',*,*,#1337,.T.);
#1736=ORIENTED_EDGE('',*,*,#1338,.T.);
#1737=ORIENTED_EDGE('',*,*,#1339,.T.);
#1738=ORIENTED_EDGE('',*,*,#1335,.F.);
#1739=ORIENTED_EDGE('',*,*,#1340,.T.);
#1740=ORIENTED_EDGE('',*,*,#1338,.F.);
#1741=ORIENTED_EDGE('',*,*,#1341,.T.);
#1742=ORIENTED_EDGE('',*,*,#1342,.T.);
#1743=ORIENTED_EDGE('',*,*,#1343,.T.);
#1744=ORIENTED_EDGE('',*,*,#1344,.T.);
#1745=ORIENTED_EDGE('',*,*,#1345,.T.);
#1746=ORIENTED_EDGE('',*,*,#1342,.F.);
#1747=ORIENTED_EDGE('',*,*,#1346,.T.);
#1748=ORIENTED_EDGE('',*,*,#1347,.T.);
#1749=ORIENTED_EDGE('',*,*,#1348,.T.);
#1750=ORIENTED_EDGE('',*,*,#1344,.F.);
#1751=ORIENTED_EDGE('',*,*,#1349,.T.);
#1752=ORIENTED_EDGE('',*,*,#1350,.T.);
#1753=ORIENTED_EDGE('',*,*,#1347,.F.);
#1754=ORIENTED_EDGE('',*,*,#1351,.T.);
#1755=ORIENTED_EDGE('',*,*,#1305,.T.);
#1756=ORIENTED_EDGE('',*,*,#1323,.F.);
#1757=ORIENTED_EDGE('',*,*,#1352,.F.);
#1758=ORIENTED_EDGE('',*,*,#1353,.F.);
#1759=ORIENTED_EDGE('',*,*,#1354,.T.);
#1760=ORIENTED_EDGE('',*,*,#1318,.F.);
#1761=ORIENTED_EDGE('',*,*,#1355,.F.);
#1762=ORIENTED_EDGE('',*,*,#1356,.F.);
#1763=ORIENTED_EDGE('',*,*,#1352,.T.);
#1764=ORIENTED_EDGE('',*,*,#1317,.F.);
#1765=ORIENTED_EDGE('',*,*,#1357,.F.);
#1766=ORIENTED_EDGE('',*,*,#1358,.F.);
#1767=ORIENTED_EDGE('',*,*,#1355,.T.);
#1768=ORIENTED_EDGE('',*,*,#1314,.F.);
#1769=ORIENTED_EDGE('',*,*,#1359,.F.);
#1770=ORIENTED_EDGE('',*,*,#1360,.F.);
#1771=ORIENTED_EDGE('',*,*,#1357,.T.);
#1772=ORIENTED_EDGE('',*,*,#1311,.F.);
#1773=ORIENTED_EDGE('',*,*,#1306,.F.);
#1774=ORIENTED_EDGE('',*,*,#1302,.F.);
#1775=ORIENTED_EDGE('',*,*,#1351,.F.);
#1776=ORIENTED_EDGE('',*,*,#1349,.F.);
#1777=ORIENTED_EDGE('',*,*,#1361,.F.);
#1778=ORIENTED_EDGE('',*,*,#1362,.F.);
#1779=ORIENTED_EDGE('',*,*,#1359,.T.);
#1780=ORIENTED_EDGE('',*,*,#1333,.F.);
#1781=ORIENTED_EDGE('',*,*,#1336,.F.);
#1782=ORIENTED_EDGE('',*,*,#1339,.F.);
#1783=ORIENTED_EDGE('',*,*,#1343,.F.);
#1784=ORIENTED_EDGE('',*,*,#1345,.F.);
#1785=ORIENTED_EDGE('',*,*,#1348,.F.);
#1786=ORIENTED_EDGE('',*,*,#1363,.F.);
#1787=ORIENTED_EDGE('',*,*,#1364,.T.);
#1788=ORIENTED_EDGE('',*,*,#1365,.T.);
#1789=ORIENTED_EDGE('',*,*,#1366,.T.);
#1790=ORIENTED_EDGE('',*,*,#1367,.F.);
#1791=ORIENTED_EDGE('',*,*,#1368,.F.);
#1792=ORIENTED_EDGE('',*,*,#1369,.F.);
#1793=ORIENTED_EDGE('',*,*,#1300,.F.);
#1794=ORIENTED_EDGE('',*,*,#1363,.T.);
#1795=ORIENTED_EDGE('',*,*,#1350,.F.);
#1796=ORIENTED_EDGE('',*,*,#1370,.T.);
#1797=ORIENTED_EDGE('',*,*,#1371,.T.);
#1798=ORIENTED_EDGE('',*,*,#1372,.T.);
#1799=ORIENTED_EDGE('',*,*,#1373,.T.);
#1800=ORIENTED_EDGE('',*,*,#1360,.T.);
#1801=ORIENTED_EDGE('',*,*,#1374,.T.);
#1802=ORIENTED_EDGE('',*,*,#1358,.T.);
#1803=ORIENTED_EDGE('',*,*,#1373,.F.);
#1804=ORIENTED_EDGE('',*,*,#1375,.T.);
#1805=ORIENTED_EDGE('',*,*,#1374,.F.);
#1806=ORIENTED_EDGE('',*,*,#1376,.T.);
#1807=ORIENTED_EDGE('',*,*,#1377,.T.);
#1808=ORIENTED_EDGE('',*,*,#1356,.T.);
#1809=ORIENTED_EDGE('',*,*,#1378,.T.);
#1810=ORIENTED_EDGE('',*,*,#1353,.T.);
#1811=ORIENTED_EDGE('',*,*,#1377,.F.);
#1812=ORIENTED_EDGE('',*,*,#1379,.T.);
#1813=ORIENTED_EDGE('',*,*,#1380,.T.);
#1814=ORIENTED_EDGE('',*,*,#1381,.T.);
#1815=ORIENTED_EDGE('',*,*,#1378,.F.);
#1816=ORIENTED_EDGE('',*,*,#1382,.T.);
#1817=ORIENTED_EDGE('',*,*,#1383,.T.);
#1818=ORIENTED_EDGE('',*,*,#1384,.T.);
#1819=ORIENTED_EDGE('',*,*,#1380,.F.);
#1820=ORIENTED_EDGE('',*,*,#1385,.T.);
#1821=ORIENTED_EDGE('',*,*,#1386,.T.);
#1822=ORIENTED_EDGE('',*,*,#1387,.T.);
#1823=ORIENTED_EDGE('',*,*,#1383,.F.);
#1824=ORIENTED_EDGE('',*,*,#1388,.T.);
#1825=ORIENTED_EDGE('',*,*,#1386,.F.);
#1826=ORIENTED_EDGE('',*,*,#1389,.T.);
#1827=ORIENTED_EDGE('',*,*,#1390,.T.);
#1828=ORIENTED_EDGE('',*,*,#1391,.T.);
#1829=ORIENTED_EDGE('',*,*,#1392,.T.);
#1830=ORIENTED_EDGE('',*,*,#1393,.T.);
#1831=ORIENTED_EDGE('',*,*,#1390,.F.);
#1832=ORIENTED_EDGE('',*,*,#1394,.T.);
#1833=ORIENTED_EDGE('',*,*,#1392,.F.);
#1834=ORIENTED_EDGE('',*,*,#1395,.T.);
#1835=ORIENTED_EDGE('',*,*,#1371,.F.);
#1836=ORIENTED_EDGE('',*,*,#1362,.T.);
#1837=ORIENTED_EDGE('',*,*,#1340,.F.);
#1838=ORIENTED_EDGE('',*,*,#1396,.F.);
#1839=ORIENTED_EDGE('',*,*,#1387,.F.);
#1840=ORIENTED_EDGE('',*,*,#1397,.T.);
#1841=ORIENTED_EDGE('',*,*,#1341,.F.);
#1842=ORIENTED_EDGE('',*,*,#1397,.F.);
#1843=ORIENTED_EDGE('',*,*,#1391,.F.);
#1844=ORIENTED_EDGE('',*,*,#1398,.T.);
#1845=ORIENTED_EDGE('',*,*,#1346,.F.);
#1846=ORIENTED_EDGE('',*,*,#1398,.F.);
#1847=ORIENTED_EDGE('',*,*,#1393,.F.);
#1848=ORIENTED_EDGE('',*,*,#1361,.T.);
#1849=ORIENTED_EDGE('',*,*,#1372,.F.);
#1850=ORIENTED_EDGE('',*,*,#1395,.F.);
#1851=ORIENTED_EDGE('',*,*,#1394,.F.);
#1852=ORIENTED_EDGE('',*,*,#1389,.F.);
#1853=ORIENTED_EDGE('',*,*,#1388,.F.);
#1854=ORIENTED_EDGE('',*,*,#1385,.F.);
#1855=ORIENTED_EDGE('',*,*,#1382,.F.);
#1856=ORIENTED_EDGE('',*,*,#1379,.F.);
#1857=ORIENTED_EDGE('',*,*,#1376,.F.);
#1858=ORIENTED_EDGE('',*,*,#1375,.F.);
#1859=ORIENTED_EDGE('',*,*,#1399,.F.);
#1860=ORIENTED_EDGE('',*,*,#1400,.F.);
#1861=ORIENTED_EDGE('',*,*,#1401,.T.);
#1862=ORIENTED_EDGE('',*,*,#1402,.T.);
#1863=ORIENTED_EDGE('',*,*,#1403,.F.);
#1864=ORIENTED_EDGE('',*,*,#1404,.F.);
#1865=ORIENTED_EDGE('',*,*,#1405,.T.);
#1866=ORIENTED_EDGE('',*,*,#1406,.T.);
#1867=ORIENTED_EDGE('',*,*,#1327,.F.);
#1868=ORIENTED_EDGE('',*,*,#1407,.F.);
#1869=ORIENTED_EDGE('',*,*,#1308,.F.);
#1870=ORIENTED_EDGE('',*,*,#1408,.T.);
#1871=ORIENTED_EDGE('',*,*,#1326,.F.);
#1872=ORIENTED_EDGE('',*,*,#1354,.F.);
#1873=ORIENTED_EDGE('',*,*,#1381,.F.);
#1874=ORIENTED_EDGE('',*,*,#1409,.T.);
#1875=ORIENTED_EDGE('',*,*,#1334,.F.);
#1876=ORIENTED_EDGE('',*,*,#1298,.F.);
#1877=ORIENTED_EDGE('',*,*,#1331,.F.);
#1878=ORIENTED_EDGE('',*,*,#1328,.F.);
#1879=ORIENTED_EDGE('',*,*,#1410,.F.);
#1880=ORIENTED_EDGE('',*,*,#1411,.T.);
#1881=ORIENTED_EDGE('',*,*,#1412,.T.);
#1882=ORIENTED_EDGE('',*,*,#1411,.F.);
#1883=ORIENTED_EDGE('',*,*,#1412,.F.);
#1884=ORIENTED_EDGE('',*,*,#1413,.F.);
#1885=ORIENTED_EDGE('',*,*,#1414,.T.);
#1886=ORIENTED_EDGE('',*,*,#1415,.T.);
#1887=ORIENTED_EDGE('',*,*,#1414,.F.);
#1888=ORIENTED_EDGE('',*,*,#1415,.F.);
#1889=ORIENTED_EDGE('',*,*,#1416,.F.);
#1890=ORIENTED_EDGE('',*,*,#1417,.T.);
#1891=ORIENTED_EDGE('',*,*,#1418,.T.);
#1892=ORIENTED_EDGE('',*,*,#1417,.F.);
#1893=ORIENTED_EDGE('',*,*,#1418,.F.);
#1894=ORIENTED_EDGE('',*,*,#1419,.F.);
#1895=ORIENTED_EDGE('',*,*,#1420,.T.);
#1896=ORIENTED_EDGE('',*,*,#1421,.T.);
#1897=ORIENTED_EDGE('',*,*,#1420,.F.);
#1898=ORIENTED_EDGE('',*,*,#1421,.F.);
#1899=ORIENTED_EDGE('',*,*,#1422,.T.);
#1900=ORIENTED_EDGE('',*,*,#1423,.T.);
#1901=ORIENTED_EDGE('',*,*,#1424,.T.);
#1902=ORIENTED_EDGE('',*,*,#1425,.T.);
#1903=ORIENTED_EDGE('',*,*,#1426,.T.);
#1904=ORIENTED_EDGE('',*,*,#1427,.T.);
#1905=ORIENTED_EDGE('',*,*,#1428,.T.);
#1906=ORIENTED_EDGE('',*,*,#1429,.T.);
#1907=ORIENTED_EDGE('',*,*,#1428,.F.);
#1908=ORIENTED_EDGE('',*,*,#1430,.T.);
#1909=ORIENTED_EDGE('',*,*,#1424,.F.);
#1910=ORIENTED_EDGE('',*,*,#1422,.F.);
#1911=ORIENTED_EDGE('',*,*,#1431,.T.);
#1912=ORIENTED_EDGE('',*,*,#1432,.T.);
#1913=ORIENTED_EDGE('',*,*,#1426,.F.);
#1914=ORIENTED_EDGE('',*,*,#1423,.F.);
#1915=ORIENTED_EDGE('',*,*,#1429,.F.);
#1916=ORIENTED_EDGE('',*,*,#1427,.F.);
#1917=ORIENTED_EDGE('',*,*,#1432,.F.);
#1918=ORIENTED_EDGE('',*,*,#1433,.T.);
#1919=ORIENTED_EDGE('',*,*,#1434,.F.);
#1920=ORIENTED_EDGE('',*,*,#1433,.F.);
#1921=ORIENTED_EDGE('',*,*,#1431,.F.);
#1922=ORIENTED_EDGE('',*,*,#1425,.F.);
#1923=ORIENTED_EDGE('',*,*,#1430,.F.);
#1924=ORIENTED_EDGE('',*,*,#1403,.T.);
#1925=ORIENTED_EDGE('',*,*,#1435,.T.);
#1926=ORIENTED_EDGE('',*,*,#1436,.T.);
#1927=ORIENTED_EDGE('',*,*,#1437,.T.);
#1928=ORIENTED_EDGE('',*,*,#1435,.F.);
#1929=ORIENTED_EDGE('',*,*,#1437,.F.);
#1930=ORIENTED_EDGE('',*,*,#1438,.T.);
#1931=ORIENTED_EDGE('',*,*,#1439,.T.);
#1932=ORIENTED_EDGE('',*,*,#1438,.F.);
#1933=ORIENTED_EDGE('',*,*,#1436,.F.);
#1934=ORIENTED_EDGE('',*,*,#1404,.T.);
#1935=ORIENTED_EDGE('',*,*,#1440,.T.);
#1936=ORIENTED_EDGE('',*,*,#1441,.T.);
#1937=ORIENTED_EDGE('',*,*,#1442,.T.);
#1938=ORIENTED_EDGE('',*,*,#1440,.F.);
#1939=ORIENTED_EDGE('',*,*,#1442,.F.);
#1940=ORIENTED_EDGE('',*,*,#1443,.T.);
#1941=ORIENTED_EDGE('',*,*,#1444,.T.);
#1942=ORIENTED_EDGE('',*,*,#1443,.F.);
#1943=ORIENTED_EDGE('',*,*,#1441,.F.);
#1944=ORIENTED_EDGE('',*,*,#1439,.F.);
#1945=ORIENTED_EDGE('',*,*,#1445,.F.);
#1946=ORIENTED_EDGE('',*,*,#1444,.F.);
#1947=ORIENTED_EDGE('',*,*,#1446,.F.);
#1948=ORIENTED_EDGE('',*,*,#1447,.F.);
#1949=ORIENTED_EDGE('',*,*,#1448,.T.);
#1950=ORIENTED_EDGE('',*,*,#1445,.T.);
#1951=ORIENTED_EDGE('',*,*,#1448,.F.);
#1952=ORIENTED_EDGE('',*,*,#1449,.F.);
#1953=ORIENTED_EDGE('',*,*,#1450,.T.);
#1954=ORIENTED_EDGE('',*,*,#1446,.T.);
#1955=ORIENTED_EDGE('',*,*,#1450,.F.);
#1956=ORIENTED_EDGE('',*,*,#1451,.F.);
#1957=ORIENTED_EDGE('',*,*,#1452,.F.);
#1958=ORIENTED_EDGE('',*,*,#1453,.F.);
#1959=ORIENTED_EDGE('',*,*,#1454,.F.);
#1960=ORIENTED_EDGE('',*,*,#1455,.F.);
#1961=ORIENTED_EDGE('',*,*,#1456,.F.);
#1962=ORIENTED_EDGE('',*,*,#1457,.F.);
#1963=ORIENTED_EDGE('',*,*,#1458,.F.);
#1964=ORIENTED_EDGE('',*,*,#1457,.T.);
#1965=ORIENTED_EDGE('',*,*,#1453,.T.);
#1966=ORIENTED_EDGE('',*,*,#1459,.F.);
#1967=ORIENTED_EDGE('',*,*,#1451,.T.);
#1968=ORIENTED_EDGE('',*,*,#1455,.T.);
#1969=ORIENTED_EDGE('',*,*,#1460,.F.);
#1970=ORIENTED_EDGE('',*,*,#1461,.F.);
#1971=ORIENTED_EDGE('',*,*,#1454,.T.);
#1972=ORIENTED_EDGE('',*,*,#1456,.T.);
#1973=ORIENTED_EDGE('',*,*,#1458,.T.);
#1974=ORIENTED_EDGE('',*,*,#1459,.T.);
#1975=ORIENTED_EDGE('',*,*,#1452,.T.);
#1976=ORIENTED_EDGE('',*,*,#1461,.T.);
#1977=ORIENTED_EDGE('',*,*,#1462,.T.);
#1978=ORIENTED_EDGE('',*,*,#1463,.T.);
#1979=ORIENTED_EDGE('',*,*,#1462,.F.);
#1980=ORIENTED_EDGE('',*,*,#1460,.T.);
#1981=ORIENTED_EDGE('',*,*,#1406,.F.);
#1982=ORIENTED_EDGE('',*,*,#1464,.T.);
#1983=ORIENTED_EDGE('',*,*,#1465,.F.);
#1984=ORIENTED_EDGE('',*,*,#1466,.F.);
#1985=ORIENTED_EDGE('',*,*,#1464,.F.);
#1986=ORIENTED_EDGE('',*,*,#1465,.T.);
#1987=ORIENTED_EDGE('',*,*,#1466,.T.);
#1988=ORIENTED_EDGE('',*,*,#1467,.T.);
#1989=ORIENTED_EDGE('',*,*,#1468,.F.);
#1990=ORIENTED_EDGE('',*,*,#1467,.F.);
#1991=ORIENTED_EDGE('',*,*,#1405,.F.);
#1992=ORIENTED_EDGE('',*,*,#1469,.T.);
#1993=ORIENTED_EDGE('',*,*,#1470,.F.);
#1994=ORIENTED_EDGE('',*,*,#1471,.F.);
#1995=ORIENTED_EDGE('',*,*,#1469,.F.);
#1996=ORIENTED_EDGE('',*,*,#1470,.T.);
#1997=ORIENTED_EDGE('',*,*,#1471,.T.);
#1998=ORIENTED_EDGE('',*,*,#1472,.T.);
#1999=ORIENTED_EDGE('',*,*,#1473,.F.);
#2000=ORIENTED_EDGE('',*,*,#1472,.F.);
#2001=ORIENTED_EDGE('',*,*,#1468,.T.);
#2002=ORIENTED_EDGE('',*,*,#1474,.T.);
#2003=ORIENTED_EDGE('',*,*,#1473,.T.);
#2004=ORIENTED_EDGE('',*,*,#1475,.T.);
#2005=ORIENTED_EDGE('',*,*,#1476,.T.);
#2006=ORIENTED_EDGE('',*,*,#1477,.T.);
#2007=ORIENTED_EDGE('',*,*,#1474,.F.);
#2008=ORIENTED_EDGE('',*,*,#1477,.F.);
#2009=ORIENTED_EDGE('',*,*,#1325,.F.);
#2010=ORIENTED_EDGE('',*,*,#1408,.F.);
#2011=ORIENTED_EDGE('',*,*,#1310,.F.);
#2012=ORIENTED_EDGE('',*,*,#1313,.F.);
#2013=ORIENTED_EDGE('',*,*,#1316,.F.);
#2014=ORIENTED_EDGE('',*,*,#1320,.F.);
#2015=ORIENTED_EDGE('',*,*,#1322,.F.);
#2016=ORIENTED_EDGE('',*,*,#1449,.T.);
#2017=ORIENTED_EDGE('',*,*,#1447,.T.);
#2018=ORIENTED_EDGE('',*,*,#1434,.T.);
#2019=ORIENTED_EDGE('',*,*,#1463,.F.);
#2020=ORIENTED_EDGE('',*,*,#1476,.F.);
#2021=ORIENTED_EDGE('',*,*,#1478,.F.);
#2022=ORIENTED_EDGE('',*,*,#1478,.T.);
#2023=ORIENTED_EDGE('',*,*,#1479,.T.);
#2024=ORIENTED_EDGE('',*,*,#1475,.F.);
#2025=ORIENTED_EDGE('',*,*,#1479,.F.);
#2026=ORIENTED_EDGE('',*,*,#1330,.F.);
#2027=ORIENTED_EDGE('',*,*,#1370,.F.);
#2028=ORIENTED_EDGE('',*,*,#1304,.F.);
#2029=ORIENTED_EDGE('',*,*,#1407,.T.);
#2030=ORIENTED_EDGE('',*,*,#1410,.T.);
#2031=ORIENTED_EDGE('',*,*,#1413,.T.);
#2032=ORIENTED_EDGE('',*,*,#1416,.T.);
#2033=ORIENTED_EDGE('',*,*,#1419,.T.);
#2034=ORIENTED_EDGE('',*,*,#1480,.F.);
#2035=ORIENTED_EDGE('',*,*,#1481,.F.);
#2036=ORIENTED_EDGE('',*,*,#1482,.F.);
#2037=ORIENTED_EDGE('',*,*,#1483,.F.);
#2038=ORIENTED_EDGE('',*,*,#1484,.F.);
#2039=ORIENTED_EDGE('',*,*,#1485,.F.);
#2040=ORIENTED_EDGE('',*,*,#1486,.F.);
#2041=ORIENTED_EDGE('',*,*,#1487,.F.);
#2042=ORIENTED_EDGE('',*,*,#1486,.T.);
#2043=ORIENTED_EDGE('',*,*,#1482,.T.);
#2044=ORIENTED_EDGE('',*,*,#1488,.F.);
#2045=ORIENTED_EDGE('',*,*,#1480,.T.);
#2046=ORIENTED_EDGE('',*,*,#1484,.T.);
#2047=ORIENTED_EDGE('',*,*,#1489,.F.);
#2048=ORIENTED_EDGE('',*,*,#1490,.F.);
#2049=ORIENTED_EDGE('',*,*,#1483,.T.);
#2050=ORIENTED_EDGE('',*,*,#1485,.T.);
#2051=ORIENTED_EDGE('',*,*,#1487,.T.);
#2052=ORIENTED_EDGE('',*,*,#1488,.T.);
#2053=ORIENTED_EDGE('',*,*,#1481,.T.);
#2054=ORIENTED_EDGE('',*,*,#1490,.T.);
#2055=ORIENTED_EDGE('',*,*,#1491,.T.);
#2056=ORIENTED_EDGE('',*,*,#1367,.T.);
#2057=ORIENTED_EDGE('',*,*,#1491,.F.);
#2058=ORIENTED_EDGE('',*,*,#1489,.T.);
#2059=ORIENTED_EDGE('',*,*,#1402,.F.);
#2060=ORIENTED_EDGE('',*,*,#1492,.T.);
#2061=ORIENTED_EDGE('',*,*,#1493,.F.);
#2062=ORIENTED_EDGE('',*,*,#1494,.F.);
#2063=ORIENTED_EDGE('',*,*,#1492,.F.);
#2064=ORIENTED_EDGE('',*,*,#1493,.T.);
#2065=ORIENTED_EDGE('',*,*,#1494,.T.);
#2066=ORIENTED_EDGE('',*,*,#1495,.T.);
#2067=ORIENTED_EDGE('',*,*,#1496,.F.);
#2068=ORIENTED_EDGE('',*,*,#1495,.F.);
#2069=ORIENTED_EDGE('',*,*,#1401,.F.);
#2070=ORIENTED_EDGE('',*,*,#1497,.T.);
#2071=ORIENTED_EDGE('',*,*,#1498,.F.);
#2072=ORIENTED_EDGE('',*,*,#1499,.F.);
#2073=ORIENTED_EDGE('',*,*,#1497,.F.);
#2074=ORIENTED_EDGE('',*,*,#1498,.T.);
#2075=ORIENTED_EDGE('',*,*,#1499,.T.);
#2076=ORIENTED_EDGE('',*,*,#1500,.T.);
#2077=ORIENTED_EDGE('',*,*,#1501,.F.);
#2078=ORIENTED_EDGE('',*,*,#1500,.F.);
#2079=ORIENTED_EDGE('',*,*,#1496,.T.);
#2080=ORIENTED_EDGE('',*,*,#1502,.T.);
#2081=ORIENTED_EDGE('',*,*,#1501,.T.);
#2082=ORIENTED_EDGE('',*,*,#1503,.T.);
#2083=ORIENTED_EDGE('',*,*,#1337,.F.);
#2084=ORIENTED_EDGE('',*,*,#1409,.F.);
#2085=ORIENTED_EDGE('',*,*,#1384,.F.);
#2086=ORIENTED_EDGE('',*,*,#1396,.T.);
#2087=ORIENTED_EDGE('',*,*,#1368,.T.);
#2088=ORIENTED_EDGE('',*,*,#1504,.T.);
#2089=ORIENTED_EDGE('',*,*,#1502,.F.);
#2090=ORIENTED_EDGE('',*,*,#1504,.F.);
#2091=ORIENTED_EDGE('',*,*,#1369,.T.);
#2092=ORIENTED_EDGE('',*,*,#1505,.T.);
#2093=ORIENTED_EDGE('',*,*,#1503,.F.);
#2094=ORIENTED_EDGE('',*,*,#1505,.F.);
#2095=ORIENTED_EDGE('',*,*,#1506,.T.);
#2096=ORIENTED_EDGE('',*,*,#1507,.T.);
#2097=ORIENTED_EDGE('',*,*,#1508,.T.);
#2098=ORIENTED_EDGE('',*,*,#1509,.T.);
#2099=ORIENTED_EDGE('',*,*,#1510,.T.);
#2100=ORIENTED_EDGE('',*,*,#1511,.T.);
#2101=ORIENTED_EDGE('',*,*,#1512,.T.);
#2102=ORIENTED_EDGE('',*,*,#1513,.T.);
#2103=ORIENTED_EDGE('',*,*,#1512,.F.);
#2104=ORIENTED_EDGE('',*,*,#1514,.T.);
#2105=ORIENTED_EDGE('',*,*,#1508,.F.);
#2106=ORIENTED_EDGE('',*,*,#1506,.F.);
#2107=ORIENTED_EDGE('',*,*,#1515,.T.);
#2108=ORIENTED_EDGE('',*,*,#1516,.T.);
#2109=ORIENTED_EDGE('',*,*,#1510,.F.);
#2110=ORIENTED_EDGE('',*,*,#1507,.F.);
#2111=ORIENTED_EDGE('',*,*,#1513,.F.);
#2112=ORIENTED_EDGE('',*,*,#1511,.F.);
#2113=ORIENTED_EDGE('',*,*,#1516,.F.);
#2114=ORIENTED_EDGE('',*,*,#1517,.T.);
#2115=ORIENTED_EDGE('',*,*,#1366,.F.);
#2116=ORIENTED_EDGE('',*,*,#1517,.F.);
#2117=ORIENTED_EDGE('',*,*,#1515,.F.);
#2118=ORIENTED_EDGE('',*,*,#1509,.F.);
#2119=ORIENTED_EDGE('',*,*,#1514,.F.);
#2120=ORIENTED_EDGE('',*,*,#1399,.T.);
#2121=ORIENTED_EDGE('',*,*,#1518,.T.);
#2122=ORIENTED_EDGE('',*,*,#1519,.T.);
#2123=ORIENTED_EDGE('',*,*,#1520,.T.);
#2124=ORIENTED_EDGE('',*,*,#1518,.F.);
#2125=ORIENTED_EDGE('',*,*,#1520,.F.);
#2126=ORIENTED_EDGE('',*,*,#1521,.T.);
#2127=ORIENTED_EDGE('',*,*,#1522,.T.);
#2128=ORIENTED_EDGE('',*,*,#1521,.F.);
#2129=ORIENTED_EDGE('',*,*,#1519,.F.);
#2130=ORIENTED_EDGE('',*,*,#1400,.T.);
#2131=ORIENTED_EDGE('',*,*,#1523,.T.);
#2132=ORIENTED_EDGE('',*,*,#1524,.T.);
#2133=ORIENTED_EDGE('',*,*,#1525,.T.);
#2134=ORIENTED_EDGE('',*,*,#1523,.F.);
#2135=ORIENTED_EDGE('',*,*,#1525,.F.);
#2136=ORIENTED_EDGE('',*,*,#1526,.T.);
#2137=ORIENTED_EDGE('',*,*,#1527,.T.);
#2138=ORIENTED_EDGE('',*,*,#1526,.F.);
#2139=ORIENTED_EDGE('',*,*,#1524,.F.);
#2140=ORIENTED_EDGE('',*,*,#1522,.F.);
#2141=ORIENTED_EDGE('',*,*,#1528,.F.);
#2142=ORIENTED_EDGE('',*,*,#1527,.F.);
#2143=ORIENTED_EDGE('',*,*,#1529,.F.);
#2144=ORIENTED_EDGE('',*,*,#1365,.F.);
#2145=ORIENTED_EDGE('',*,*,#1530,.T.);
#2146=ORIENTED_EDGE('',*,*,#1528,.T.);
#2147=ORIENTED_EDGE('',*,*,#1530,.F.);
#2148=ORIENTED_EDGE('',*,*,#1364,.F.);
#2149=ORIENTED_EDGE('',*,*,#1531,.T.);
#2150=ORIENTED_EDGE('',*,*,#1529,.T.);
#2151=ORIENTED_EDGE('',*,*,#1531,.F.);
#2152=PLANE('',#2574);
#2153=PLANE('',#2576);
#2154=PLANE('',#2578);
#2155=PLANE('',#2580);
#2156=PLANE('',#2595);
#2157=PLANE('',#2598);
#2158=PLANE('',#2599);
#2159=PLANE('',#2600);
#2160=PLANE('',#2617);
#2161=PLANE('',#2619);
#2162=PLANE('',#2636);
#2163=PLANE('',#2638);
#2164=PLANE('',#2694);
#2165=PLANE('',#2695);
#2166=PLANE('',#2698);
#2167=PLANE('',#2699);
#2168=PLANE('',#2733);
#2169=PLANE('',#2734);
#2170=PLANE('',#2736);
#2171=PLANE('',#2746);
#2172=PLANE('',#2750);
#2173=PLANE('',#2754);
#2174=PLANE('',#2758);
#2175=PLANE('',#2762);
#2176=PLANE('',#2765);
#2177=PLANE('',#2779);
#2178=PLANE('',#2781);
#2179=PLANE('',#2789);
#2180=PLANE('',#2803);
#2181=PLANE('',#2805);
#2182=PLANE('',#2809);
#2183=PLANE('',#2812);
#2184=PLANE('',#2815);
#2185=PLANE('',#2828);
#2186=PLANE('',#2830);
#2187=PLANE('',#2837);
#2188=PLANE('',#2850);
#2189=PLANE('',#2852);
#2190=ADVANCED_FACE('',(#550),#2152,.T.);
#2191=ADVANCED_FACE('',(#551),#2153,.T.);
#2192=ADVANCED_FACE('',(#552),#2154,.T.);
#2193=ADVANCED_FACE('',(#553),#2155,.T.);
#2194=ADVANCED_FACE('',(#554),#524,.T.);
#2195=ADVANCED_FACE('',(#555),#410,.T.);
#2196=ADVANCED_FACE('',(#556),#525,.T.);
#2197=ADVANCED_FACE('',(#557),#411,.T.);
#2198=ADVANCED_FACE('',(#558),#412,.T.);
#2199=ADVANCED_FACE('',(#559),#526,.T.);
#2200=ADVANCED_FACE('',(#560),#413,.T.);
#2201=ADVANCED_FACE('',(#561),#2156,.T.);
#2202=ADVANCED_FACE('',(#562),#414,.T.);
#2203=ADVANCED_FACE('',(#563),#2157,.T.);
#2204=ADVANCED_FACE('',(#564),#2158,.T.);
#2205=ADVANCED_FACE('',(#565,#162,#163,#164,#165),#2159,.F.);
#2206=ADVANCED_FACE('',(#566),#527,.T.);
#2207=ADVANCED_FACE('',(#567),#415,.T.);
#2208=ADVANCED_FACE('',(#568),#528,.T.);
#2209=ADVANCED_FACE('',(#569),#416,.T.);
#2210=ADVANCED_FACE('',(#570),#417,.T.);
#2211=ADVANCED_FACE('',(#571),#529,.T.);
#2212=ADVANCED_FACE('',(#572),#418,.T.);
#2213=ADVANCED_FACE('',(#573),#2160,.T.);
#2214=ADVANCED_FACE('',(#574),#419,.T.);
#2215=ADVANCED_FACE('',(#575,#166,#167,#168,#169,#170,#171,#172,#173),#2161,
 .T.);
#2216=ADVANCED_FACE('',(#576),#420,.F.);
#2217=ADVANCED_FACE('',(#577),#421,.F.);
#2218=ADVANCED_FACE('',(#578),#148,.T.);
#2219=ADVANCED_FACE('',(#579),#422,.F.);
#2220=ADVANCED_FACE('',(#580),#423,.F.);
#2221=ADVANCED_FACE('',(#581),#424,.F.);
#2222=ADVANCED_FACE('',(#582),#425,.F.);
#2223=ADVANCED_FACE('',(#583),#426,.F.);
#2224=ADVANCED_FACE('',(#584),#427,.T.);
#2225=ADVANCED_FACE('',(#585),#2162,.T.);
#2226=ADVANCED_FACE('',(#586),#2163,.F.);
#2227=ADVANCED_FACE('',(#587),#149,.F.);
#2228=ADVANCED_FACE('',(#588),#530,.T.);
#2229=ADVANCED_FACE('',(#589),#428,.T.);
#2230=ADVANCED_FACE('',(#590),#531,.T.);
#2231=ADVANCED_FACE('',(#591),#429,.T.);
#2232=ADVANCED_FACE('',(#592),#532,.T.);
#2233=ADVANCED_FACE('',(#593),#430,.T.);
#2234=ADVANCED_FACE('',(#594),#431,.T.);
#2235=ADVANCED_FACE('',(#595),#533,.T.);
#2236=ADVANCED_FACE('',(#596),#432,.T.);
#2237=ADVANCED_FACE('',(#597),#534,.T.);
#2238=ADVANCED_FACE('',(#598),#433,.T.);
#2239=ADVANCED_FACE('',(#599),#434,.T.);
#2240=ADVANCED_FACE('',(#600),#535,.T.);
#2241=ADVANCED_FACE('',(#601),#435,.T.);
#2242=ADVANCED_FACE('',(#602),#436,.T.);
#2243=ADVANCED_FACE('',(#603),#536,.T.);
#2244=ADVANCED_FACE('',(#604),#437,.T.);
#2245=ADVANCED_FACE('',(#605),#537,.T.);
#2246=ADVANCED_FACE('',(#606),#438,.T.);
#2247=ADVANCED_FACE('',(#607),#2164,.T.);
#2248=ADVANCED_FACE('',(#608),#2165,.F.);
#2249=ADVANCED_FACE('',(#609),#439,.T.);
#2250=ADVANCED_FACE('',(#610),#2166,.T.);
#2251=ADVANCED_FACE('',(#611,#174,#175,#176,#177,#178,#179),#2167,.F.);
#2252=ADVANCED_FACE('',(#612),#440,.T.);
#2253=ADVANCED_FACE('',(#613),#538,.T.);
#2254=ADVANCED_FACE('',(#614),#441,.T.);
#2255=ADVANCED_FACE('',(#615),#442,.T.);
#2256=ADVANCED_FACE('',(#616),#539,.T.);
#2257=ADVANCED_FACE('',(#617),#443,.T.);
#2258=ADVANCED_FACE('',(#618),#540,.T.);
#2259=ADVANCED_FACE('',(#619),#444,.T.);
#2260=ADVANCED_FACE('',(#620),#445,.T.);
#2261=ADVANCED_FACE('',(#621),#541,.T.);
#2262=ADVANCED_FACE('',(#622),#446,.T.);
#2263=ADVANCED_FACE('',(#623),#2168,.F.);
#2264=ADVANCED_FACE('',(#624),#2169,.T.);
#2265=ADVANCED_FACE('',(#625),#447,.T.);
#2266=ADVANCED_FACE('',(#626,#180,#181,#182,#183,#184,#185,#186,#187),#2170,
 .T.);
#2267=ADVANCED_FACE('',(#627),#448,.T.);
#2268=ADVANCED_FACE('',(#628),#2171,.F.);
#2269=ADVANCED_FACE('',(#629),#449,.F.);
#2270=ADVANCED_FACE('',(#630),#2172,.T.);
#2271=ADVANCED_FACE('',(#631),#450,.F.);
#2272=ADVANCED_FACE('',(#632),#2173,.T.);
#2273=ADVANCED_FACE('',(#633),#451,.F.);
#2274=ADVANCED_FACE('',(#634),#2174,.T.);
#2275=ADVANCED_FACE('',(#635),#452,.F.);
#2276=ADVANCED_FACE('',(#636),#2175,.T.);
#2277=ADVANCED_FACE('',(#637),#121,.F.);
#2278=ADVANCED_FACE('',(#638),#122,.F.);
#2279=ADVANCED_FACE('',(#639),#123,.F.);
#2280=ADVANCED_FACE('',(#640),#124,.F.);
#2281=ADVANCED_FACE('',(#641),#2176,.F.);
#2282=ADVANCED_FACE('',(#642),#150,.F.);
#2283=ADVANCED_FACE('',(#643),#542,.T.);
#2284=ADVANCED_FACE('',(#644),#453,.F.);
#2285=ADVANCED_FACE('',(#645),#543,.T.);
#2286=ADVANCED_FACE('',(#646),#454,.F.);
#2287=ADVANCED_FACE('',(#647,#188),#2177,.T.);
#2288=ADVANCED_FACE('',(#648,#189),#2178,.T.);
#2289=ADVANCED_FACE('',(#649),#455,.F.);
#2290=ADVANCED_FACE('',(#650),#456,.F.);
#2291=ADVANCED_FACE('',(#651),#125,.T.);
#2292=ADVANCED_FACE('',(#652),#126,.T.);
#2293=ADVANCED_FACE('',(#653),#127,.T.);
#2294=ADVANCED_FACE('',(#654),#128,.T.);
#2295=ADVANCED_FACE('',(#655),#2179,.T.);
#2296=ADVANCED_FACE('',(#656),#151,.T.);
#2297=ADVANCED_FACE('',(#657),#544,.T.);
#2298=ADVANCED_FACE('',(#658),#457,.F.);
#2299=ADVANCED_FACE('',(#659),#545,.T.);
#2300=ADVANCED_FACE('',(#660),#458,.F.);
#2301=ADVANCED_FACE('',(#661,#190),#2180,.F.);
#2302=ADVANCED_FACE('',(#662,#191),#2181,.F.);
#2303=ADVANCED_FACE('',(#663),#459,.F.);
#2304=ADVANCED_FACE('',(#664,#192,#193,#194,#195,#196,#197),#2182,.T.);
#2305=ADVANCED_FACE('',(#665),#460,.F.);
#2306=ADVANCED_FACE('',(#666,#198,#199,#200,#201),#2183,.T.);
#2307=ADVANCED_FACE('',(#667),#129,.T.);
#2308=ADVANCED_FACE('',(#668),#130,.T.);
#2309=ADVANCED_FACE('',(#669),#131,.T.);
#2310=ADVANCED_FACE('',(#670),#132,.T.);
#2311=ADVANCED_FACE('',(#671),#2184,.T.);
#2312=ADVANCED_FACE('',(#672),#152,.T.);
#2313=ADVANCED_FACE('',(#673),#546,.T.);
#2314=ADVANCED_FACE('',(#674),#461,.F.);
#2315=ADVANCED_FACE('',(#675),#547,.T.);
#2316=ADVANCED_FACE('',(#676),#462,.F.);
#2317=ADVANCED_FACE('',(#677,#202),#2185,.F.);
#2318=ADVANCED_FACE('',(#678,#203),#2186,.F.);
#2319=ADVANCED_FACE('',(#679),#463,.T.);
#2320=ADVANCED_FACE('',(#680),#464,.F.);
#2321=ADVANCED_FACE('',(#681),#465,.F.);
#2322=ADVANCED_FACE('',(#682),#133,.F.);
#2323=ADVANCED_FACE('',(#683),#134,.F.);
#2324=ADVANCED_FACE('',(#684),#135,.F.);
#2325=ADVANCED_FACE('',(#685),#136,.F.);
#2326=ADVANCED_FACE('',(#686),#2187,.F.);
#2327=ADVANCED_FACE('',(#687),#153,.F.);
#2328=ADVANCED_FACE('',(#688),#548,.T.);
#2329=ADVANCED_FACE('',(#689),#466,.F.);
#2330=ADVANCED_FACE('',(#690),#549,.T.);
#2331=ADVANCED_FACE('',(#691),#467,.F.);
#2332=ADVANCED_FACE('',(#692,#204),#2188,.T.);
#2333=ADVANCED_FACE('',(#693,#205),#2189,.T.);
#2334=ADVANCED_FACE('',(#694),#468,.F.);
#2335=ADVANCED_FACE('',(#695),#469,.F.);
#2336=CLOSED_SHELL('',(#2190,#2191,#2192,#2193,#2194,#2195,#2196,#2197,
#2198,#2199,#2200,#2201,#2202,#2203,#2204,#2205,#2206,#2207,#2208,#2209,
#2210,#2211,#2212,#2213,#2214,#2215,#2216,#2217,#2218,#2219,#2220,#2221,
#2222,#2223,#2224));
#2337=CLOSED_SHELL('',(#2225,#2226,#2227));
#2338=CLOSED_SHELL('',(#2228,#2229,#2230,#2231,#2232,#2233,#2234,#2235,
#2236,#2237,#2238,#2239,#2240,#2241,#2242,#2243,#2244,#2245,#2246,#2247,
#2248,#2249,#2250,#2251,#2252,#2253,#2254,#2255,#2256,#2257,#2258,#2259,
#2260,#2261,#2262,#2263,#2264,#2265,#2266,#2267,#2268,#2269,#2270,#2271,
#2272,#2273,#2274,#2275,#2276,#2277,#2278,#2279,#2280,#2281,#2282,#2283,
#2284,#2285,#2286,#2287,#2288,#2289,#2290,#2291,#2292,#2293,#2294,#2295,
#2296,#2297,#2298,#2299,#2300,#2301,#2302,#2303,#2304,#2305,#2306,#2307,
#2308,#2309,#2310,#2311,#2312,#2313,#2314,#2315,#2316,#2317,#2318,#2319,
#2320,#2321,#2322,#2323,#2324,#2325,#2326,#2327,#2328,#2329,#2330,#2331,
#2332,#2333,#2334,#2335));
#2339=DERIVED_UNIT_ELEMENT(#2381,1.);
#2340=DERIVED_UNIT_ELEMENT(#5904,-3.);
#2341=DERIVED_UNIT_ELEMENT(#2381,1.);
#2342=DERIVED_UNIT_ELEMENT(#5904,-3.);
#2343=DERIVED_UNIT_ELEMENT(#2381,1.);
#2344=DERIVED_UNIT_ELEMENT(#5904,-3.);
#2345=DERIVED_UNIT_ELEMENT(#2381,1.);
#2346=DERIVED_UNIT_ELEMENT(#5904,-3.);
#2347=DERIVED_UNIT_ELEMENT(#2381,1.);
#2348=DERIVED_UNIT_ELEMENT(#5904,-3.);
#2349=DERIVED_UNIT_ELEMENT(#2381,1.);
#2350=DERIVED_UNIT_ELEMENT(#5904,-3.);
#2351=DERIVED_UNIT_ELEMENT(#2381,1.);
#2352=DERIVED_UNIT_ELEMENT(#5904,-3.);
#2353=DERIVED_UNIT_ELEMENT(#2381,1.);
#2354=DERIVED_UNIT_ELEMENT(#5904,-3.);
#2355=DERIVED_UNIT_ELEMENT(#2381,1.);
#2356=DERIVED_UNIT_ELEMENT(#5904,-3.);
#2357=DERIVED_UNIT_ELEMENT(#2381,1.);
#2358=DERIVED_UNIT_ELEMENT(#5904,-3.);
#2359=DERIVED_UNIT_ELEMENT(#2381,1.);
#2360=DERIVED_UNIT_ELEMENT(#5904,-3.);
#2361=DERIVED_UNIT_ELEMENT(#2381,1.);
#2362=DERIVED_UNIT_ELEMENT(#5904,-3.);
#2363=DERIVED_UNIT_ELEMENT(#2381,1.);
#2364=DERIVED_UNIT_ELEMENT(#5904,-3.);
#2365=DERIVED_UNIT_ELEMENT(#2381,1.);
#2366=DERIVED_UNIT_ELEMENT(#5904,-3.);
#2367=DERIVED_UNIT_ELEMENT(#2381,1.);
#2368=DERIVED_UNIT_ELEMENT(#5904,-3.);
#2369=DERIVED_UNIT_ELEMENT(#2381,1.);
#2370=DERIVED_UNIT_ELEMENT(#5904,-3.);
#2371=DERIVED_UNIT_ELEMENT(#2381,1.);
#2372=DERIVED_UNIT_ELEMENT(#5904,-3.);
#2373=DERIVED_UNIT_ELEMENT(#2381,1.);
#2374=DERIVED_UNIT_ELEMENT(#5904,-3.);
#2375=DERIVED_UNIT_ELEMENT(#2381,1.);
#2376=DERIVED_UNIT_ELEMENT(#5904,-3.);
#2377=DERIVED_UNIT_ELEMENT(#2381,1.);
#2378=DERIVED_UNIT_ELEMENT(#5904,-3.);
#2379=DERIVED_UNIT_ELEMENT(#2381,1.);
#2380=DERIVED_UNIT_ELEMENT(#5904,-3.);
#2381=(
MASS_UNIT()
NAMED_UNIT(*)
SI_UNIT(.KILO.,.GRAM.)
);
#2382=DERIVED_UNIT((#2339,#2340));
#2383=DERIVED_UNIT((#2341,#2342));
#2384=DERIVED_UNIT((#2343,#2344));
#2385=DERIVED_UNIT((#2345,#2346));
#2386=DERIVED_UNIT((#2347,#2348));
#2387=DERIVED_UNIT((#2349,#2350));
#2388=DERIVED_UNIT((#2351,#2352));
#2389=DERIVED_UNIT((#2353,#2354));
#2390=DERIVED_UNIT((#2355,#2356));
#2391=DERIVED_UNIT((#2357,#2358));
#2392=DERIVED_UNIT((#2359,#2360));
#2393=DERIVED_UNIT((#2361,#2362));
#2394=DERIVED_UNIT((#2363,#2364));
#2395=DERIVED_UNIT((#2365,#2366));
#2396=DERIVED_UNIT((#2367,#2368));
#2397=DERIVED_UNIT((#2369,#2370));
#2398=DERIVED_UNIT((#2371,#2372));
#2399=DERIVED_UNIT((#2373,#2374));
#2400=DERIVED_UNIT((#2375,#2376));
#2401=DERIVED_UNIT((#2377,#2378));
#2402=DERIVED_UNIT((#2379,#2380));
#2403=MEASURE_REPRESENTATION_ITEM('density measure',
POSITIVE_RATIO_MEASURE(7850.),#2382);
#2404=MEASURE_REPRESENTATION_ITEM('density measure',
POSITIVE_RATIO_MEASURE(7850.),#2383);
#2405=MEASURE_REPRESENTATION_ITEM('density measure',
POSITIVE_RATIO_MEASURE(7850.),#2384);
#2406=MEASURE_REPRESENTATION_ITEM('density measure',
POSITIVE_RATIO_MEASURE(7850.),#2385);
#2407=MEASURE_REPRESENTATION_ITEM('density measure',
POSITIVE_RATIO_MEASURE(7850.),#2386);
#2408=MEASURE_REPRESENTATION_ITEM('density measure',
POSITIVE_RATIO_MEASURE(7850.),#2387);
#2409=MEASURE_REPRESENTATION_ITEM('density measure',
POSITIVE_RATIO_MEASURE(7850.),#2388);
#2410=MEASURE_REPRESENTATION_ITEM('density measure',
POSITIVE_RATIO_MEASURE(7850.),#2389);
#2411=MEASURE_REPRESENTATION_ITEM('density measure',
POSITIVE_RATIO_MEASURE(7850.),#2390);
#2412=MEASURE_REPRESENTATION_ITEM('density measure',
POSITIVE_RATIO_MEASURE(7850.),#2391);
#2413=MEASURE_REPRESENTATION_ITEM('density measure',
POSITIVE_RATIO_MEASURE(7850.),#2392);
#2414=MEASURE_REPRESENTATION_ITEM('density measure',
POSITIVE_RATIO_MEASURE(7850.),#2393);
#2415=MEASURE_REPRESENTATION_ITEM('density measure',
POSITIVE_RATIO_MEASURE(7850.),#2394);
#2416=MEASURE_REPRESENTATION_ITEM('density measure',
POSITIVE_RATIO_MEASURE(7850.),#2395);
#2417=MEASURE_REPRESENTATION_ITEM('density measure',
POSITIVE_RATIO_MEASURE(7850.),#2396);
#2418=MEASURE_REPRESENTATION_ITEM('density measure',
POSITIVE_RATIO_MEASURE(7850.),#2397);
#2419=MEASURE_REPRESENTATION_ITEM('density measure',
POSITIVE_RATIO_MEASURE(7850.),#2398);
#2420=MEASURE_REPRESENTATION_ITEM('density measure',
POSITIVE_RATIO_MEASURE(7850.),#2399);
#2421=MEASURE_REPRESENTATION_ITEM('density measure',
POSITIVE_RATIO_MEASURE(7850.),#2400);
#2422=MEASURE_REPRESENTATION_ITEM('density measure',
POSITIVE_RATIO_MEASURE(7850.),#2401);
#2423=MEASURE_REPRESENTATION_ITEM('density measure',
POSITIVE_RATIO_MEASURE(7850.),#2402);
#2424=PROPERTY_DEFINITION_REPRESENTATION(#2529,#2466);
#2425=PROPERTY_DEFINITION_REPRESENTATION(#2530,#2467);
#2426=PROPERTY_DEFINITION_REPRESENTATION(#2531,#2468);
#2427=PROPERTY_DEFINITION_REPRESENTATION(#2532,#2469);
#2428=PROPERTY_DEFINITION_REPRESENTATION(#2533,#2470);
#2429=PROPERTY_DEFINITION_REPRESENTATION(#2534,#2471);
#2430=PROPERTY_DEFINITION_REPRESENTATION(#2535,#2472);
#2431=PROPERTY_DEFINITION_REPRESENTATION(#2536,#2473);
#2432=PROPERTY_DEFINITION_REPRESENTATION(#2537,#2474);
#2433=PROPERTY_DEFINITION_REPRESENTATION(#2538,#2475);
#2434=PROPERTY_DEFINITION_REPRESENTATION(#2539,#2476);
#2435=PROPERTY_DEFINITION_REPRESENTATION(#2540,#2477);
#2436=PROPERTY_DEFINITION_REPRESENTATION(#2541,#2478);
#2437=PROPERTY_DEFINITION_REPRESENTATION(#2542,#2479);
#2438=PROPERTY_DEFINITION_REPRESENTATION(#2543,#2480);
#2439=PROPERTY_DEFINITION_REPRESENTATION(#2544,#2481);
#2440=PROPERTY_DEFINITION_REPRESENTATION(#2545,#2482);
#2441=PROPERTY_DEFINITION_REPRESENTATION(#2546,#2483);
#2442=PROPERTY_DEFINITION_REPRESENTATION(#2547,#2484);
#2443=PROPERTY_DEFINITION_REPRESENTATION(#2548,#2485);
#2444=PROPERTY_DEFINITION_REPRESENTATION(#2549,#2486);
#2445=PROPERTY_DEFINITION_REPRESENTATION(#2550,#2487);
#2446=PROPERTY_DEFINITION_REPRESENTATION(#2551,#2488);
#2447=PROPERTY_DEFINITION_REPRESENTATION(#2552,#2489);
#2448=PROPERTY_DEFINITION_REPRESENTATION(#2553,#2490);
#2449=PROPERTY_DEFINITION_REPRESENTATION(#2554,#2491);
#2450=PROPERTY_DEFINITION_REPRESENTATION(#2555,#2492);
#2451=PROPERTY_DEFINITION_REPRESENTATION(#2556,#2493);
#2452=PROPERTY_DEFINITION_REPRESENTATION(#2557,#2494);
#2453=PROPERTY_DEFINITION_REPRESENTATION(#2558,#2495);
#2454=PROPERTY_DEFINITION_REPRESENTATION(#2559,#2496);
#2455=PROPERTY_DEFINITION_REPRESENTATION(#2560,#2497);
#2456=PROPERTY_DEFINITION_REPRESENTATION(#2561,#2498);
#2457=PROPERTY_DEFINITION_REPRESENTATION(#2562,#2499);
#2458=PROPERTY_DEFINITION_REPRESENTATION(#2563,#2500);
#2459=PROPERTY_DEFINITION_REPRESENTATION(#2564,#2501);
#2460=PROPERTY_DEFINITION_REPRESENTATION(#2565,#2502);
#2461=PROPERTY_DEFINITION_REPRESENTATION(#2566,#2503);
#2462=PROPERTY_DEFINITION_REPRESENTATION(#2567,#2504);
#2463=PROPERTY_DEFINITION_REPRESENTATION(#2568,#2505);
#2464=PROPERTY_DEFINITION_REPRESENTATION(#2569,#2506);
#2465=PROPERTY_DEFINITION_REPRESENTATION(#2570,#2507);
#2466=REPRESENTATION('material name',(#2508),#5881);
#2467=REPRESENTATION('density',(#2403),#5881);
#2468=REPRESENTATION('material name',(#2509),#5882);
#2469=REPRESENTATION('density',(#2404),#5882);
#2470=REPRESENTATION('material name',(#2510),#5883);
#2471=REPRESENTATION('density',(#2405),#5883);
#2472=REPRESENTATION('material name',(#2511),#5884);
#2473=REPRESENTATION('density',(#2406),#5884);
#2474=REPRESENTATION('material name',(#2512),#5885);
#2475=REPRESENTATION('density',(#2407),#5885);
#2476=REPRESENTATION('material name',(#2513),#5886);
#2477=REPRESENTATION('density',(#2408),#5886);
#2478=REPRESENTATION('material name',(#2514),#5887);
#2479=REPRESENTATION('density',(#2409),#5887);
#2480=REPRESENTATION('material name',(#2515),#5888);
#2481=REPRESENTATION('density',(#2410),#5888);
#2482=REPRESENTATION('material name',(#2516),#5889);
#2483=REPRESENTATION('density',(#2411),#5889);
#2484=REPRESENTATION('material name',(#2517),#5890);
#2485=REPRESENTATION('density',(#2412),#5890);
#2486=REPRESENTATION('material name',(#2518),#5891);
#2487=REPRESENTATION('density',(#2413),#5891);
#2488=REPRESENTATION('material name',(#2519),#5892);
#2489=REPRESENTATION('density',(#2414),#5892);
#2490=REPRESENTATION('material name',(#2520),#5893);
#2491=REPRESENTATION('density',(#2415),#5893);
#2492=REPRESENTATION('material name',(#2521),#5894);
#2493=REPRESENTATION('density',(#2416),#5894);
#2494=REPRESENTATION('material name',(#2522),#5895);
#2495=REPRESENTATION('density',(#2417),#5895);
#2496=REPRESENTATION('material name',(#2523),#5896);
#2497=REPRESENTATION('density',(#2418),#5896);
#2498=REPRESENTATION('material name',(#2524),#5897);
#2499=REPRESENTATION('density',(#2419),#5897);
#2500=REPRESENTATION('material name',(#2525),#5898);
#2501=REPRESENTATION('density',(#2420),#5898);
#2502=REPRESENTATION('material name',(#2526),#5899);
#2503=REPRESENTATION('density',(#2421),#5899);
#2504=REPRESENTATION('material name',(#2527),#5900);
#2505=REPRESENTATION('density',(#2422),#5900);
#2506=REPRESENTATION('material name',(#2528),#5901);
#2507=REPRESENTATION('density',(#2423),#5901);
#2508=DESCRIPTIVE_REPRESENTATION_ITEM('Steel','Steel');
#2509=DESCRIPTIVE_REPRESENTATION_ITEM('Steel','Steel');
#2510=DESCRIPTIVE_REPRESENTATION_ITEM('Steel','Steel');
#2511=DESCRIPTIVE_REPRESENTATION_ITEM('Steel','Steel');
#2512=DESCRIPTIVE_REPRESENTATION_ITEM('Steel','Steel');
#2513=DESCRIPTIVE_REPRESENTATION_ITEM('Steel','Steel');
#2514=DESCRIPTIVE_REPRESENTATION_ITEM('Steel','Steel');
#2515=DESCRIPTIVE_REPRESENTATION_ITEM('Steel','Steel');
#2516=DESCRIPTIVE_REPRESENTATION_ITEM('Steel','Steel');
#2517=DESCRIPTIVE_REPRESENTATION_ITEM('Steel','Steel');
#2518=DESCRIPTIVE_REPRESENTATION_ITEM('Steel','Steel');
#2519=DESCRIPTIVE_REPRESENTATION_ITEM('Steel','Steel');
#2520=DESCRIPTIVE_REPRESENTATION_ITEM('Steel','Steel');
#2521=DESCRIPTIVE_REPRESENTATION_ITEM('Steel','Steel');
#2522=DESCRIPTIVE_REPRESENTATION_ITEM('Steel','Steel');
#2523=DESCRIPTIVE_REPRESENTATION_ITEM('Steel','Steel');
#2524=DESCRIPTIVE_REPRESENTATION_ITEM('Steel','Steel');
#2525=DESCRIPTIVE_REPRESENTATION_ITEM('Steel','Steel');
#2526=DESCRIPTIVE_REPRESENTATION_ITEM('Steel','Steel');
#2527=DESCRIPTIVE_REPRESENTATION_ITEM('Steel','Steel');
#2528=DESCRIPTIVE_REPRESENTATION_ITEM('Steel','Steel');
#2529=PROPERTY_DEFINITION('material property','material name',#6000);
#2530=PROPERTY_DEFINITION('material property','density of part',#6000);
#2531=PROPERTY_DEFINITION('material property','material name',#6001);
#2532=PROPERTY_DEFINITION('material property','density of part',#6001);
#2533=PROPERTY_DEFINITION('material property','material name',#6002);
#2534=PROPERTY_DEFINITION('material property','density of part',#6002);
#2535=PROPERTY_DEFINITION('material property','material name',#6003);
#2536=PROPERTY_DEFINITION('material property','density of part',#6003);
#2537=PROPERTY_DEFINITION('material property','material name',#6004);
#2538=PROPERTY_DEFINITION('material property','density of part',#6004);
#2539=PROPERTY_DEFINITION('material property','material name',#6005);
#2540=PROPERTY_DEFINITION('material property','density of part',#6005);
#2541=PROPERTY_DEFINITION('material property','material name',#6006);
#2542=PROPERTY_DEFINITION('material property','density of part',#6006);
#2543=PROPERTY_DEFINITION('material property','material name',#6007);
#2544=PROPERTY_DEFINITION('material property','density of part',#6007);
#2545=PROPERTY_DEFINITION('material property','material name',#6008);
#2546=PROPERTY_DEFINITION('material property','density of part',#6008);
#2547=PROPERTY_DEFINITION('material property','material name',#6009);
#2548=PROPERTY_DEFINITION('material property','density of part',#6009);
#2549=PROPERTY_DEFINITION('material property','material name',#6010);
#2550=PROPERTY_DEFINITION('material property','density of part',#6010);
#2551=PROPERTY_DEFINITION('material property','material name',#6011);
#2552=PROPERTY_DEFINITION('material property','density of part',#6011);
#2553=PROPERTY_DEFINITION('material property','material name',#6012);
#2554=PROPERTY_DEFINITION('material property','density of part',#6012);
#2555=PROPERTY_DEFINITION('material property','material name',#6013);
#2556=PROPERTY_DEFINITION('material property','density of part',#6013);
#2557=PROPERTY_DEFINITION('material property','material name',#6014);
#2558=PROPERTY_DEFINITION('material property','density of part',#6014);
#2559=PROPERTY_DEFINITION('material property','material name',#6015);
#2560=PROPERTY_DEFINITION('material property','density of part',#6015);
#2561=PROPERTY_DEFINITION('material property','material name',#6016);
#2562=PROPERTY_DEFINITION('material property','density of part',#6016);
#2563=PROPERTY_DEFINITION('material property','material name',#6017);
#2564=PROPERTY_DEFINITION('material property','density of part',#6017);
#2565=PROPERTY_DEFINITION('material property','material name',#6018);
#2566=PROPERTY_DEFINITION('material property','density of part',#6018);
#2567=PROPERTY_DEFINITION('material property','material name',#6019);
#2568=PROPERTY_DEFINITION('material property','density of part',#6019);
#2569=PROPERTY_DEFINITION('material property','material name',#6020);
#2570=PROPERTY_DEFINITION('material property','density of part',#6020);
#2571=AXIS2_PLACEMENT_3D('',#3651,#2897,#2898);
#2572=AXIS2_PLACEMENT_3D('',#3652,#2899,#2900);
#2573=AXIS2_PLACEMENT_3D('',#3653,#2901,#2902);
#2574=AXIS2_PLACEMENT_3D('',#3654,#2903,#2904);
#2575=AXIS2_PLACEMENT_3D('',#3656,#2905,#2906);
#2576=AXIS2_PLACEMENT_3D('',#3657,#2907,#2908);
#2577=AXIS2_PLACEMENT_3D('',#3659,#2909,#2910);
#2578=AXIS2_PLACEMENT_3D('',#3660,#2911,#2912);
#2579=AXIS2_PLACEMENT_3D('',#3662,#2913,#2914);
#2580=AXIS2_PLACEMENT_3D('',#3663,#2915,#2916);
#2581=AXIS2_PLACEMENT_3D('',#3665,#2917,#2918);
#2582=AXIS2_PLACEMENT_3D('',#3666,#2919,#2920);
#2583=AXIS2_PLACEMENT_3D('',#3669,#2921,#2922);
#2584=AXIS2_PLACEMENT_3D('',#3686,#2923,#2924);
#2585=AXIS2_PLACEMENT_3D('',#3699,#2925,#2926);
#2586=AXIS2_PLACEMENT_3D('',#3766,#2929,#2930);
#2587=AXIS2_PLACEMENT_3D('',#3768,#2931,#2932);
#2588=AXIS2_PLACEMENT_3D('',#3770,#2933,#2934);
#2589=AXIS2_PLACEMENT_3D('',#3785,#2935,#2936);
#2590=AXIS2_PLACEMENT_3D('',#3804,#2939,#2940);
#2591=AXIS2_PLACEMENT_3D('',#3807,#2943,#2944);
#2592=AXIS2_PLACEMENT_3D('',#3809,#2945,#2946);
#2593=AXIS2_PLACEMENT_3D('',#3811,#2947,#2948);
#2594=AXIS2_PLACEMENT_3D('',#3824,#2949,#2950);
#2595=AXIS2_PLACEMENT_3D('',#3827,#2953,#2954);
#2596=AXIS2_PLACEMENT_3D('',#3833,#2958,#2959);
#2597=AXIS2_PLACEMENT_3D('',#3836,#2961,#2962);
#2598=AXIS2_PLACEMENT_3D('',#3837,#2963,#2964);
#2599=AXIS2_PLACEMENT_3D('',#3841,#2967,#2968);
#2600=AXIS2_PLACEMENT_3D('',#3845,#2971,#2972);
#2601=AXIS2_PLACEMENT_3D('',#3847,#2973,#2974);
#2602=AXIS2_PLACEMENT_3D('',#3849,#2975,#2976);
#2603=AXIS2_PLACEMENT_3D('',#3851,#2977,#2978);
#2604=AXIS2_PLACEMENT_3D('',#3853,#2979,#2980);
#2605=AXIS2_PLACEMENT_3D('',#3854,#2981,#2982);
#2606=AXIS2_PLACEMENT_3D('',#3857,#2983,#2984);
#2607=AXIS2_PLACEMENT_3D('',#3873,#2985,#2986);
#2608=AXIS2_PLACEMENT_3D('',#3886,#2987,#2988);
#2609=AXIS2_PLACEMENT_3D('',#3905,#2991,#2992);
#2610=AXIS2_PLACEMENT_3D('',#3907,#2993,#2994);
#2611=AXIS2_PLACEMENT_3D('',#3922,#2995,#2996);
#2612=AXIS2_PLACEMENT_3D('',#3923,#2997,#2998);
#2613=AXIS2_PLACEMENT_3D('',#3987,#3000,#3001);
#2614=AXIS2_PLACEMENT_3D('',#3989,#3003,#3004);
#2615=AXIS2_PLACEMENT_3D('',#3991,#3005,#3006);
#2616=AXIS2_PLACEMENT_3D('',#4004,#3007,#3008);
#2617=AXIS2_PLACEMENT_3D('',#4006,#3010,#3011);
#2618=AXIS2_PLACEMENT_3D('',#4009,#3014,#3015);
#2619=AXIS2_PLACEMENT_3D('',#4010,#3016,#3017);
#2620=AXIS2_PLACEMENT_3D('',#4012,#3018,#3019);
#2621=AXIS2_PLACEMENT_3D('',#4014,#3020,#3021);
#2622=AXIS2_PLACEMENT_3D('',#4016,#3022,#3023);
#2623=AXIS2_PLACEMENT_3D('',#4018,#3024,#3025);
#2624=AXIS2_PLACEMENT_3D('',#4020,#3026,#3027);
#2625=AXIS2_PLACEMENT_3D('',#4022,#3028,#3029);
#2626=AXIS2_PLACEMENT_3D('',#4024,#3030,#3031);
#2627=AXIS2_PLACEMENT_3D('',#4026,#3032,#3033);
#2628=AXIS2_PLACEMENT_3D('',#4027,#3034,#3035);
#2629=AXIS2_PLACEMENT_3D('',#4029,#3037,#3038);
#2630=AXIS2_PLACEMENT_3D('',#4050,#3041,#3042);
#2631=AXIS2_PLACEMENT_3D('',#4052,#3044,#3045);
#2632=AXIS2_PLACEMENT_3D('',#4054,#3047,#3048);
#2633=AXIS2_PLACEMENT_3D('',#4056,#3050,#3051);
#2634=AXIS2_PLACEMENT_3D('',#4058,#3053,#3054);
#2635=AXIS2_PLACEMENT_3D('',#4060,#3056,#3057);
#2636=AXIS2_PLACEMENT_3D('',#4061,#3058,#3059);
#2637=AXIS2_PLACEMENT_3D('',#4063,#3060,#3061);
#2638=AXIS2_PLACEMENT_3D('',#4064,#3062,#3063);
#2639=AXIS2_PLACEMENT_3D('',#4066,#3064,#3065);
#2640=AXIS2_PLACEMENT_3D('',#4086,#3067,#3068);
#2641=AXIS2_PLACEMENT_3D('',#4087,#3069,#3070);
#2642=AXIS2_PLACEMENT_3D('',#4088,#3071,#3072);
#2643=AXIS2_PLACEMENT_3D('',#4089,#3073,#3074);
#2644=AXIS2_PLACEMENT_3D('',#4090,#3075,#3076);
#2645=AXIS2_PLACEMENT_3D('',#4093,#3077,#3078);
#2646=AXIS2_PLACEMENT_3D('',#4095,#3079,#3080);
#2647=AXIS2_PLACEMENT_3D('',#4097,#3081,#3082);
#2648=AXIS2_PLACEMENT_3D('',#4112,#3083,#3084);
#2649=AXIS2_PLACEMENT_3D('',#4147,#3087,#3088);
#2650=AXIS2_PLACEMENT_3D('',#4149,#3089,#3090);
#2651=AXIS2_PLACEMENT_3D('',#4151,#3091,#3092);
#2652=AXIS2_PLACEMENT_3D('',#4152,#3093,#3094);
#2653=AXIS2_PLACEMENT_3D('',#4153,#3095,#3096);
#2654=AXIS2_PLACEMENT_3D('',#4156,#3097,#3098);
#2655=AXIS2_PLACEMENT_3D('',#4159,#3101,#3102);
#2656=AXIS2_PLACEMENT_3D('',#4162,#3103,#3104);
#2657=AXIS2_PLACEMENT_3D('',#4163,#3105,#3106);
#2658=AXIS2_PLACEMENT_3D('',#4164,#3107,#3108);
#2659=AXIS2_PLACEMENT_3D('',#4165,#3109,#3110);
#2660=AXIS2_PLACEMENT_3D('',#4168,#3111,#3112);
#2661=AXIS2_PLACEMENT_3D('',#4171,#3115,#3116);
#2662=AXIS2_PLACEMENT_3D('',#4175,#3118,#3119);
#2663=AXIS2_PLACEMENT_3D('',#4177,#3121,#3122);
#2664=AXIS2_PLACEMENT_3D('',#4180,#3123,#3124);
#2665=AXIS2_PLACEMENT_3D('',#4181,#3125,#3126);
#2666=AXIS2_PLACEMENT_3D('',#4182,#3127,#3128);
#2667=AXIS2_PLACEMENT_3D('',#4183,#3129,#3130);
#2668=AXIS2_PLACEMENT_3D('',#4186,#3131,#3132);
#2669=AXIS2_PLACEMENT_3D('',#4189,#3135,#3136);
#2670=AXIS2_PLACEMENT_3D('',#4191,#3137,#3138);
#2671=AXIS2_PLACEMENT_3D('',#4193,#3139,#3140);
#2672=AXIS2_PLACEMENT_3D('',#4208,#3141,#3142);
#2673=AXIS2_PLACEMENT_3D('',#4211,#3145,#3146);
#2674=AXIS2_PLACEMENT_3D('',#4214,#3147,#3148);
#2675=AXIS2_PLACEMENT_3D('',#4217,#3151,#3152);
#2676=AXIS2_PLACEMENT_3D('',#4220,#3153,#3154);
#2677=AXIS2_PLACEMENT_3D('',#4221,#3155,#3156);
#2678=AXIS2_PLACEMENT_3D('',#4222,#3157,#3158);
#2679=AXIS2_PLACEMENT_3D('',#4223,#3159,#3160);
#2680=AXIS2_PLACEMENT_3D('',#4226,#3161,#3162);
#2681=AXIS2_PLACEMENT_3D('',#4229,#3165,#3166);
#2682=AXIS2_PLACEMENT_3D('',#4233,#3168,#3169);
#2683=AXIS2_PLACEMENT_3D('',#4235,#3171,#3172);
#2684=AXIS2_PLACEMENT_3D('',#4238,#3173,#3174);
#2685=AXIS2_PLACEMENT_3D('',#4239,#3175,#3176);
#2686=AXIS2_PLACEMENT_3D('',#4240,#3177,#3178);
#2687=AXIS2_PLACEMENT_3D('',#4241,#3179,#3180);
#2688=AXIS2_PLACEMENT_3D('',#4244,#3181,#3182);
#2689=AXIS2_PLACEMENT_3D('',#4247,#3185,#3186);
#2690=AXIS2_PLACEMENT_3D('',#4248,#3187,#3188);
#2691=AXIS2_PLACEMENT_3D('',#4249,#3189,#3190);
#2692=AXIS2_PLACEMENT_3D('',#4250,#3191,#3192);
#2693=AXIS2_PLACEMENT_3D('',#4254,#3194,#3195);
#2694=AXIS2_PLACEMENT_3D('',#4256,#3197,#3198);
#2695=AXIS2_PLACEMENT_3D('',#4260,#3201,#3202);
#2696=AXIS2_PLACEMENT_3D('',#4264,#3205,#3206);
#2697=AXIS2_PLACEMENT_3D('',#4267,#3208,#3209);
#2698=AXIS2_PLACEMENT_3D('',#4268,#3210,#3211);
#2699=AXIS2_PLACEMENT_3D('',#4272,#3214,#3215);
#2700=AXIS2_PLACEMENT_3D('',#4275,#3217,#3218);
#2701=AXIS2_PLACEMENT_3D('',#4277,#3219,#3220);
#2702=AXIS2_PLACEMENT_3D('',#4279,#3221,#3222);
#2703=AXIS2_PLACEMENT_3D('',#4281,#3223,#3224);
#2704=AXIS2_PLACEMENT_3D('',#4283,#3225,#3226);
#2705=AXIS2_PLACEMENT_3D('',#4285,#3227,#3228);
#2706=AXIS2_PLACEMENT_3D('',#4286,#3229,#3230);
#2707=AXIS2_PLACEMENT_3D('',#4288,#3232,#3233);
#2708=AXIS2_PLACEMENT_3D('',#4290,#3234,#3235);
#2709=AXIS2_PLACEMENT_3D('',#4292,#3236,#3237);
#2710=AXIS2_PLACEMENT_3D('',#4293,#3238,#3239);
#2711=AXIS2_PLACEMENT_3D('',#4294,#3240,#3241);
#2712=AXIS2_PLACEMENT_3D('',#4296,#3242,#3243);
#2713=AXIS2_PLACEMENT_3D('',#4298,#3245,#3246);
#2714=AXIS2_PLACEMENT_3D('',#4301,#3248,#3249);
#2715=AXIS2_PLACEMENT_3D('',#4302,#3250,#3251);
#2716=AXIS2_PLACEMENT_3D('',#4304,#3252,#3253);
#2717=AXIS2_PLACEMENT_3D('',#4305,#3254,#3255);
#2718=AXIS2_PLACEMENT_3D('',#4306,#3256,#3257);
#2719=AXIS2_PLACEMENT_3D('',#4309,#3258,#3259);
#2720=AXIS2_PLACEMENT_3D('',#4312,#3262,#3263);
#2721=AXIS2_PLACEMENT_3D('',#4315,#3264,#3265);
#2722=AXIS2_PLACEMENT_3D('',#4316,#3266,#3267);
#2723=AXIS2_PLACEMENT_3D('',#4317,#3268,#3269);
#2724=AXIS2_PLACEMENT_3D('',#4318,#3270,#3271);
#2725=AXIS2_PLACEMENT_3D('',#4321,#3272,#3273);
#2726=AXIS2_PLACEMENT_3D('',#4324,#3276,#3277);
#2727=AXIS2_PLACEMENT_3D('',#4328,#3279,#3280);
#2728=AXIS2_PLACEMENT_3D('',#4330,#3282,#3283);
#2729=AXIS2_PLACEMENT_3D('',#4332,#3284,#3285);
#2730=AXIS2_PLACEMENT_3D('',#4333,#3286,#3287);
#2731=AXIS2_PLACEMENT_3D('',#4334,#3288,#3289);
#2732=AXIS2_PLACEMENT_3D('',#4335,#3290,#3291);
#2733=AXIS2_PLACEMENT_3D('',#4337,#3293,#3294);
#2734=AXIS2_PLACEMENT_3D('',#4340,#3297,#3298);
#2735=AXIS2_PLACEMENT_3D('',#4342,#3300,#3301);
#2736=AXIS2_PLACEMENT_3D('',#4343,#3302,#3303);
#2737=AXIS2_PLACEMENT_3D('',#4345,#3304,#3305);
#2738=AXIS2_PLACEMENT_3D('',#4347,#3306,#3307);
#2739=AXIS2_PLACEMENT_3D('',#4349,#3308,#3309);
#2740=AXIS2_PLACEMENT_3D('',#4351,#3310,#3311);
#2741=AXIS2_PLACEMENT_3D('',#4353,#3312,#3313);
#2742=AXIS2_PLACEMENT_3D('',#4355,#3314,#3315);
#2743=AXIS2_PLACEMENT_3D('',#4357,#3316,#3317);
#2744=AXIS2_PLACEMENT_3D('',#4359,#3318,#3319);
#2745=AXIS2_PLACEMENT_3D('',#4360,#3320,#3321);
#2746=AXIS2_PLACEMENT_3D('',#4363,#3324,#3325);
#2747=AXIS2_PLACEMENT_3D('',#4365,#3327,#3328);
#2748=AXIS2_PLACEMENT_3D('',#4367,#3329,#3330);
#2749=AXIS2_PLACEMENT_3D('',#4370,#3332,#3333);
#2750=AXIS2_PLACEMENT_3D('',#4371,#3334,#3335);
#2751=AXIS2_PLACEMENT_3D('',#4372,#3336,#3337);
#2752=AXIS2_PLACEMENT_3D('',#4374,#3338,#3339);
#2753=AXIS2_PLACEMENT_3D('',#4377,#3341,#3342);
#2754=AXIS2_PLACEMENT_3D('',#4378,#3343,#3344);
#2755=AXIS2_PLACEMENT_3D('',#4379,#3345,#3346);
#2756=AXIS2_PLACEMENT_3D('',#4381,#3347,#3348);
#2757=AXIS2_PLACEMENT_3D('',#4384,#3350,#3351);
#2758=AXIS2_PLACEMENT_3D('',#4385,#3352,#3353);
#2759=AXIS2_PLACEMENT_3D('',#4386,#3354,#3355);
#2760=AXIS2_PLACEMENT_3D('',#4388,#3356,#3357);
#2761=AXIS2_PLACEMENT_3D('',#4391,#3359,#3360);
#2762=AXIS2_PLACEMENT_3D('',#4392,#3361,#3362);
#2763=AXIS2_PLACEMENT_3D('',#4607,#3363,#3364);
#2764=AXIS2_PLACEMENT_3D('',#4625,#3365,#3366);
#2765=AXIS2_PLACEMENT_3D('',#4695,#3367,#3368);
#2766=AXIS2_PLACEMENT_3D('',#4716,#3370,#3371);
#2767=AXIS2_PLACEMENT_3D('',#4717,#3372,#3373);
#2768=AXIS2_PLACEMENT_3D('',#4719,#3374,#3375);
#2769=AXIS2_PLACEMENT_3D('',#4721,#3376,#3377);
#2770=AXIS2_PLACEMENT_3D('',#4722,#3378,#3379);
#2771=AXIS2_PLACEMENT_3D('',#4723,#3380,#3381);
#2772=AXIS2_PLACEMENT_3D('',#4726,#3383,#3384);
#2773=AXIS2_PLACEMENT_3D('',#4727,#3385,#3386);
#2774=AXIS2_PLACEMENT_3D('',#4729,#3387,#3388);
#2775=AXIS2_PLACEMENT_3D('',#4731,#3389,#3390);
#2776=AXIS2_PLACEMENT_3D('',#4732,#3391,#3392);
#2777=AXIS2_PLACEMENT_3D('',#4733,#3393,#3394);
#2778=AXIS2_PLACEMENT_3D('',#4736,#3396,#3397);
#2779=AXIS2_PLACEMENT_3D('',#4737,#3398,#3399);
#2780=AXIS2_PLACEMENT_3D('',#4739,#3400,#3401);
#2781=AXIS2_PLACEMENT_3D('',#4740,#3402,#3403);
#2782=AXIS2_PLACEMENT_3D('',#4742,#3404,#3405);
#2783=AXIS2_PLACEMENT_3D('',#4743,#3406,#3407);
#2784=AXIS2_PLACEMENT_3D('',#4745,#3408,#3409);
#2785=AXIS2_PLACEMENT_3D('',#4747,#3411,#3412);
#2786=AXIS2_PLACEMENT_3D('',#4749,#3413,#3414);
#2787=AXIS2_PLACEMENT_3D('',#4965,#3416,#3417);
#2788=AXIS2_PLACEMENT_3D('',#4983,#3418,#3419);
#2789=AXIS2_PLACEMENT_3D('',#5053,#3420,#3421);
#2790=AXIS2_PLACEMENT_3D('',#5074,#3423,#3424);
#2791=AXIS2_PLACEMENT_3D('',#5075,#3425,#3426);
#2792=AXIS2_PLACEMENT_3D('',#5077,#3427,#3428);
#2793=AXIS2_PLACEMENT_3D('',#5079,#3429,#3430);
#2794=AXIS2_PLACEMENT_3D('',#5080,#3431,#3432);
#2795=AXIS2_PLACEMENT_3D('',#5081,#3433,#3434);
#2796=AXIS2_PLACEMENT_3D('',#5084,#3436,#3437);
#2797=AXIS2_PLACEMENT_3D('',#5085,#3438,#3439);
#2798=AXIS2_PLACEMENT_3D('',#5087,#3440,#3441);
#2799=AXIS2_PLACEMENT_3D('',#5089,#3442,#3443);
#2800=AXIS2_PLACEMENT_3D('',#5090,#3444,#3445);
#2801=AXIS2_PLACEMENT_3D('',#5091,#3446,#3447);
#2802=AXIS2_PLACEMENT_3D('',#5094,#3449,#3450);
#2803=AXIS2_PLACEMENT_3D('',#5095,#3451,#3452);
#2804=AXIS2_PLACEMENT_3D('',#5097,#3453,#3454);
#2805=AXIS2_PLACEMENT_3D('',#5098,#3455,#3456);
#2806=AXIS2_PLACEMENT_3D('',#5100,#3457,#3458);
#2807=AXIS2_PLACEMENT_3D('',#5101,#3459,#3460);
#2808=AXIS2_PLACEMENT_3D('',#5103,#3461,#3462);
#2809=AXIS2_PLACEMENT_3D('',#5105,#3464,#3465);
#2810=AXIS2_PLACEMENT_3D('',#5107,#3466,#3467);
#2811=AXIS2_PLACEMENT_3D('',#5108,#3468,#3469);
#2812=AXIS2_PLACEMENT_3D('',#5110,#3471,#3472);
#2813=AXIS2_PLACEMENT_3D('',#5325,#3473,#3474);
#2814=AXIS2_PLACEMENT_3D('',#5343,#3475,#3476);
#2815=AXIS2_PLACEMENT_3D('',#5413,#3477,#3478);
#2816=AXIS2_PLACEMENT_3D('',#5433,#3480,#3481);
#2817=AXIS2_PLACEMENT_3D('',#5435,#3482,#3483);
#2818=AXIS2_PLACEMENT_3D('',#5437,#3484,#3485);
#2819=AXIS2_PLACEMENT_3D('',#5438,#3486,#3487);
#2820=AXIS2_PLACEMENT_3D('',#5439,#3488,#3489);
#2821=AXIS2_PLACEMENT_3D('',#5442,#3491,#3492);
#2822=AXIS2_PLACEMENT_3D('',#5443,#3493,#3494);
#2823=AXIS2_PLACEMENT_3D('',#5445,#3495,#3496);
#2824=AXIS2_PLACEMENT_3D('',#5447,#3497,#3498);
#2825=AXIS2_PLACEMENT_3D('',#5448,#3499,#3500);
#2826=AXIS2_PLACEMENT_3D('',#5449,#3501,#3502);
#2827=AXIS2_PLACEMENT_3D('',#5452,#3504,#3505);
#2828=AXIS2_PLACEMENT_3D('',#5453,#3506,#3507);
#2829=AXIS2_PLACEMENT_3D('',#5455,#3508,#3509);
#2830=AXIS2_PLACEMENT_3D('',#5456,#3510,#3511);
#2831=AXIS2_PLACEMENT_3D('',#5458,#3512,#3513);
#2832=AXIS2_PLACEMENT_3D('',#5459,#3514,#3515);
#2833=AXIS2_PLACEMENT_3D('',#5460,#3516,#3517);
#2834=AXIS2_PLACEMENT_3D('',#5462,#3519,#3520);
#2835=AXIS2_PLACEMENT_3D('',#5678,#3522,#3523);
#2836=AXIS2_PLACEMENT_3D('',#5696,#3524,#3525);
#2837=AXIS2_PLACEMENT_3D('',#5766,#3526,#3527);
#2838=AXIS2_PLACEMENT_3D('',#5786,#3529,#3530);
#2839=AXIS2_PLACEMENT_3D('',#5788,#3531,#3532);
#2840=AXIS2_PLACEMENT_3D('',#5790,#3533,#3534);
#2841=AXIS2_PLACEMENT_3D('',#5791,#3535,#3536);
#2842=AXIS2_PLACEMENT_3D('',#5792,#3537,#3538);
#2843=AXIS2_PLACEMENT_3D('',#5795,#3540,#3541);
#2844=AXIS2_PLACEMENT_3D('',#5796,#3542,#3543);
#2845=AXIS2_PLACEMENT_3D('',#5798,#3544,#3545);
#2846=AXIS2_PLACEMENT_3D('',#5800,#3546,#3547);
#2847=AXIS2_PLACEMENT_3D('',#5801,#3548,#3549);
#2848=AXIS2_PLACEMENT_3D('',#5802,#3550,#3551);
#2849=AXIS2_PLACEMENT_3D('',#5805,#3553,#3554);
#2850=AXIS2_PLACEMENT_3D('',#5806,#3555,#3556);
#2851=AXIS2_PLACEMENT_3D('',#5808,#3557,#3558);
#2852=AXIS2_PLACEMENT_3D('',#5809,#3559,#3560);
#2853=AXIS2_PLACEMENT_3D('',#5811,#3561,#3562);
#2854=AXIS2_PLACEMENT_3D('',#5812,#3563,#3564);
#2855=AXIS2_PLACEMENT_3D('',#5814,#3566,#3567);
#2856=AXIS2_PLACEMENT_3D('',#5816,#3569,#3570);
#2857=AXIS2_PLACEMENT_3D('',#5817,#3571,#3572);
#2858=AXIS2_PLACEMENT_3D('',#5818,#3573,#3574);
#2859=AXIS2_PLACEMENT_3D('',#5819,#3575,#3576);
#2860=AXIS2_PLACEMENT_3D('',#5820,#3577,#3578);
#2861=AXIS2_PLACEMENT_3D('',#5821,#3579,#3580);
#2862=AXIS2_PLACEMENT_3D('',#5822,#3581,#3582);
#2863=AXIS2_PLACEMENT_3D('',#5823,#3583,#3584);
#2864=AXIS2_PLACEMENT_3D('',#5824,#3585,#3586);
#2865=AXIS2_PLACEMENT_3D('',#5825,#3587,#3588);
#2866=AXIS2_PLACEMENT_3D('',#5826,#3589,#3590);
#2867=AXIS2_PLACEMENT_3D('',#5827,#3591,#3592);
#2868=AXIS2_PLACEMENT_3D('',#5828,#3593,#3594);
#2869=AXIS2_PLACEMENT_3D('',#5829,#3595,#3596);
#2870=AXIS2_PLACEMENT_3D('',#5830,#3597,#3598);
#2871=AXIS2_PLACEMENT_3D('',#5831,#3599,#3600);
#2872=AXIS2_PLACEMENT_3D('',#5832,#3601,#3602);
#2873=AXIS2_PLACEMENT_3D('',#5833,#3603,#3604);
#2874=AXIS2_PLACEMENT_3D('',#5834,#3605,#3606);
#2875=AXIS2_PLACEMENT_3D('',#5835,#3607,#3608);
#2876=AXIS2_PLACEMENT_3D('',#5836,#3609,#3610);
#2877=AXIS2_PLACEMENT_3D('',#5837,#3611,#3612);
#2878=AXIS2_PLACEMENT_3D('',#5838,#3613,#3614);
#2879=AXIS2_PLACEMENT_3D('',#5839,#3615,#3616);
#2880=AXIS2_PLACEMENT_3D('',#5840,#3617,#3618);
#2881=AXIS2_PLACEMENT_3D('',#5841,#3619,#3620);
#2882=AXIS2_PLACEMENT_3D('',#5842,#3621,#3622);
#2883=AXIS2_PLACEMENT_3D('',#5843,#3623,#3624);
#2884=AXIS2_PLACEMENT_3D('',#5844,#3625,#3626);
#2885=AXIS2_PLACEMENT_3D('',#5845,#3627,#3628);
#2886=AXIS2_PLACEMENT_3D('',#5846,#3629,#3630);
#2887=AXIS2_PLACEMENT_3D('',#5847,#3631,#3632);
#2888=AXIS2_PLACEMENT_3D('',#5848,#3633,#3634);
#2889=AXIS2_PLACEMENT_3D('',#5849,#3635,#3636);
#2890=AXIS2_PLACEMENT_3D('',#5850,#3637,#3638);
#2891=AXIS2_PLACEMENT_3D('',#5851,#3639,#3640);
#2892=AXIS2_PLACEMENT_3D('',#5852,#3641,#3642);
#2893=AXIS2_PLACEMENT_3D('',#5853,#3643,#3644);
#2894=AXIS2_PLACEMENT_3D('',#5854,#3645,#3646);
#2895=AXIS2_PLACEMENT_3D('',#5855,#3647,#3648);
#2896=AXIS2_PLACEMENT_3D('',#5856,#3649,#3650);
#2897=DIRECTION('axis',(0.,0.,1.));
#2898=DIRECTION('refdir',(1.,0.,0.));
#2899=DIRECTION('axis',(0.,0.,1.));
#2900=DIRECTION('refdir',(1.,0.,0.));
#2901=DIRECTION('axis',(0.,0.,1.));
#2902=DIRECTION('refdir',(1.,0.,0.));
#2903=DIRECTION('center_axis',(0.,0.,1.));
#2904=DIRECTION('ref_axis',(1.,0.,0.));
#2905=DIRECTION('center_axis',(0.,0.,-1.));
#2906=DIRECTION('ref_axis',(1.,0.,0.));
#2907=DIRECTION('center_axis',(0.,0.,1.));
#2908=DIRECTION('ref_axis',(1.,0.,0.));
#2909=DIRECTION('center_axis',(0.,0.,-1.));
#2910=DIRECTION('ref_axis',(1.,0.,0.));
#2911=DIRECTION('center_axis',(0.,0.,1.));
#2912=DIRECTION('ref_axis',(1.,0.,0.));
#2913=DIRECTION('center_axis',(0.,0.,-1.));
#2914=DIRECTION('ref_axis',(1.,0.,0.));
#2915=DIRECTION('center_axis',(0.,0.,1.));
#2916=DIRECTION('ref_axis',(1.,0.,0.));
#2917=DIRECTION('center_axis',(0.,0.,-1.));
#2918=DIRECTION('ref_axis',(1.,0.,0.));
#2919=DIRECTION('center_axis',(0.,0.,1.));
#2920=DIRECTION('ref_axis',(1.,0.,0.));
#2921=DIRECTION('center_axis',(0.,0.,1.));
#2922=DIRECTION('ref_axis',(0.599259398617914,0.800554915772863,0.));
#2923=DIRECTION('center_axis',(0.,0.,-1.));
#2924=DIRECTION('ref_axis',(0.599259398617914,0.800554915772863,0.));
#2925=DIRECTION('center_axis',(-0.999986310115012,-0.00523255029244777,
0.));
#2926=DIRECTION('ref_axis',(-0.00369997179468927,0.707097100976042,-0.707106781186545));
#2927=DIRECTION('',(-0.999986310115012,-0.00523255029244777,0.));
#2928=DIRECTION('',(0.999986310115012,0.00523255029244777,0.));
#2929=DIRECTION('center_axis',(0.,0.,1.));
#2930=DIRECTION('ref_axis',(-0.999906622537576,0.0136655115344104,0.));
#2931=DIRECTION('center_axis',(0.,0.,-1.));
#2932=DIRECTION('ref_axis',(-0.999922184897905,0.0124749408415424,0.));
#2933=DIRECTION('center_axis',(0.,0.,1.));
#2934=DIRECTION('ref_axis',(-0.999922184897905,0.0124749408415424,0.));
#2935=DIRECTION('center_axis',(-1.,-7.50254495988593E-16,0.));
#2936=DIRECTION('ref_axis',(0.,-0.707106781186547,-0.707106781186547));
#2937=DIRECTION('',(-1.,-7.50254495988593E-16,0.));
#2938=DIRECTION('',(1.,7.50254495988593E-16,0.));
#2939=DIRECTION('center_axis',(1.,0.,0.));
#2940=DIRECTION('ref_axis',(0.,0.707106781186547,-0.707106781186547));
#2941=DIRECTION('',(-1.,0.,0.));
#2942=DIRECTION('',(1.,0.,0.));
#2943=DIRECTION('center_axis',(0.,0.,1.));
#2944=DIRECTION('ref_axis',(1.,0.,0.));
#2945=DIRECTION('center_axis',(0.,0.,-1.));
#2946=DIRECTION('ref_axis',(0.599259398617914,-0.800554915772863,0.));
#2947=DIRECTION('center_axis',(0.,0.,1.));
#2948=DIRECTION('ref_axis',(0.599259398617914,-0.800554915772863,0.));
#2949=DIRECTION('center_axis',(0.,-1.,0.));
#2950=DIRECTION('ref_axis',(0.707106781186547,0.,-0.707106781186547));
#2951=DIRECTION('',(0.,1.,0.));
#2952=DIRECTION('',(0.,-1.,0.));
#2953=DIRECTION('center_axis',(1.,0.,0.));
#2954=DIRECTION('ref_axis',(0.,1.,0.));
#2955=DIRECTION('',(0.,0.,1.));
#2956=DIRECTION('',(0.,1.,0.));
#2957=DIRECTION('',(0.,0.,1.));
#2958=DIRECTION('center_axis',(0.,0.,1.));
#2959=DIRECTION('ref_axis',(1.,0.,0.));
#2960=DIRECTION('',(0.,0.,1.));
#2961=DIRECTION('center_axis',(0.,0.,1.));
#2962=DIRECTION('ref_axis',(0.599259398617914,0.800554915772863,0.));
#2963=DIRECTION('center_axis',(0.,1.,0.));
#2964=DIRECTION('ref_axis',(-1.,0.,0.));
#2965=DIRECTION('',(0.,0.,1.));
#2966=DIRECTION('',(-1.,0.,0.));
#2967=DIRECTION('center_axis',(-0.00523255029244777,0.999986310115012,0.));
#2968=DIRECTION('ref_axis',(-0.999986310115012,-0.00523255029244777,0.));
#2969=DIRECTION('',(0.,0.,1.));
#2970=DIRECTION('',(-0.999986310115012,-0.00523255029244777,0.));
#2971=DIRECTION('center_axis',(0.,0.,1.));
#2972=DIRECTION('ref_axis',(1.,0.,0.));
#2973=DIRECTION('center_axis',(0.,0.,-1.));
#2974=DIRECTION('ref_axis',(1.,0.,0.));
#2975=DIRECTION('center_axis',(0.,0.,-1.));
#2976=DIRECTION('ref_axis',(-1.,0.,0.));
#2977=DIRECTION('center_axis',(0.,0.,-1.));
#2978=DIRECTION('ref_axis',(1.,0.,0.));
#2979=DIRECTION('center_axis',(0.,0.,-1.));
#2980=DIRECTION('ref_axis',(1.,0.,0.));
#2981=DIRECTION('center_axis',(0.,0.,1.));
#2982=DIRECTION('ref_axis',(1.,0.,0.));
#2983=DIRECTION('center_axis',(0.,0.,-1.));
#2984=DIRECTION('ref_axis',(0.599259398617914,-0.800554915772863,0.));
#2985=DIRECTION('center_axis',(0.,0.,1.));
#2986=DIRECTION('ref_axis',(0.599259398617914,-0.800554915772863,0.));
#2987=DIRECTION('center_axis',(1.,7.50254495988593E-16,0.));
#2988=DIRECTION('ref_axis',(0.,-0.707106781186547,0.707106781186547));
#2989=DIRECTION('',(-1.,-7.50254495988593E-16,0.));
#2990=DIRECTION('',(1.,7.50254495988593E-16,0.));
#2991=DIRECTION('center_axis',(0.,0.,1.));
#2992=DIRECTION('ref_axis',(-0.999906622537576,0.0136655115344085,0.));
#2993=DIRECTION('center_axis',(0.,0.,-1.));
#2994=DIRECTION('ref_axis',(-0.999922184897905,0.0124749408415424,0.));
#2995=DIRECTION('center_axis',(0.,0.,1.));
#2996=DIRECTION('ref_axis',(-0.999922184897905,0.0124749408415424,0.));
#2997=DIRECTION('center_axis',(-1.,0.,0.));
#2998=DIRECTION('ref_axis',(0.,0.707106781186547,0.707106781186547));
#2999=DIRECTION('',(1.,0.,0.));
#3000=DIRECTION('center_axis',(-0.999986310115012,-0.00523255029244777,
0.));
#3001=DIRECTION('ref_axis',(-0.00369997179468927,0.707097100976042,0.707106781186545));
#3002=DIRECTION('',(0.999986310115012,0.00523255029244777,0.));
#3003=DIRECTION('center_axis',(0.,0.,1.));
#3004=DIRECTION('ref_axis',(1.,0.,0.));
#3005=DIRECTION('center_axis',(0.,0.,-1.));
#3006=DIRECTION('ref_axis',(0.599259398617914,0.800554915772863,0.));
#3007=DIRECTION('center_axis',(0.,1.,0.));
#3008=DIRECTION('ref_axis',(0.707106781186547,0.,0.707106781186547));
#3009=DIRECTION('',(0.,-1.,0.));
#3010=DIRECTION('center_axis',(7.50254495988593E-16,-1.,0.));
#3011=DIRECTION('ref_axis',(1.,7.50254495988593E-16,0.));
#3012=DIRECTION('',(0.,0.,1.));
#3013=DIRECTION('',(0.,0.,1.));
#3014=DIRECTION('center_axis',(0.,0.,1.));
#3015=DIRECTION('ref_axis',(-0.999922184897905,0.0124749408415428,0.));
#3016=DIRECTION('center_axis',(0.,0.,1.));
#3017=DIRECTION('ref_axis',(1.,0.,0.));
#3018=DIRECTION('center_axis',(0.,0.,-1.));
#3019=DIRECTION('ref_axis',(1.,0.,0.));
#3020=DIRECTION('center_axis',(0.,0.,-1.));
#3021=DIRECTION('ref_axis',(1.,0.,0.));
#3022=DIRECTION('center_axis',(0.,0.,-1.));
#3023=DIRECTION('ref_axis',(-1.,0.,0.));
#3024=DIRECTION('center_axis',(0.,0.,-1.));
#3025=DIRECTION('ref_axis',(1.,0.,0.));
#3026=DIRECTION('center_axis',(0.,0.,-1.));
#3027=DIRECTION('ref_axis',(1.,0.,0.));
#3028=DIRECTION('center_axis',(0.,0.,-1.));
#3029=DIRECTION('ref_axis',(1.,0.,0.));
#3030=DIRECTION('center_axis',(0.,0.,-1.));
#3031=DIRECTION('ref_axis',(1.,0.,0.));
#3032=DIRECTION('center_axis',(0.,0.,-1.));
#3033=DIRECTION('ref_axis',(1.,0.,0.));
#3034=DIRECTION('center_axis',(0.,0.,1.));
#3035=DIRECTION('ref_axis',(1.,0.,0.));
#3036=DIRECTION('',(0.,0.,-1.));
#3037=DIRECTION('center_axis',(0.,0.,1.));
#3038=DIRECTION('ref_axis',(1.,0.,0.));
#3039=DIRECTION('',(0.,0.,-1.));
#3040=DIRECTION('',(0.,0.,-1.));
#3041=DIRECTION('center_axis',(0.,0.,1.));
#3042=DIRECTION('ref_axis',(1.,0.,0.));
#3043=DIRECTION('',(0.,0.,-1.));
#3044=DIRECTION('center_axis',(0.,0.,1.));
#3045=DIRECTION('ref_axis',(1.,0.,0.));
#3046=DIRECTION('',(0.,0.,-1.));
#3047=DIRECTION('center_axis',(0.,0.,1.));
#3048=DIRECTION('ref_axis',(1.,0.,0.));
#3049=DIRECTION('',(0.,0.,-1.));
#3050=DIRECTION('center_axis',(0.,0.,1.));
#3051=DIRECTION('ref_axis',(1.,0.,0.));
#3052=DIRECTION('',(0.,0.,-1.));
#3053=DIRECTION('center_axis',(0.,0.,1.));
#3054=DIRECTION('ref_axis',(1.,0.,0.));
#3055=DIRECTION('',(0.,0.,-1.));
#3056=DIRECTION('center_axis',(0.,0.,1.));
#3057=DIRECTION('ref_axis',(1.,0.,0.));
#3058=DIRECTION('center_axis',(0.,0.,1.));
#3059=DIRECTION('ref_axis',(1.,0.,0.));
#3060=DIRECTION('center_axis',(0.,0.,-1.));
#3061=DIRECTION('ref_axis',(-1.,0.,0.));
#3062=DIRECTION('center_axis',(0.,0.,1.));
#3063=DIRECTION('ref_axis',(1.,0.,0.));
#3064=DIRECTION('center_axis',(0.,0.,1.));
#3065=DIRECTION('ref_axis',(-1.,0.,0.));
#3066=DIRECTION('',(0.,0.,-1.));
#3067=DIRECTION('axis',(0.,0.,1.));
#3068=DIRECTION('refdir',(1.,0.,0.));
#3069=DIRECTION('axis',(0.,0.,1.));
#3070=DIRECTION('refdir',(1.,0.,0.));
#3071=DIRECTION('axis',(0.,0.,1.));
#3072=DIRECTION('refdir',(1.,0.,0.));
#3073=DIRECTION('axis',(0.,0.,1.));
#3074=DIRECTION('refdir',(1.,0.,0.));
#3075=DIRECTION('center_axis',(0.,1.,0.));
#3076=DIRECTION('ref_axis',(0.,0.,1.));
#3077=DIRECTION('center_axis',(0.,1.,0.));
#3078=DIRECTION('ref_axis',(0.5,0.,-0.866025403784439));
#3079=DIRECTION('center_axis',(1.,0.,0.));
#3080=DIRECTION('ref_axis',(0.,-1.,0.));
#3081=DIRECTION('center_axis',(0.,-1.,0.));
#3082=DIRECTION('ref_axis',(0.5,0.,-0.866025403784438));
#3083=DIRECTION('center_axis',(1.,0.,0.));
#3084=DIRECTION('ref_axis',(0.,0.707106781186549,-0.707106781186546));
#3085=DIRECTION('',(1.,0.,0.));
#3086=DIRECTION('',(-1.,0.,0.));
#3087=DIRECTION('center_axis',(0.,-1.,0.));
#3088=DIRECTION('ref_axis',(0.,0.,-1.));
#3089=DIRECTION('center_axis',(0.,-1.,0.));
#3090=DIRECTION('ref_axis',(-0.5,0.,-0.866025403784439));
#3091=DIRECTION('center_axis',(-1.,0.,0.));
#3092=DIRECTION('ref_axis',(0.,1.,0.));
#3093=DIRECTION('center_axis',(0.,1.,0.));
#3094=DIRECTION('ref_axis',(-0.5,0.,-0.866025403784439));
#3095=DIRECTION('center_axis',(-1.,0.,0.));
#3096=DIRECTION('ref_axis',(0.,0.70710678118655,-0.707106781186545));
#3097=DIRECTION('center_axis',(-1.,0.,0.));
#3098=DIRECTION('ref_axis',(0.,1.,0.));
#3099=DIRECTION('',(-1.,0.,0.));
#3100=DIRECTION('',(1.,0.,0.));
#3101=DIRECTION('center_axis',(0.,0.,1.));
#3102=DIRECTION('ref_axis',(1.,0.,0.));
#3103=DIRECTION('center_axis',(0.,1.,0.));
#3104=DIRECTION('ref_axis',(1.,0.,0.));
#3105=DIRECTION('center_axis',(0.,0.,1.));
#3106=DIRECTION('ref_axis',(0.707106781186547,0.707106781186548,0.));
#3107=DIRECTION('center_axis',(0.,0.,-1.));
#3108=DIRECTION('ref_axis',(0.707106781186547,0.707106781186548,0.));
#3109=DIRECTION('center_axis',(2.55314367511521E-7,0.999999999999967,0.));
#3110=DIRECTION('ref_axis',(0.707106781186516,-1.80534520540956E-7,-0.707106781186556));
#3111=DIRECTION('center_axis',(2.55314367425543E-7,0.999999999999967,0.));
#3112=DIRECTION('ref_axis',(0.999999999999967,-2.55314367425543E-7,0.));
#3113=DIRECTION('',(2.55314367511521E-7,0.999999999999967,0.));
#3114=DIRECTION('',(-2.55314367511521E-7,-0.999999999999967,0.));
#3115=DIRECTION('center_axis',(2.55314367511521E-7,-0.999999999999967,0.));
#3116=DIRECTION('ref_axis',(0.707106781186516,1.80534520540956E-7,-0.707106781186556));
#3117=DIRECTION('',(2.55314367511521E-7,-0.999999999999967,0.));
#3118=DIRECTION('center_axis',(-2.55314369645989E-7,0.999999999999967,0.));
#3119=DIRECTION('ref_axis',(0.999999999999967,2.55314369645989E-7,0.));
#3120=DIRECTION('',(-2.55314367511521E-7,0.999999999999967,0.));
#3121=DIRECTION('center_axis',(0.,0.,-1.));
#3122=DIRECTION('ref_axis',(-1.,0.,0.));
#3123=DIRECTION('center_axis',(1.,8.88178419700124E-15,0.));
#3124=DIRECTION('ref_axis',(8.88178419700124E-15,-1.,0.));
#3125=DIRECTION('center_axis',(0.,0.,1.));
#3126=DIRECTION('ref_axis',(0.707106781186547,-0.707106781186548,0.));
#3127=DIRECTION('center_axis',(0.,0.,-1.));
#3128=DIRECTION('ref_axis',(0.707106781186547,-0.707106781186548,0.));
#3129=DIRECTION('center_axis',(-1.,0.,0.));
#3130=DIRECTION('ref_axis',(0.,-0.70710678118655,-0.707106781186545));
#3131=DIRECTION('center_axis',(1.,0.,0.));
#3132=DIRECTION('ref_axis',(0.,-1.,0.));
#3133=DIRECTION('',(1.,0.,0.));
#3134=DIRECTION('',(-1.,0.,0.));
#3135=DIRECTION('center_axis',(0.,1.,0.));
#3136=DIRECTION('ref_axis',(0.,0.,1.));
#3137=DIRECTION('center_axis',(0.,-1.,0.));
#3138=DIRECTION('ref_axis',(-0.5,0.,-0.866025403784439));
#3139=DIRECTION('center_axis',(0.,1.,0.));
#3140=DIRECTION('ref_axis',(-0.5,0.,-0.866025403784439));
#3141=DIRECTION('center_axis',(1.,0.,0.));
#3142=DIRECTION('ref_axis',(0.,-0.707106781186549,-0.707106781186546));
#3143=DIRECTION('',(1.,0.,0.));
#3144=DIRECTION('',(-1.,0.,0.));
#3145=DIRECTION('center_axis',(1.,0.,0.));
#3146=DIRECTION('ref_axis',(0.,-0.70710678118655,-0.707106781186545));
#3147=DIRECTION('center_axis',(1.,0.,0.));
#3148=DIRECTION('ref_axis',(0.,-1.,0.));
#3149=DIRECTION('',(1.,0.,0.));
#3150=DIRECTION('',(-1.,0.,0.));
#3151=DIRECTION('center_axis',(0.,0.,1.));
#3152=DIRECTION('ref_axis',(1.,0.,0.));
#3153=DIRECTION('center_axis',(0.,-1.,0.));
#3154=DIRECTION('ref_axis',(-1.,0.,0.));
#3155=DIRECTION('center_axis',(0.,0.,1.));
#3156=DIRECTION('ref_axis',(-0.707106781186547,-0.707106781186548,0.));
#3157=DIRECTION('center_axis',(0.,0.,-1.));
#3158=DIRECTION('ref_axis',(-0.707106781186547,-0.707106781186548,0.));
#3159=DIRECTION('center_axis',(-2.55314367511521E-7,-0.999999999999967,
0.));
#3160=DIRECTION('ref_axis',(-0.707106781186522,1.80534520540954E-7,-0.70710678118655));
#3161=DIRECTION('center_axis',(-2.55314367425543E-7,-0.999999999999967,
0.));
#3162=DIRECTION('ref_axis',(-0.999999999999967,2.55314367425543E-7,0.));
#3163=DIRECTION('',(-2.55314367511521E-7,-0.999999999999967,0.));
#3164=DIRECTION('',(2.55314367511521E-7,0.999999999999967,0.));
#3165=DIRECTION('center_axis',(-2.55314367511521E-7,0.999999999999967,0.));
#3166=DIRECTION('ref_axis',(-0.707106781186529,-1.80534520540953E-7,-0.707106781186543));
#3167=DIRECTION('',(-2.55314367511521E-7,0.999999999999967,0.));
#3168=DIRECTION('center_axis',(2.55314369645986E-7,-0.999999999999967,0.));
#3169=DIRECTION('ref_axis',(-0.999999999999967,-2.55314369645986E-7,0.));
#3170=DIRECTION('',(2.55314367511521E-7,-0.999999999999967,0.));
#3171=DIRECTION('center_axis',(0.,0.,-1.));
#3172=DIRECTION('ref_axis',(-1.,0.,0.));
#3173=DIRECTION('center_axis',(-1.,0.,0.));
#3174=DIRECTION('ref_axis',(0.,1.,0.));
#3175=DIRECTION('center_axis',(0.,0.,1.));
#3176=DIRECTION('ref_axis',(-0.707106781186547,0.707106781186548,0.));
#3177=DIRECTION('center_axis',(0.,0.,-1.));
#3178=DIRECTION('ref_axis',(-0.707106781186547,0.707106781186548,0.));
#3179=DIRECTION('center_axis',(1.,0.,0.));
#3180=DIRECTION('ref_axis',(0.,0.70710678118655,-0.707106781186545));
#3181=DIRECTION('center_axis',(-1.,0.,0.));
#3182=DIRECTION('ref_axis',(0.,1.,0.));
#3183=DIRECTION('',(-1.,0.,0.));
#3184=DIRECTION('',(1.,0.,0.));
#3185=DIRECTION('center_axis',(0.,-1.,0.));
#3186=DIRECTION('ref_axis',(0.,0.,-1.));
#3187=DIRECTION('center_axis',(0.,1.,0.));
#3188=DIRECTION('ref_axis',(0.5,0.,-0.866025403784438));
#3189=DIRECTION('center_axis',(0.,-1.,0.));
#3190=DIRECTION('ref_axis',(0.5,0.,-0.866025403784439));
#3191=DIRECTION('center_axis',(0.,0.,-1.));
#3192=DIRECTION('ref_axis',(-6.99353086378052E-16,-1.,0.));
#3193=DIRECTION('',(0.,0.,-1.));
#3194=DIRECTION('center_axis',(0.,0.,1.));
#3195=DIRECTION('ref_axis',(0.707106781186547,-0.707106781186548,0.));
#3196=DIRECTION('',(0.,0.,-1.));
#3197=DIRECTION('center_axis',(0.999999999999967,2.55314367511521E-7,0.));
#3198=DIRECTION('ref_axis',(2.55314367511521E-7,-0.999999999999967,0.));
#3199=DIRECTION('',(0.,0.,-1.));
#3200=DIRECTION('',(-2.55314367511521E-7,0.999999999999967,0.));
#3201=DIRECTION('center_axis',(-0.999999999999967,2.55314367511521E-7,0.));
#3202=DIRECTION('ref_axis',(2.55314367511521E-7,0.999999999999967,0.));
#3203=DIRECTION('',(0.,0.,-1.));
#3204=DIRECTION('',(2.55314367511521E-7,0.999999999999967,0.));
#3205=DIRECTION('center_axis',(0.,0.,1.));
#3206=DIRECTION('ref_axis',(-6.99353086378052E-16,1.,0.));
#3207=DIRECTION('',(0.,0.,-1.));
#3208=DIRECTION('center_axis',(0.,0.,1.));
#3209=DIRECTION('ref_axis',(0.707106781186547,0.707106781186548,0.));
#3210=DIRECTION('center_axis',(0.,1.,0.));
#3211=DIRECTION('ref_axis',(1.,0.,0.));
#3212=DIRECTION('',(0.,0.,-1.));
#3213=DIRECTION('',(-1.,0.,0.));
#3214=DIRECTION('center_axis',(0.,0.,1.));
#3215=DIRECTION('ref_axis',(1.,0.,0.));
#3216=DIRECTION('',(0.,1.,0.));
#3217=DIRECTION('center_axis',(0.,0.,1.));
#3218=DIRECTION('ref_axis',(1.,0.,0.));
#3219=DIRECTION('center_axis',(0.,0.,1.));
#3220=DIRECTION('ref_axis',(1.,0.,0.));
#3221=DIRECTION('center_axis',(0.,0.,1.));
#3222=DIRECTION('ref_axis',(-0.70710675129363,0.707106811079464,0.));
#3223=DIRECTION('center_axis',(0.,0.,-1.));
#3224=DIRECTION('ref_axis',(-0.70710675129363,-0.707106811079464,0.));
#3225=DIRECTION('center_axis',(0.,0.,-1.));
#3226=DIRECTION('ref_axis',(1.,0.,0.));
#3227=DIRECTION('center_axis',(0.,0.,-1.));
#3228=DIRECTION('ref_axis',(1.,0.,0.));
#3229=DIRECTION('center_axis',(0.,1.,0.));
#3230=DIRECTION('ref_axis',(0.866025403784438,0.,-0.5));
#3231=DIRECTION('',(0.,-1.,0.));
#3232=DIRECTION('center_axis',(0.,0.,-1.));
#3233=DIRECTION('ref_axis',(-1.,0.,0.));
#3234=DIRECTION('center_axis',(1.,0.,0.));
#3235=DIRECTION('ref_axis',(0.,1.,0.));
#3236=DIRECTION('center_axis',(0.,0.,-1.));
#3237=DIRECTION('ref_axis',(0.707106781186547,0.707106781186548,0.));
#3238=DIRECTION('center_axis',(1.11022302462516E-15,1.,0.));
#3239=DIRECTION('ref_axis',(0.,0.,1.));
#3240=DIRECTION('center_axis',(2.55314367511521E-7,0.999999999999967,0.));
#3241=DIRECTION('ref_axis',(0.707106781186522,-1.80534520540954E-7,0.70710678118655));
#3242=DIRECTION('center_axis',(2.5531436742554E-7,0.999999999999967,0.));
#3243=DIRECTION('ref_axis',(0.,0.,1.));
#3244=DIRECTION('',(-2.55314367511521E-7,-0.999999999999967,0.));
#3245=DIRECTION('center_axis',(2.55314367511521E-7,-0.999999999999967,0.));
#3246=DIRECTION('ref_axis',(0.707106781186528,1.80534520540953E-7,0.707106781186544));
#3247=DIRECTION('',(2.55314367511521E-7,-0.999999999999967,0.));
#3248=DIRECTION('center_axis',(-2.55314369645986E-7,0.999999999999967,0.));
#3249=DIRECTION('ref_axis',(0.,0.,1.));
#3250=DIRECTION('center_axis',(0.,0.,1.));
#3251=DIRECTION('ref_axis',(1.,0.,0.));
#3252=DIRECTION('center_axis',(1.,0.,0.));
#3253=DIRECTION('ref_axis',(0.,0.,1.));
#3254=DIRECTION('center_axis',(0.,0.,-1.));
#3255=DIRECTION('ref_axis',(0.707106781186547,-0.707106781186548,0.));
#3256=DIRECTION('center_axis',(1.,0.,0.));
#3257=DIRECTION('ref_axis',(0.,-0.707106781186548,0.707106781186547));
#3258=DIRECTION('center_axis',(1.,0.,0.));
#3259=DIRECTION('ref_axis',(0.,0.,1.));
#3260=DIRECTION('',(1.,0.,0.));
#3261=DIRECTION('',(-1.,0.,0.));
#3262=DIRECTION('center_axis',(0.,0.,-1.));
#3263=DIRECTION('ref_axis',(-1.,0.,0.));
#3264=DIRECTION('center_axis',(-1.11022302462516E-15,-1.,0.));
#3265=DIRECTION('ref_axis',(0.,0.,1.));
#3266=DIRECTION('center_axis',(0.,0.,1.));
#3267=DIRECTION('ref_axis',(-0.707106781186547,-0.707106781186548,0.));
#3268=DIRECTION('center_axis',(0.,0.,-1.));
#3269=DIRECTION('ref_axis',(-0.707106781186547,-0.707106781186548,0.));
#3270=DIRECTION('center_axis',(-2.55314367511521E-7,-0.999999999999967,
0.));
#3271=DIRECTION('ref_axis',(-0.707106781186528,1.80534520540953E-7,0.707106781186544));
#3272=DIRECTION('center_axis',(-2.5531436742554E-7,-0.999999999999967,0.));
#3273=DIRECTION('ref_axis',(0.,0.,1.));
#3274=DIRECTION('',(-2.55314367511521E-7,-0.999999999999967,0.));
#3275=DIRECTION('',(2.55314367511521E-7,0.999999999999967,0.));
#3276=DIRECTION('center_axis',(-2.55314367511521E-7,0.999999999999967,0.));
#3277=DIRECTION('ref_axis',(-0.707106781186525,-1.80534520540954E-7,0.707106781186547));
#3278=DIRECTION('',(-2.55314367511521E-7,0.999999999999967,0.));
#3279=DIRECTION('center_axis',(2.5531436742554E-7,-0.999999999999967,0.));
#3280=DIRECTION('ref_axis',(0.,0.,1.));
#3281=DIRECTION('',(2.55314367511521E-7,-0.999999999999967,0.));
#3282=DIRECTION('center_axis',(0.,0.,1.));
#3283=DIRECTION('ref_axis',(1.,0.,0.));
#3284=DIRECTION('center_axis',(-1.,0.,0.));
#3285=DIRECTION('ref_axis',(0.,0.,1.));
#3286=DIRECTION('center_axis',(0.,0.,1.));
#3287=DIRECTION('ref_axis',(-0.707106781186547,0.707106781186548,0.));
#3288=DIRECTION('center_axis',(0.,0.,-1.));
#3289=DIRECTION('ref_axis',(-0.707106781186547,0.707106781186548,0.));
#3290=DIRECTION('center_axis',(-1.,0.,0.));
#3291=DIRECTION('ref_axis',(0.,0.707106781186548,0.707106781186547));
#3292=DIRECTION('',(1.,0.,0.));
#3293=DIRECTION('center_axis',(0.999999999999967,-2.55314367511521E-7,0.));
#3294=DIRECTION('ref_axis',(-2.55314367511521E-7,-0.999999999999967,0.));
#3295=DIRECTION('',(0.,0.,-1.));
#3296=DIRECTION('',(0.,0.,-1.));
#3297=DIRECTION('center_axis',(-0.999999999999967,-2.55314367511521E-7,
0.));
#3298=DIRECTION('ref_axis',(-2.55314367511521E-7,0.999999999999967,0.));
#3299=DIRECTION('',(0.,0.,-1.));
#3300=DIRECTION('center_axis',(0.,0.,-1.));
#3301=DIRECTION('ref_axis',(6.99353086378052E-16,1.,0.));
#3302=DIRECTION('center_axis',(0.,0.,1.));
#3303=DIRECTION('ref_axis',(1.,0.,0.));
#3304=DIRECTION('center_axis',(0.,0.,1.));
#3305=DIRECTION('ref_axis',(1.,0.,0.));
#3306=DIRECTION('center_axis',(0.,0.,1.));
#3307=DIRECTION('ref_axis',(1.,0.,0.));
#3308=DIRECTION('center_axis',(0.,0.,-1.));
#3309=DIRECTION('ref_axis',(1.,0.,0.));
#3310=DIRECTION('center_axis',(0.,0.,-1.));
#3311=DIRECTION('ref_axis',(1.,0.,0.));
#3312=DIRECTION('center_axis',(0.,0.,1.));
#3313=DIRECTION('ref_axis',(-1.,0.,0.));
#3314=DIRECTION('center_axis',(0.,0.,1.));
#3315=DIRECTION('ref_axis',(-1.,0.,0.));
#3316=DIRECTION('center_axis',(0.,0.,-1.));
#3317=DIRECTION('ref_axis',(-1.,0.,0.));
#3318=DIRECTION('center_axis',(0.,0.,-1.));
#3319=DIRECTION('ref_axis',(-1.,0.,0.));
#3320=DIRECTION('center_axis',(0.,-1.,0.));
#3321=DIRECTION('ref_axis',(-0.866025403784439,0.,-0.5));
#3322=DIRECTION('',(0.,-1.,0.));
#3323=DIRECTION('',(0.,-1.,0.));
#3324=DIRECTION('center_axis',(0.,1.,0.));
#3325=DIRECTION('ref_axis',(1.,0.,0.));
#3326=DIRECTION('',(0.,0.,-1.));
#3327=DIRECTION('center_axis',(0.,0.,1.));
#3328=DIRECTION('ref_axis',(1.,0.,0.));
#3329=DIRECTION('center_axis',(0.,0.,1.));
#3330=DIRECTION('ref_axis',(1.,0.,0.));
#3331=DIRECTION('',(0.,0.,1.));
#3332=DIRECTION('center_axis',(0.,0.,1.));
#3333=DIRECTION('ref_axis',(1.,0.,0.));
#3334=DIRECTION('center_axis',(0.,0.,-1.));
#3335=DIRECTION('ref_axis',(1.,0.,0.));
#3336=DIRECTION('center_axis',(0.,0.,1.));
#3337=DIRECTION('ref_axis',(1.,0.,0.));
#3338=DIRECTION('center_axis',(0.,0.,1.));
#3339=DIRECTION('ref_axis',(1.,0.,0.));
#3340=DIRECTION('',(0.,0.,1.));
#3341=DIRECTION('center_axis',(0.,0.,1.));
#3342=DIRECTION('ref_axis',(1.,0.,0.));
#3343=DIRECTION('center_axis',(0.,0.,-1.));
#3344=DIRECTION('ref_axis',(1.,0.,0.));
#3345=DIRECTION('center_axis',(0.,0.,1.));
#3346=DIRECTION('ref_axis',(1.,0.,0.));
#3347=DIRECTION('center_axis',(0.,0.,1.));
#3348=DIRECTION('ref_axis',(1.,0.,0.));
#3349=DIRECTION('',(0.,0.,1.));
#3350=DIRECTION('center_axis',(0.,0.,1.));
#3351=DIRECTION('ref_axis',(1.,0.,0.));
#3352=DIRECTION('center_axis',(0.,0.,-1.));
#3353=DIRECTION('ref_axis',(1.,0.,0.));
#3354=DIRECTION('center_axis',(0.,0.,1.));
#3355=DIRECTION('ref_axis',(1.,0.,0.));
#3356=DIRECTION('center_axis',(0.,0.,1.));
#3357=DIRECTION('ref_axis',(1.,0.,0.));
#3358=DIRECTION('',(0.,0.,1.));
#3359=DIRECTION('center_axis',(0.,0.,1.));
#3360=DIRECTION('ref_axis',(1.,0.,0.));
#3361=DIRECTION('center_axis',(0.,0.,-1.));
#3362=DIRECTION('ref_axis',(1.,0.,0.));
#3363=DIRECTION('center_axis',(0.996820343032474,0.0796818907696206,-8.85354316999518E-15));
#3364=DIRECTION('ref_axis',(-8.88178419700124E-15,0.,-1.));
#3365=DIRECTION('center_axis',(0.0796819750507309,0.99682033629537,0.));
#3366=DIRECTION('ref_axis',(0.99682033629537,-0.0796819750507309,0.));
#3367=DIRECTION('center_axis',(0.,0.,1.));
#3368=DIRECTION('ref_axis',(-1.,0.,0.));
#3369=DIRECTION('',(0.,0.,1.));
#3370=DIRECTION('center_axis',(0.,0.,1.));
#3371=DIRECTION('ref_axis',(0.70710675129363,-0.707106811079464,0.));
#3372=DIRECTION('center_axis',(0.,0.,-1.));
#3373=DIRECTION('ref_axis',(1.,0.,0.));
#3374=DIRECTION('center_axis',(0.,1.,0.));
#3375=DIRECTION('ref_axis',(-1.,0.,0.));
#3376=DIRECTION('center_axis',(0.,0.,-1.));
#3377=DIRECTION('ref_axis',(-1.,0.,0.));
#3378=DIRECTION('center_axis',(0.,0.,-1.));
#3379=DIRECTION('ref_axis',(-1.,0.,0.));
#3380=DIRECTION('center_axis',(0.,0.,-1.));
#3381=DIRECTION('ref_axis',(-1.,0.,0.));
#3382=DIRECTION('',(0.,0.,-1.));
#3383=DIRECTION('center_axis',(0.,0.,-1.));
#3384=DIRECTION('ref_axis',(-1.,0.,0.));
#3385=DIRECTION('center_axis',(0.,0.,-1.));
#3386=DIRECTION('ref_axis',(1.,0.,0.));
#3387=DIRECTION('center_axis',(2.26576127474522E-16,1.,0.));
#3388=DIRECTION('ref_axis',(-1.,2.26576127474522E-16,0.));
#3389=DIRECTION('center_axis',(0.,0.,-1.));
#3390=DIRECTION('ref_axis',(-1.,0.,0.));
#3391=DIRECTION('center_axis',(0.,0.,-1.));
#3392=DIRECTION('ref_axis',(-1.,0.,0.));
#3393=DIRECTION('center_axis',(0.,0.,-1.));
#3394=DIRECTION('ref_axis',(-1.,0.,0.));
#3395=DIRECTION('',(0.,0.,-1.));
#3396=DIRECTION('center_axis',(0.,0.,-1.));
#3397=DIRECTION('ref_axis',(-1.,0.,0.));
#3398=DIRECTION('center_axis',(0.,0.,1.));
#3399=DIRECTION('ref_axis',(-1.,0.,0.));
#3400=DIRECTION('center_axis',(0.,0.,1.));
#3401=DIRECTION('ref_axis',(-1.,0.,0.));
#3402=DIRECTION('center_axis',(0.,0.,1.));
#3403=DIRECTION('ref_axis',(-1.,0.,0.));
#3404=DIRECTION('center_axis',(0.,0.,1.));
#3405=DIRECTION('ref_axis',(-1.,0.,0.));
#3406=DIRECTION('center_axis',(0.,0.,-1.));
#3407=DIRECTION('ref_axis',(-1.,0.,0.));
#3408=DIRECTION('center_axis',(0.,0.,1.));
#3409=DIRECTION('ref_axis',(-1.,0.,0.));
#3410=DIRECTION('',(0.,0.,1.));
#3411=DIRECTION('center_axis',(0.,0.,-1.));
#3412=DIRECTION('ref_axis',(-1.,0.,0.));
#3413=DIRECTION('center_axis',(0.,0.,1.));
#3414=DIRECTION('ref_axis',(-1.,0.,0.));
#3415=DIRECTION('',(0.,0.,1.));
#3416=DIRECTION('center_axis',(-0.996820343032474,0.0796818907696206,8.85354316999518E-15));
#3417=DIRECTION('ref_axis',(-8.88178419700124E-15,0.,-1.));
#3418=DIRECTION('center_axis',(-0.0796819750507309,0.99682033629537,0.));
#3419=DIRECTION('ref_axis',(0.99682033629537,0.0796819750507309,0.));
#3420=DIRECTION('center_axis',(0.,0.,-1.));
#3421=DIRECTION('ref_axis',(-1.,0.,0.));
#3422=DIRECTION('',(0.,0.,1.));
#3423=DIRECTION('center_axis',(0.,0.,-1.));
#3424=DIRECTION('ref_axis',(0.70710675129363,0.707106811079464,0.));
#3425=DIRECTION('center_axis',(0.,0.,-1.));
#3426=DIRECTION('ref_axis',(1.,0.,0.));
#3427=DIRECTION('center_axis',(0.,1.,0.));
#3428=DIRECTION('ref_axis',(-1.,0.,0.));
#3429=DIRECTION('center_axis',(0.,0.,1.));
#3430=DIRECTION('ref_axis',(-1.,0.,0.));
#3431=DIRECTION('center_axis',(0.,0.,1.));
#3432=DIRECTION('ref_axis',(-1.,0.,0.));
#3433=DIRECTION('center_axis',(0.,0.,1.));
#3434=DIRECTION('ref_axis',(-1.,0.,0.));
#3435=DIRECTION('',(0.,0.,-1.));
#3436=DIRECTION('center_axis',(0.,0.,1.));
#3437=DIRECTION('ref_axis',(-1.,0.,0.));
#3438=DIRECTION('center_axis',(0.,0.,-1.));
#3439=DIRECTION('ref_axis',(1.,0.,0.));
#3440=DIRECTION('center_axis',(-2.26576127474522E-16,1.,0.));
#3441=DIRECTION('ref_axis',(-1.,-2.26576127474522E-16,0.));
#3442=DIRECTION('center_axis',(0.,0.,1.));
#3443=DIRECTION('ref_axis',(-1.,0.,0.));
#3444=DIRECTION('center_axis',(0.,0.,1.));
#3445=DIRECTION('ref_axis',(-1.,0.,0.));
#3446=DIRECTION('center_axis',(0.,0.,1.));
#3447=DIRECTION('ref_axis',(-1.,0.,0.));
#3448=DIRECTION('',(0.,0.,-1.));
#3449=DIRECTION('center_axis',(0.,0.,1.));
#3450=DIRECTION('ref_axis',(-1.,0.,0.));
#3451=DIRECTION('center_axis',(0.,0.,-1.));
#3452=DIRECTION('ref_axis',(-1.,0.,0.));
#3453=DIRECTION('center_axis',(0.,0.,-1.));
#3454=DIRECTION('ref_axis',(-1.,0.,0.));
#3455=DIRECTION('center_axis',(0.,0.,-1.));
#3456=DIRECTION('ref_axis',(-1.,0.,0.));
#3457=DIRECTION('center_axis',(0.,0.,-1.));
#3458=DIRECTION('ref_axis',(-1.,0.,0.));
#3459=DIRECTION('center_axis',(0.,0.,1.));
#3460=DIRECTION('ref_axis',(-1.,0.,0.));
#3461=DIRECTION('center_axis',(0.,0.,-1.));
#3462=DIRECTION('ref_axis',(-1.,0.,0.));
#3463=DIRECTION('',(0.,0.,1.));
#3464=DIRECTION('center_axis',(0.,0.,-1.));
#3465=DIRECTION('ref_axis',(-1.,0.,0.));
#3466=DIRECTION('center_axis',(0.,0.,-1.));
#3467=DIRECTION('ref_axis',(-1.,0.,0.));
#3468=DIRECTION('center_axis',(0.,0.,1.));
#3469=DIRECTION('ref_axis',(-1.,0.,0.));
#3470=DIRECTION('',(0.,0.,1.));
#3471=DIRECTION('center_axis',(0.,0.,-1.));
#3472=DIRECTION('ref_axis',(-1.,0.,0.));
#3473=DIRECTION('center_axis',(0.996820343032474,-0.0796818907696206,8.85354316999518E-15));
#3474=DIRECTION('ref_axis',(8.88178419700124E-15,0.,-1.));
#3475=DIRECTION('center_axis',(0.0796819750507309,-0.99682033629537,0.));
#3476=DIRECTION('ref_axis',(-0.99682033629537,-0.0796819750507309,0.));
#3477=DIRECTION('center_axis',(0.,0.,-1.));
#3478=DIRECTION('ref_axis',(1.,0.,0.));
#3479=DIRECTION('',(0.,0.,1.));
#3480=DIRECTION('center_axis',(0.,0.,-1.));
#3481=DIRECTION('ref_axis',(-1.,0.,0.));
#3482=DIRECTION('center_axis',(0.,-1.,0.));
#3483=DIRECTION('ref_axis',(1.,0.,0.));
#3484=DIRECTION('center_axis',(0.,0.,1.));
#3485=DIRECTION('ref_axis',(1.,0.,0.));
#3486=DIRECTION('center_axis',(0.,0.,1.));
#3487=DIRECTION('ref_axis',(1.,0.,0.));
#3488=DIRECTION('center_axis',(0.,0.,1.));
#3489=DIRECTION('ref_axis',(1.,0.,0.));
#3490=DIRECTION('',(0.,0.,-1.));
#3491=DIRECTION('center_axis',(0.,0.,1.));
#3492=DIRECTION('ref_axis',(1.,0.,0.));
#3493=DIRECTION('center_axis',(0.,0.,-1.));
#3494=DIRECTION('ref_axis',(-1.,0.,0.));
#3495=DIRECTION('center_axis',(2.26576127474522E-16,-1.,0.));
#3496=DIRECTION('ref_axis',(1.,2.26576127474522E-16,0.));
#3497=DIRECTION('center_axis',(0.,0.,1.));
#3498=DIRECTION('ref_axis',(1.,0.,0.));
#3499=DIRECTION('center_axis',(0.,0.,1.));
#3500=DIRECTION('ref_axis',(1.,0.,0.));
#3501=DIRECTION('center_axis',(0.,0.,1.));
#3502=DIRECTION('ref_axis',(1.,0.,0.));
#3503=DIRECTION('',(0.,0.,-1.));
#3504=DIRECTION('center_axis',(0.,0.,1.));
#3505=DIRECTION('ref_axis',(1.,0.,0.));
#3506=DIRECTION('center_axis',(0.,0.,-1.));
#3507=DIRECTION('ref_axis',(1.,0.,0.));
#3508=DIRECTION('center_axis',(0.,0.,-1.));
#3509=DIRECTION('ref_axis',(1.,0.,0.));
#3510=DIRECTION('center_axis',(0.,0.,-1.));
#3511=DIRECTION('ref_axis',(1.,0.,0.));
#3512=DIRECTION('center_axis',(0.,0.,-1.));
#3513=DIRECTION('ref_axis',(1.,0.,0.));
#3514=DIRECTION('center_axis',(0.,0.,1.));
#3515=DIRECTION('ref_axis',(6.99353086378052E-16,-1.,0.));
#3516=DIRECTION('center_axis',(0.,0.,1.));
#3517=DIRECTION('ref_axis',(1.,0.,0.));
#3518=DIRECTION('',(0.,0.,1.));
#3519=DIRECTION('center_axis',(0.,0.,1.));
#3520=DIRECTION('ref_axis',(1.,0.,0.));
#3521=DIRECTION('',(0.,0.,1.));
#3522=DIRECTION('center_axis',(-0.996820343032474,-0.0796818907696206,-8.85354316999518E-15));
#3523=DIRECTION('ref_axis',(8.88178419700124E-15,0.,-1.));
#3524=DIRECTION('center_axis',(-0.0796819750507309,-0.99682033629537,0.));
#3525=DIRECTION('ref_axis',(-0.99682033629537,0.0796819750507309,0.));
#3526=DIRECTION('center_axis',(0.,0.,1.));
#3527=DIRECTION('ref_axis',(1.,0.,0.));
#3528=DIRECTION('',(0.,0.,1.));
#3529=DIRECTION('center_axis',(0.,0.,-1.));
#3530=DIRECTION('ref_axis',(-1.,0.,0.));
#3531=DIRECTION('center_axis',(0.,-1.,0.));
#3532=DIRECTION('ref_axis',(1.,0.,0.));
#3533=DIRECTION('center_axis',(0.,0.,-1.));
#3534=DIRECTION('ref_axis',(1.,0.,0.));
#3535=DIRECTION('center_axis',(0.,0.,-1.));
#3536=DIRECTION('ref_axis',(1.,0.,0.));
#3537=DIRECTION('center_axis',(0.,0.,-1.));
#3538=DIRECTION('ref_axis',(1.,0.,0.));
#3539=DIRECTION('',(0.,0.,-1.));
#3540=DIRECTION('center_axis',(0.,0.,-1.));
#3541=DIRECTION('ref_axis',(1.,0.,0.));
#3542=DIRECTION('center_axis',(0.,0.,-1.));
#3543=DIRECTION('ref_axis',(-1.,0.,0.));
#3544=DIRECTION('center_axis',(-2.26576127474522E-16,-1.,0.));
#3545=DIRECTION('ref_axis',(1.,-2.26576127474522E-16,0.));
#3546=DIRECTION('center_axis',(0.,0.,-1.));
#3547=DIRECTION('ref_axis',(1.,0.,0.));
#3548=DIRECTION('center_axis',(0.,0.,-1.));
#3549=DIRECTION('ref_axis',(1.,0.,0.));
#3550=DIRECTION('center_axis',(0.,0.,-1.));
#3551=DIRECTION('ref_axis',(1.,0.,0.));
#3552=DIRECTION('',(0.,0.,-1.));
#3553=DIRECTION('center_axis',(0.,0.,-1.));
#3554=DIRECTION('ref_axis',(1.,0.,0.));
#3555=DIRECTION('center_axis',(0.,0.,1.));
#3556=DIRECTION('ref_axis',(1.,0.,0.));
#3557=DIRECTION('center_axis',(0.,0.,1.));
#3558=DIRECTION('ref_axis',(1.,0.,0.));
#3559=DIRECTION('center_axis',(0.,0.,1.));
#3560=DIRECTION('ref_axis',(1.,0.,0.));
#3561=DIRECTION('center_axis',(0.,0.,1.));
#3562=DIRECTION('ref_axis',(1.,0.,0.));
#3563=DIRECTION('center_axis',(0.,0.,-1.));
#3564=DIRECTION('ref_axis',(1.,0.,0.));
#3565=DIRECTION('',(0.,0.,1.));
#3566=DIRECTION('center_axis',(0.,0.,-1.));
#3567=DIRECTION('ref_axis',(1.,0.,0.));
#3568=DIRECTION('',(0.,0.,1.));
#3569=DIRECTION('axis',(0.,0.,1.));
#3570=DIRECTION('refdir',(1.,0.,0.));
#3571=DIRECTION('axis',(0.,0.,1.));
#3572=DIRECTION('refdir',(1.,0.,0.));
#3573=DIRECTION('axis',(0.,0.,1.));
#3574=DIRECTION('refdir',(1.,0.,0.));
#3575=DIRECTION('axis',(0.,0.,1.));
#3576=DIRECTION('refdir',(1.,0.,0.));
#3577=DIRECTION('axis',(0.,0.,1.));
#3578=DIRECTION('refdir',(1.,0.,0.));
#3579=DIRECTION('axis',(0.,0.,1.));
#3580=DIRECTION('refdir',(1.,0.,0.));
#3581=DIRECTION('axis',(0.,0.,1.));
#3582=DIRECTION('refdir',(1.,0.,0.));
#3583=DIRECTION('axis',(0.,0.,1.));
#3584=DIRECTION('refdir',(1.,0.,0.));
#3585=DIRECTION('axis',(0.,0.,1.));
#3586=DIRECTION('refdir',(1.,0.,0.));
#3587=DIRECTION('axis',(0.,0.,1.));
#3588=DIRECTION('refdir',(1.,0.,0.));
#3589=DIRECTION('axis',(0.,0.,1.));
#3590=DIRECTION('refdir',(1.,0.,0.));
#3591=DIRECTION('axis',(0.,0.,1.));
#3592=DIRECTION('refdir',(1.,0.,0.));
#3593=DIRECTION('axis',(0.,0.,1.));
#3594=DIRECTION('refdir',(1.,0.,0.));
#3595=DIRECTION('axis',(0.,0.,1.));
#3596=DIRECTION('refdir',(1.,0.,0.));
#3597=DIRECTION('axis',(0.,0.,1.));
#3598=DIRECTION('refdir',(1.,0.,0.));
#3599=DIRECTION('',(0.,0.,1.));
#3600=DIRECTION('',(1.,0.,0.));
#3601=DIRECTION('',(-1.24800095192475E-15,7.10734854273252E-16,0.999999999999998));
#3602=DIRECTION('',(0.788010753606723,0.615661475325657,5.95662972007804E-16));
#3603=DIRECTION('',(1.40206780454103E-15,-5.90364636803024E-16,-1.));
#3604=DIRECTION('',(0.121869343405149,0.992546151641321,-4.15095065575053E-16));
#3605=DIRECTION('',(-1.41925234684316E-15,4.50407771088446E-16,1.00000000000001));
#3606=DIRECTION('',(-0.707106781186544,0.707106781186549,-1.56505271453956E-15));
#3607=DIRECTION('',(-7.80130132095484E-16,5.90364636803006E-16,0.999999999999974));
#3608=DIRECTION('',(0.707106781186554,-0.707106781186541,2.03270392738937E-16));
#3609=DIRECTION('',(-9.51381527013868E-16,3.30037553618201E-16,0.999999999999968));
#3610=DIRECTION('',(-0.78801075360673,-0.615661475325649,-5.47931117682956E-17));
#3611=DIRECTION('',(-2.15877951499691E-15,-2.84749749470408E-16,0.999999999999998));
#3612=DIRECTION('',(0.999999999999998,3.40005801291453E-16,1.74860126378462E-15));
#3613=DIRECTION('',(0.,0.,1.));
#3614=DIRECTION('',(1.,0.,0.));
#3615=DIRECTION('',(0.,0.,1.));
#3616=DIRECTION('',(1.,0.,0.));
#3617=DIRECTION('',(1.71158617210945E-17,-6.08028110607914E-17,1.00000000000002));
#3618=DIRECTION('',(0.130526192220071,0.991444861373792,-6.17948079439103E-16));
#3619=DIRECTION('',(0.,0.,1.));
#3620=DIRECTION('',(1.,0.,0.));
#3621=DIRECTION('',(0.,0.,1.));
#3622=DIRECTION('',(1.,0.,0.));
#3623=DIRECTION('',(0.,0.,1.));
#3624=DIRECTION('',(1.,0.,0.));
#3625=DIRECTION('',(0.,0.,1.));
#3626=DIRECTION('',(1.,0.,0.));
#3627=DIRECTION('',(0.,0.,1.));
#3628=DIRECTION('',(1.,0.,0.));
#3629=DIRECTION('',(0.,0.,1.));
#3630=DIRECTION('',(1.,0.,0.));
#3631=DIRECTION('',(0.,0.,1.));
#3632=DIRECTION('',(1.,0.,0.));
#3633=DIRECTION('',(0.,0.,1.));
#3634=DIRECTION('',(1.,0.,0.));
#3635=DIRECTION('',(0.,0.,1.));
#3636=DIRECTION('',(1.,0.,0.));
#3637=DIRECTION('',(0.,0.,1.));
#3638=DIRECTION('',(1.,0.,0.));
#3639=DIRECTION('',(0.,0.,1.));
#3640=DIRECTION('',(1.,0.,0.));
#3641=DIRECTION('',(0.,0.,1.));
#3642=DIRECTION('',(1.,0.,0.));
#3643=DIRECTION('',(0.,0.,1.));
#3644=DIRECTION('',(1.,0.,0.));
#3645=DIRECTION('',(0.,0.,1.));
#3646=DIRECTION('',(1.,0.,0.));
#3647=DIRECTION('',(0.,0.,1.));
#3648=DIRECTION('',(1.,0.,0.));
#3649=DIRECTION('center_axis',(0.,0.,1.));
#3650=DIRECTION('ref_axis',(1.,0.,0.));
#3651=CARTESIAN_POINT('',(0.,0.,0.));
#3652=CARTESIAN_POINT('',(0.,0.,0.));
#3653=CARTESIAN_POINT('',(0.,0.,0.));
#3654=CARTESIAN_POINT('Origin',(97.654370342953,114.300000810623,8.));
#3655=CARTESIAN_POINT('',(95.504370342953,114.300000810623,8.));
#3656=CARTESIAN_POINT('Origin',(97.654370342953,114.300000810623,8.));
#3657=CARTESIAN_POINT('Origin',(130.991870342953,114.300000810623,8.));
#3658=CARTESIAN_POINT('',(128.841870342953,114.300000810623,8.));
#3659=CARTESIAN_POINT('Origin',(130.991870342953,114.300000810623,8.));
#3660=CARTESIAN_POINT('Origin',(114.323120342953,97.6312508106232,8.));
#3661=CARTESIAN_POINT('',(112.173120342953,97.6312508106232,8.));
#3662=CARTESIAN_POINT('Origin',(114.323120342953,97.6312508106232,8.));
#3663=CARTESIAN_POINT('Origin',(114.323120342953,130.968750810623,8.));
#3664=CARTESIAN_POINT('',(112.173120342953,130.968750810623,8.));
#3665=CARTESIAN_POINT('Origin',(114.323120342953,130.968750810623,8.));
#3666=CARTESIAN_POINT('Origin',(241.373920342953,114.300000810623,2.5));
#3667=CARTESIAN_POINT('',(251.500008106232,115.525703307307,0.));
#3668=CARTESIAN_POINT('',(239.363945218729,124.300000810623,0.));
#3669=CARTESIAN_POINT('Origin',(241.373920342953,114.300000810623,0.));
#3670=CARTESIAN_POINT('',(239.128925910889,126.800000810623,2.5));
#3671=CARTESIAN_POINT('Ctrl Pts',(239.363945218729,124.300000810623,0.));
#3672=CARTESIAN_POINT('Ctrl Pts',(239.363630690585,124.303161779353,-2.61395069906863E-18));
#3673=CARTESIAN_POINT('Ctrl Pts',(239.363316235817,124.306322752614,5.99503397527972E-6));
#3674=CARTESIAN_POINT('Ctrl Pts',(239.346348612625,124.476925288433,0.000653122591049969));
#3675=CARTESIAN_POINT('Ctrl Pts',(239.329948867001,124.643915283583,0.0181088972548234));
#3676=CARTESIAN_POINT('Ctrl Pts',(239.298106923861,124.97187081437,0.0861601150346175));
#3677=CARTESIAN_POINT('Ctrl Pts',(239.28274203033,125.132033080215,0.136571621052643));
#3678=CARTESIAN_POINT('Ctrl Pts',(239.239742940012,125.584770749102,0.330881521818093));
#3679=CARTESIAN_POINT('Ctrl Pts',(239.214566395727,125.855929579379,0.516279722385344));
#3680=CARTESIAN_POINT('Ctrl Pts',(239.172797432874,126.311270061464,0.98013638609958));
#3681=CARTESIAN_POINT('Ctrl Pts',(239.156557752066,126.491439061107,1.25377090694121));
#3682=CARTESIAN_POINT('Ctrl Pts',(239.134528595788,126.736886596745,1.8545057998383));
#3683=CARTESIAN_POINT('Ctrl Pts',(239.128925910889,126.800000810623,2.17566860981682));
#3684=CARTESIAN_POINT('Ctrl Pts',(239.128925910889,126.800000810623,2.5));
#3685=CARTESIAN_POINT('',(254.000008106232,115.668177624483,2.5));
#3686=CARTESIAN_POINT('Origin',(241.373920342953,114.300000810623,2.5));
#3687=CARTESIAN_POINT('Ctrl Pts',(254.000008106232,115.668177624483,2.5));
#3688=CARTESIAN_POINT('Ctrl Pts',(254.000008106232,115.668177624483,2.17490784396266));
#3689=CARTESIAN_POINT('Ctrl Pts',(253.936597273564,115.66476419627,1.85294888139346));
#3690=CARTESIAN_POINT('Ctrl Pts',(253.690056837596,115.651346234265,1.2512078207532));
#3691=CARTESIAN_POINT('Ctrl Pts',(253.50921668171,115.64146189347,0.977250728329831));
#3692=CARTESIAN_POINT('Ctrl Pts',(253.052608476371,115.616063294117,0.513687106306492));
#3693=CARTESIAN_POINT('Ctrl Pts',(252.781079783519,115.600776460661,0.328656526307427));
#3694=CARTESIAN_POINT('Ctrl Pts',(252.174923116839,115.565871229084,0.0698018172757552));
#3695=CARTESIAN_POINT('Ctrl Pts',(251.84491802983,115.546490661465,0.00153602986007421));
#3696=CARTESIAN_POINT('Ctrl Pts',(251.507554246584,115.526158290848,8.54163731059396E-6));
#3697=CARTESIAN_POINT('Ctrl Pts',(251.503781176889,115.525930830782,-3.1201259888646E-18));
#3698=CARTESIAN_POINT('Ctrl Pts',(251.500008106232,115.525703307307,0.));
#3699=CARTESIAN_POINT('Origin',(200.577951907586,124.152951004963,2.5));
#3700=CARTESIAN_POINT('',(228.673920342953,126.800000810623,2.5));
#3701=CARTESIAN_POINT('',(228.68046112036,124.300000810857,0.));
#3702=CARTESIAN_POINT('Ctrl Pts',(228.673920342953,126.800000810623,2.5));
#3703=CARTESIAN_POINT('Ctrl Pts',(228.673773517139,126.800000042339,2.41184543151054));
#3704=CARTESIAN_POINT('Ctrl Pts',(228.673651112057,126.795332257821,2.32369104691461));
#3705=CARTESIAN_POINT('Ctrl Pts',(228.673552991294,126.786023526591,2.2360292684751));
#3706=CARTESIAN_POINT('Ctrl Pts',(228.673454873609,126.77671508737,2.14837023992738));
#3707=CARTESIAN_POINT('Ctrl Pts',(228.673381038515,126.762766031699,2.06120415229331));
#3708=CARTESIAN_POINT('Ctrl Pts',(228.673331078345,126.744254268546,1.9750178768042));
#3709=CARTESIAN_POINT('Ctrl Pts',(228.673281119632,126.72574304559,1.88883411634183));
#3710=CARTESIAN_POINT('Ctrl Pts',(228.673255034045,126.702669458898,1.80363047028109));
#3711=CARTESIAN_POINT('Ctrl Pts',(228.673252147269,126.675162375526,1.71988282079384));
#3712=CARTESIAN_POINT('Ctrl Pts',(228.673249260571,126.647656034671,1.6361374319673));
#3713=CARTESIAN_POINT('Ctrl Pts',(228.673269570831,126.615716551429,1.55384831032017));
#3714=CARTESIAN_POINT('Ctrl Pts',(228.673312144677,126.579522301332,1.47347503495695));
#3715=CARTESIAN_POINT('Ctrl Pts',(228.673354717467,126.543328949091,1.39310375338085));
#3716=CARTESIAN_POINT('Ctrl Pts',(228.673419551948,126.502881192218,1.31464855812672));
#3717=CARTESIAN_POINT('Ctrl Pts',(228.673505466163,126.458404913184,1.23854759438074));
#3718=CARTESIAN_POINT('Ctrl Pts',(228.673591378434,126.413929640197,1.1624483520287));
#3719=CARTESIAN_POINT('Ctrl Pts',(228.673698368514,126.365426212923,1.08870355191303));
#3720=CARTESIAN_POINT('Ctrl Pts',(228.673825019103,126.313165489737,1.0177250146888));
#3721=CARTESIAN_POINT('Ctrl Pts',(228.673951667103,126.260905834423,0.946747927805715));
#3722=CARTESIAN_POINT('Ctrl Pts',(228.674097973669,126.204889254786,0.878537286607682));
#3723=CARTESIAN_POINT('Ctrl Pts',(228.674262302024,126.145428552911,0.813473991237559));
#3724=CARTESIAN_POINT('Ctrl Pts',(228.674426660583,126.085956921613,0.748398736637581));
#3725=CARTESIAN_POINT('Ctrl Pts',(228.674609046267,126.023040148737,0.686472257524152));
#3726=CARTESIAN_POINT('Ctrl Pts',(228.674807620001,125.957029697201,0.628040489104738));
#3727=CARTESIAN_POINT('Ctrl Pts',(228.675006180972,125.891023488205,0.569612476137893));
#3728=CARTESIAN_POINT('Ctrl Pts',(228.675220926471,125.821924273938,0.514678968000979));
#3729=CARTESIAN_POINT('Ctrl Pts',(228.675449836967,125.750118004292,0.463546796218221));
#3730=CARTESIAN_POINT('Ctrl Pts',(228.675678734755,125.678315721234,0.412417463225569));
#3731=CARTESIAN_POINT('Ctrl Pts',(228.675921794398,125.603806983129,0.365089257371174));
#3732=CARTESIAN_POINT('Ctrl Pts',(228.676176838506,125.527007908673,0.321826501403018));
#3733=CARTESIAN_POINT('Ctrl Pts',(228.676431870685,125.450212426129,0.278565768844814));
#3734=CARTESIAN_POINT('Ctrl Pts',(228.67669888453,125.371127141905,0.239370285943861));
#3735=CARTESIAN_POINT('Ctrl Pts',(228.676975569123,125.290193692955,0.204458934656581));
#3736=CARTESIAN_POINT('Ctrl Pts',(228.677252296982,125.209247588112,0.169542124139294));
#3737=CARTESIAN_POINT('Ctrl Pts',(228.677538696849,125.126453077604,0.138910932092121));
#3738=CARTESIAN_POINT('Ctrl Pts',(228.677832348663,125.042272656431,0.112736467741229));
#3739=CARTESIAN_POINT('Ctrl Pts',(228.678125966072,124.958102098063,0.0865650700608114));
#3740=CARTESIAN_POINT('Ctrl Pts',(228.678426831889,124.872546305151,0.0648494640078114));
#3741=CARTESIAN_POINT('Ctrl Pts',(228.678732445926,124.78608308573,0.0477109269833571));
#3742=CARTESIAN_POINT('Ctrl Pts',(228.679038089715,124.699611449062,0.0305707215117796));
#3743=CARTESIAN_POINT('Ctrl Pts',(228.679348480761,124.612232569743,0.0180085486007924));
#3744=CARTESIAN_POINT('Ctrl Pts',(228.679661065104,124.524434532245,0.0100945791599978));
#3745=CARTESIAN_POINT('Ctrl Pts',(228.679926695157,124.449824917808,0.00336939229399592));
#3746=CARTESIAN_POINT('Ctrl Pts',(228.680193907545,124.374912905084,9.31498910455275E-17));
#3747=CARTESIAN_POINT('Ctrl Pts',(228.68046112036,124.300000810857,0.));
#3748=CARTESIAN_POINT('',(132.809486563004,123.798344247279,0.));
#3749=CARTESIAN_POINT('',(200.577951907586,124.152951004963,0.));
#3750=CARTESIAN_POINT('',(134.272760728498,126.306035232943,2.5));
#3751=CARTESIAN_POINT('Ctrl Pts',(132.809486563004,123.798344247279,0.));
#3752=CARTESIAN_POINT('Ctrl Pts',(132.81092025504,123.800706620751,-4.03884251691622E-18));
#3753=CARTESIAN_POINT('Ctrl Pts',(132.812353823854,123.803069069119,3.32716077248916E-6));
#3754=CARTESIAN_POINT('Ctrl Pts',(132.939796251628,124.013112396585,0.000594997330290206));
#3755=CARTESIAN_POINT('Ctrl Pts',(133.06481470257,124.221338784344,0.026895179716583));
#3756=CARTESIAN_POINT('Ctrl Pts',(133.304847151322,124.62500289887,0.130767745678687));
#3757=CARTESIAN_POINT('Ctrl Pts',(133.41991308885,124.820446382026,0.207289044432211));
#3758=CARTESIAN_POINT('Ctrl Pts',(133.687191684986,125.278186016295,0.458087851551725));
#3759=CARTESIAN_POINT('Ctrl Pts',(133.830819235953,125.527652175454,0.660290113405463));
#3760=CARTESIAN_POINT('Ctrl Pts',(134.05350010576,125.917479246282,1.13305416106655));
#3761=CARTESIAN_POINT('Ctrl Pts',(134.136573581852,126.064345348704,1.38828175837587));
#3762=CARTESIAN_POINT('Ctrl Pts',(134.245329594707,126.257122105741,1.93427688100357));
#3763=CARTESIAN_POINT('Ctrl Pts',(134.272760728498,126.306035232943,2.2148571127301));
#3764=CARTESIAN_POINT('Ctrl Pts',(134.272760728498,126.306035232943,2.5));
#3765=CARTESIAN_POINT('',(200.564870531855,126.65291678025,2.5));
#3766=CARTESIAN_POINT('Origin',(114.323120342953,114.300000810623,2.5));
#3767=CARTESIAN_POINT('',(133.967025608009,101.800000810623,2.5));
#3768=CARTESIAN_POINT('Origin',(114.323120342953,114.300000810623,2.5));
#3769=CARTESIAN_POINT('',(132.543006842668,104.300000810623,0.));
#3770=CARTESIAN_POINT('Origin',(114.323120342953,114.300000810623,0.));
#3771=CARTESIAN_POINT('Ctrl Pts',(132.543006842668,104.300000810623,0.));
#3772=CARTESIAN_POINT('Ctrl Pts',(132.54440129813,104.297644782317,2.52551470952687E-17));
#3773=CARTESIAN_POINT('Ctrl Pts',(132.545795635044,104.295288683828,3.33052161325912E-6));
#3774=CARTESIAN_POINT('Ctrl Pts',(132.668254836088,104.088337948551,0.000588447854252721));
#3775=CARTESIAN_POINT('Ctrl Pts',(132.788364915822,103.883289615031,0.0262832242867768));
#3776=CARTESIAN_POINT('Ctrl Pts',(133.019270996563,103.485409480012,0.127696945570144));
#3777=CARTESIAN_POINT('Ctrl Pts',(133.130062968356,103.292656731743,0.202447074733991));
#3778=CARTESIAN_POINT('Ctrl Pts',(133.39034789604,102.836194008929,0.449700092737094));
#3779=CARTESIAN_POINT('Ctrl Pts',(133.531121879462,102.585871060082,0.651103353436303));
#3780=CARTESIAN_POINT('Ctrl Pts',(133.750289813157,102.193122268837,1.12377843705435));
#3781=CARTESIAN_POINT('Ctrl Pts',(133.83229184349,102.044735235382,1.38022303524811));
#3782=CARTESIAN_POINT('Ctrl Pts',(133.939870145525,101.849559853126,1.92962078875825));
#3783=CARTESIAN_POINT('Ctrl Pts',(133.967025608009,101.800000810623,2.21255728924835));
#3784=CARTESIAN_POINT('Ctrl Pts',(133.967025608009,101.800000810623,2.5));
#3785=CARTESIAN_POINT('Origin',(153.243357416301,104.300000810623,2.5));
#3786=CARTESIAN_POINT('',(239.128925910889,101.800000810623,2.5));
#3787=CARTESIAN_POINT('',(153.243357416301,101.800000810623,2.5));
#3788=CARTESIAN_POINT('',(239.363945218729,104.300000810623,0.));
#3789=CARTESIAN_POINT('',(153.243357416301,104.300000810623,0.));
#3790=CARTESIAN_POINT('Ctrl Pts',(239.363945218729,104.300000810623,0.));
#3791=CARTESIAN_POINT('Ctrl Pts',(239.363630690585,104.296839841893,-2.21599279179918E-16));
#3792=CARTESIAN_POINT('Ctrl Pts',(239.363316235817,104.293678868632,5.99503397368086E-6));
#3793=CARTESIAN_POINT('Ctrl Pts',(239.346348612628,104.123076332801,0.00065312259109355));
#3794=CARTESIAN_POINT('Ctrl Pts',(239.329948867001,103.956086337661,0.0181088972552772));
#3795=CARTESIAN_POINT('Ctrl Pts',(239.298106923861,103.628130806876,0.0861601150346198));
#3796=CARTESIAN_POINT('Ctrl Pts',(239.28274203033,103.467968541031,0.136571621052648));
#3797=CARTESIAN_POINT('Ctrl Pts',(239.239742940012,103.015230872144,0.330881521818106));
#3798=CARTESIAN_POINT('Ctrl Pts',(239.214566395727,102.744072041868,0.516279722385359));
#3799=CARTESIAN_POINT('Ctrl Pts',(239.172797432874,102.288731559783,0.980136386099663));
#3800=CARTESIAN_POINT('Ctrl Pts',(239.156557752066,102.108562560139,1.25377090694127));
#3801=CARTESIAN_POINT('Ctrl Pts',(239.134528595788,101.863115024502,1.85450579983838));
#3802=CARTESIAN_POINT('Ctrl Pts',(239.128925910889,101.800000810623,2.17566860981686));
#3803=CARTESIAN_POINT('Ctrl Pts',(239.128925910889,101.800000810623,2.5));
#3804=CARTESIAN_POINT('Origin',(205.824307567741,124.300000810623,2.5));
#3805=CARTESIAN_POINT('',(205.824307567741,124.300000810623,0.));
#3806=CARTESIAN_POINT('',(205.824307567741,126.800000810623,2.5));
#3807=CARTESIAN_POINT('Origin',(241.373920342953,114.300000810623,2.5));
#3808=CARTESIAN_POINT('',(254.000008106232,112.931823996763,2.5));
#3809=CARTESIAN_POINT('Origin',(241.373920342953,114.300000810623,2.5));
#3810=CARTESIAN_POINT('',(251.500008106232,113.074298313939,0.));
#3811=CARTESIAN_POINT('Origin',(241.373920342953,114.300000810623,0.));
#3812=CARTESIAN_POINT('Ctrl Pts',(251.500008106232,113.074298313939,0.));
#3813=CARTESIAN_POINT('Ctrl Pts',(251.503781176889,113.074070790464,-3.1201259888646E-18));
#3814=CARTESIAN_POINT('Ctrl Pts',(251.507554246584,113.073843330399,8.54163731059396E-6));
#3815=CARTESIAN_POINT('Ctrl Pts',(251.84491802983,113.053510959781,0.00153602986007421));
#3816=CARTESIAN_POINT('Ctrl Pts',(252.174923116839,113.034130392162,0.0698018172757552));
#3817=CARTESIAN_POINT('Ctrl Pts',(252.781079783519,112.999225160585,0.328656526307427));
#3818=CARTESIAN_POINT('Ctrl Pts',(253.052608476371,112.983938327129,0.513687106306492));
#3819=CARTESIAN_POINT('Ctrl Pts',(253.50921668171,112.958539727776,0.977250728329831));
#3820=CARTESIAN_POINT('Ctrl Pts',(253.690056837596,112.948655386981,1.2512078207532));
#3821=CARTESIAN_POINT('Ctrl Pts',(253.936597273564,112.935237424976,1.85294888139346));
#3822=CARTESIAN_POINT('Ctrl Pts',(254.000008106232,112.931823996763,2.17490784396266));
#3823=CARTESIAN_POINT('Ctrl Pts',(254.000008106232,112.931823996763,2.5));
#3824=CARTESIAN_POINT('Origin',(251.500008106232,113.615912403693,2.5));
#3825=CARTESIAN_POINT('',(251.500008106232,113.615912403693,0.));
#3826=CARTESIAN_POINT('',(254.000008106232,113.615912403693,2.5));
#3827=CARTESIAN_POINT('Origin',(254.000008106232,112.931823996763,0.));
#3828=CARTESIAN_POINT('',(254.000008106232,115.668177624483,11.5));
#3829=CARTESIAN_POINT('',(254.000008106232,115.668177624483,0.));
#3830=CARTESIAN_POINT('',(254.000008106232,112.931823996763,11.5));
#3831=CARTESIAN_POINT('',(254.000008106232,113.615912403693,11.5));
#3832=CARTESIAN_POINT('',(254.000008106232,112.931823996763,0.));
#3833=CARTESIAN_POINT('Origin',(241.373920342953,114.300000810623,0.));
#3834=CARTESIAN_POINT('',(239.128925910889,126.800000810623,11.5));
#3835=CARTESIAN_POINT('',(239.128925910889,126.800000810623,0.));
#3836=CARTESIAN_POINT('Origin',(241.373920342953,114.300000810623,11.5));
#3837=CARTESIAN_POINT('Origin',(239.128925910889,126.800000810623,0.));
#3838=CARTESIAN_POINT('',(228.673920342953,126.800000810623,11.5));
#3839=CARTESIAN_POINT('',(228.673920342953,126.800000810623,0.));
#3840=CARTESIAN_POINT('',(205.824307567741,126.800000810623,11.5));
#3841=CARTESIAN_POINT('Origin',(228.673920342953,126.800000810623,0.));
#3842=CARTESIAN_POINT('',(134.272760728498,126.306035232943,11.5));
#3843=CARTESIAN_POINT('',(134.272760728498,126.306035232943,0.));
#3844=CARTESIAN_POINT('',(200.564870531855,126.65291678025,11.5));
#3845=CARTESIAN_POINT('Origin',(172.519689224592,114.300000810623,0.));
#3846=CARTESIAN_POINT('',(111.145992758647,114.300000810623,0.));
#3847=CARTESIAN_POINT('Origin',(114.323120342953,114.300000810623,0.));
#3848=CARTESIAN_POINT('',(245.773920342953,114.300000810623,0.));
#3849=CARTESIAN_POINT('Origin',(241.373920342953,114.300000810623,0.));
#3850=CARTESIAN_POINT('',(239.823920342953,120.650000810623,0.));
#3851=CARTESIAN_POINT('Origin',(241.373920342953,120.650000810623,0.));
#3852=CARTESIAN_POINT('',(239.823920342953,107.950000810623,0.));
#3853=CARTESIAN_POINT('Origin',(241.373920342953,107.950000810623,0.));
#3854=CARTESIAN_POINT('Origin',(241.373920342953,114.300000810623,11.5));
#3855=CARTESIAN_POINT('',(251.500008106232,113.074298313939,14.));
#3856=CARTESIAN_POINT('',(239.363945218729,104.300000810623,14.));
#3857=CARTESIAN_POINT('Origin',(241.373920342953,114.300000810623,14.));
#3858=CARTESIAN_POINT('',(239.128925910889,101.800000810623,11.5));
#3859=CARTESIAN_POINT('Ctrl Pts',(239.363945218729,104.300000810623,14.));
#3860=CARTESIAN_POINT('Ctrl Pts',(239.363630690585,104.296839841897,14.));
#3861=CARTESIAN_POINT('Ctrl Pts',(239.363316235818,104.29367886863,13.999994004966));
#3862=CARTESIAN_POINT('Ctrl Pts',(239.346348612616,104.123076332859,13.9993468774092));
#3863=CARTESIAN_POINT('Ctrl Pts',(239.329948867002,103.956086337672,13.9818911027469));
#3864=CARTESIAN_POINT('Ctrl Pts',(239.298106923861,103.628130806876,13.9138398849655));
#3865=CARTESIAN_POINT('Ctrl Pts',(239.28274203033,103.467968541031,13.8634283789474));
#3866=CARTESIAN_POINT('Ctrl Pts',(239.239742940012,103.015230872144,13.6691184781819));
#3867=CARTESIAN_POINT('Ctrl Pts',(239.214566395727,102.744072041868,13.4837202776146));
#3868=CARTESIAN_POINT('Ctrl Pts',(239.172797432874,102.288731559783,13.0198636139004));
#3869=CARTESIAN_POINT('Ctrl Pts',(239.156557752066,102.108562560139,12.7462290930588));
#3870=CARTESIAN_POINT('Ctrl Pts',(239.134528595788,101.863115024502,12.1454942001616));
#3871=CARTESIAN_POINT('Ctrl Pts',(239.128925910889,101.800000810623,11.8243313901831));
#3872=CARTESIAN_POINT('Ctrl Pts',(239.128925910889,101.800000810623,11.5));
#3873=CARTESIAN_POINT('Origin',(241.373920342953,114.300000810623,11.5));
#3874=CARTESIAN_POINT('Ctrl Pts',(251.500008106232,113.074298313939,14.));
#3875=CARTESIAN_POINT('Ctrl Pts',(251.50378117689,113.074070790464,14.));
#3876=CARTESIAN_POINT('Ctrl Pts',(251.507554246583,113.073843330398,13.9999914583627));
#3877=CARTESIAN_POINT('Ctrl Pts',(251.844918029857,113.053510959797,13.9984639701398));
#3878=CARTESIAN_POINT('Ctrl Pts',(252.174923116843,113.034130392162,13.9301981827222));
#3879=CARTESIAN_POINT('Ctrl Pts',(252.781079783519,112.999225160585,13.6713434736926));
#3880=CARTESIAN_POINT('Ctrl Pts',(253.052608476371,112.983938327129,13.4863128936935));
#3881=CARTESIAN_POINT('Ctrl Pts',(253.50921668171,112.958539727776,13.0227492716702));
#3882=CARTESIAN_POINT('Ctrl Pts',(253.690056837596,112.948655386981,12.7487921792468));
#3883=CARTESIAN_POINT('Ctrl Pts',(253.936597273564,112.935237424976,12.1470511186065));
#3884=CARTESIAN_POINT('Ctrl Pts',(254.000008106232,112.931823996763,11.8250921560373));
#3885=CARTESIAN_POINT('Ctrl Pts',(254.000008106232,112.931823996763,11.5));
#3886=CARTESIAN_POINT('Origin',(153.243357416301,104.300000810623,11.5));
#3887=CARTESIAN_POINT('',(132.543006842668,104.300000810623,14.));
#3888=CARTESIAN_POINT('',(153.243357416301,104.300000810623,14.));
#3889=CARTESIAN_POINT('',(133.967025608009,101.800000810623,11.5));
#3890=CARTESIAN_POINT('Ctrl Pts',(132.543006842668,104.300000810623,14.));
#3891=CARTESIAN_POINT('Ctrl Pts',(132.544401298131,104.297644782315,14.));
#3892=CARTESIAN_POINT('Ctrl Pts',(132.545795635043,104.295288683831,13.9999966694784));
#3893=CARTESIAN_POINT('Ctrl Pts',(132.668254836141,104.088337948451,13.9994115521455));
#3894=CARTESIAN_POINT('Ctrl Pts',(132.788364915832,103.883289615013,13.9737167757088));
#3895=CARTESIAN_POINT('Ctrl Pts',(133.019270996562,103.485409480013,13.87230305443));
#3896=CARTESIAN_POINT('Ctrl Pts',(133.130062968356,103.292656731743,13.7975529252661));
#3897=CARTESIAN_POINT('Ctrl Pts',(133.39034789604,102.836194008929,13.5502999072629));
#3898=CARTESIAN_POINT('Ctrl Pts',(133.531121879462,102.585871060082,13.3488966465637));
#3899=CARTESIAN_POINT('Ctrl Pts',(133.750289813157,102.193122268837,12.8762215629457));
#3900=CARTESIAN_POINT('Ctrl Pts',(133.83229184349,102.044735235383,12.6197769647519));
#3901=CARTESIAN_POINT('Ctrl Pts',(133.939870145525,101.849559853126,12.0703792112417));
#3902=CARTESIAN_POINT('Ctrl Pts',(133.967025608009,101.800000810623,11.7874427107516));
#3903=CARTESIAN_POINT('Ctrl Pts',(133.967025608009,101.800000810623,11.5));
#3904=CARTESIAN_POINT('',(153.243357416301,101.800000810623,11.5));
#3905=CARTESIAN_POINT('Origin',(114.323120342953,114.300000810623,11.5));
#3906=CARTESIAN_POINT('',(132.809486563004,123.798344247279,14.));
#3907=CARTESIAN_POINT('Origin',(114.323120342953,114.300000810623,14.));
#3908=CARTESIAN_POINT('Ctrl Pts',(132.809486563004,123.798344247279,14.));
#3909=CARTESIAN_POINT('Ctrl Pts',(132.810920255041,123.800706620754,14.));
#3910=CARTESIAN_POINT('Ctrl Pts',(132.812353823853,123.803069069116,13.9999966728392));
#3911=CARTESIAN_POINT('Ctrl Pts',(132.939796251681,124.013112396682,13.9994050026695));
#3912=CARTESIAN_POINT('Ctrl Pts',(133.06481470258,124.221338784361,13.9731048202791));
#3913=CARTESIAN_POINT('Ctrl Pts',(133.304847151322,124.625002898869,13.8692322543214));
#3914=CARTESIAN_POINT('Ctrl Pts',(133.41991308885,124.820446382026,13.7927109555679));
#3915=CARTESIAN_POINT('Ctrl Pts',(133.687191684986,125.278186016295,13.5419121484483));
#3916=CARTESIAN_POINT('Ctrl Pts',(133.830819235953,125.527652175454,13.3397098865945));
#3917=CARTESIAN_POINT('Ctrl Pts',(134.05350010576,125.917479246282,12.8669458389335));
#3918=CARTESIAN_POINT('Ctrl Pts',(134.136573581852,126.064345348704,12.6117182416242));
#3919=CARTESIAN_POINT('Ctrl Pts',(134.245329594707,126.257122105741,12.0657231189964));
#3920=CARTESIAN_POINT('Ctrl Pts',(134.272760728498,126.306035232943,11.7851428872699));
#3921=CARTESIAN_POINT('Ctrl Pts',(134.272760728498,126.306035232943,11.5));
#3922=CARTESIAN_POINT('Origin',(114.323120342953,114.300000810623,11.5));
#3923=CARTESIAN_POINT('Origin',(205.824307567741,124.300000810623,11.5));
#3924=CARTESIAN_POINT('',(228.680461030819,124.300000810623,14.));
#3925=CARTESIAN_POINT('Ctrl Pts',(228.673920342953,126.800000810623,11.5));
#3926=CARTESIAN_POINT('Ctrl Pts',(228.674067170777,126.800000810623,11.5881545684895));
#3927=CARTESIAN_POINT('Ctrl Pts',(228.674213998601,126.795333730497,11.6763089530854));
#3928=CARTESIAN_POINT('Ctrl Pts',(228.674360826425,126.786025640125,11.7639707315249));
#3929=CARTESIAN_POINT('Ctrl Pts',(228.674507649643,126.776717841741,11.8516297600726));
#3930=CARTESIAN_POINT('Ctrl Pts',(228.674654472861,126.762769363377,11.9387958477067));
#3931=CARTESIAN_POINT('Ctrl Pts',(228.674801296079,126.744258115067,12.0249821231958));
#3932=CARTESIAN_POINT('Ctrl Pts',(228.674948115013,126.725747406938,12.1111658836581));
#3933=CARTESIAN_POINT('Ctrl Pts',(228.675094933946,126.702674272615,12.1963695297189));
#3934=CARTESIAN_POINT('Ctrl Pts',(228.67524175288,126.675167580917,12.2801171792061));
#3935=CARTESIAN_POINT('Ctrl Pts',(228.67538856785,126.647661631726,12.3638625680327));
#3936=CARTESIAN_POINT('Ctrl Pts',(228.675535382821,126.615722479457,12.4461516896798));
#3937=CARTESIAN_POINT('Ctrl Pts',(228.675682197791,126.579528502085,12.526524965043));
#3938=CARTESIAN_POINT('Ctrl Pts',(228.67582900912,126.543335422563,12.6068962466191));
#3939=CARTESIAN_POINT('Ctrl Pts',(228.675975820448,126.502887880165,12.6853514418732));
#3940=CARTESIAN_POINT('Ctrl Pts',(228.676122631776,126.458411760456,12.7614524056192));
#3941=CARTESIAN_POINT('Ctrl Pts',(228.676269439784,126.41393664679,12.8375516479712));
#3942=CARTESIAN_POINT('Ctrl Pts',(228.676416247791,126.365433323691,12.9112964480869));
#3943=CARTESIAN_POINT('Ctrl Pts',(228.676563055799,126.313172653244,12.9822749853112));
#3944=CARTESIAN_POINT('Ctrl Pts',(228.676709860807,126.260913050666,13.0532520721943));
#3945=CARTESIAN_POINT('Ctrl Pts',(228.676856665815,126.204896472333,13.1214627133923));
#3946=CARTESIAN_POINT('Ctrl Pts',(228.677003470822,126.145435724612,13.1865260087625));
#3947=CARTESIAN_POINT('Ctrl Pts',(228.677150302814,126.08596404746,13.2516012633624));
#3948=CARTESIAN_POINT('Ctrl Pts',(228.677297134806,126.023047181565,13.3135277424759));
#3949=CARTESIAN_POINT('Ctrl Pts',(228.677443966798,125.957036594657,13.3719595108953));
#3950=CARTESIAN_POINT('Ctrl Pts',(228.677590789353,125.891030250298,13.4303875238621));
#3951=CARTESIAN_POINT('Ctrl Pts',(228.677737611908,125.821930858325,13.485321031999));
#3952=CARTESIAN_POINT('Ctrl Pts',(228.677884434463,125.750124373912,13.5364532037818));
#3953=CARTESIAN_POINT('Ctrl Pts',(228.678031248866,125.678321876101,13.5875825367745));
#3954=CARTESIAN_POINT('Ctrl Pts',(228.67817806327,125.603812886189,13.6349107426289));
#3955=CARTESIAN_POINT('Ctrl Pts',(228.678324877673,125.527013528573,13.678173498597));
#3956=CARTESIAN_POINT('Ctrl Pts',(228.67847168521,125.450217762881,13.7214342311552));
#3957=CARTESIAN_POINT('Ctrl Pts',(228.678618492747,125.371132164163,13.7606297140562));
#3958=CARTESIAN_POINT('Ctrl Pts',(228.678765300284,125.290198375416,13.7955410653435));
#3959=CARTESIAN_POINT('Ctrl Pts',(228.678912130778,125.209251930724,13.8304578758607));
#3960=CARTESIAN_POINT('Ctrl Pts',(228.679058961271,125.126457055061,13.8610890679079));
#3961=CARTESIAN_POINT('Ctrl Pts',(228.679205791765,125.042276249761,13.8872635322588));
#3962=CARTESIAN_POINT('Ctrl Pts',(228.679352605056,124.95810530731,13.9134349299392));
#3963=CARTESIAN_POINT('Ctrl Pts',(228.679499418347,124.872549111351,13.9351505359922));
#3964=CARTESIAN_POINT('Ctrl Pts',(228.679646231638,124.786085476461,13.9522890730167));
#3965=CARTESIAN_POINT('Ctrl Pts',(228.679793059221,124.699613424284,13.9694292784882));
#3966=CARTESIAN_POINT('Ctrl Pts',(228.679939886804,124.612234117035,13.9819914513992));
#3967=CARTESIAN_POINT('Ctrl Pts',(228.680086714387,124.524435645868,13.98990542084));
#3968=CARTESIAN_POINT('Ctrl Pts',(228.680211486531,124.449825662906,13.996630607706));
#3969=CARTESIAN_POINT('Ctrl Pts',(228.680336258675,124.374913277516,14.));
#3970=CARTESIAN_POINT('Ctrl Pts',(228.680461030819,124.300000810623,14.));
#3971=CARTESIAN_POINT('',(239.363945218729,124.300000810623,14.));
#3972=CARTESIAN_POINT('',(205.824307567741,124.300000810623,14.));
#3973=CARTESIAN_POINT('Ctrl Pts',(239.363945218729,124.300000810623,14.));
#3974=CARTESIAN_POINT('Ctrl Pts',(239.363630690585,124.303161779349,14.));
#3975=CARTESIAN_POINT('Ctrl Pts',(239.363316235818,124.306322752618,13.999994004966));
#3976=CARTESIAN_POINT('Ctrl Pts',(239.346348612615,124.476925288358,13.9993468774092));
#3977=CARTESIAN_POINT('Ctrl Pts',(239.329948867002,124.643915283569,13.981891102748));
#3978=CARTESIAN_POINT('Ctrl Pts',(239.298106923861,124.97187081437,13.9138398849654));
#3979=CARTESIAN_POINT('Ctrl Pts',(239.28274203033,125.132033080215,13.8634283789474));
#3980=CARTESIAN_POINT('Ctrl Pts',(239.239742940012,125.584770749102,13.6691184781819));
#3981=CARTESIAN_POINT('Ctrl Pts',(239.214566395727,125.855929579379,13.4837202776146));
#3982=CARTESIAN_POINT('Ctrl Pts',(239.172797432874,126.311270061464,13.0198636139004));
#3983=CARTESIAN_POINT('Ctrl Pts',(239.156557752066,126.491439061107,12.7462290930588));
#3984=CARTESIAN_POINT('Ctrl Pts',(239.134528595788,126.736886596745,12.1454942001617));
#3985=CARTESIAN_POINT('Ctrl Pts',(239.128925910889,126.800000810623,11.8243313901832));
#3986=CARTESIAN_POINT('Ctrl Pts',(239.128925910889,126.800000810623,11.5));
#3987=CARTESIAN_POINT('Origin',(200.577951907586,124.152951004963,11.5));
#3988=CARTESIAN_POINT('',(200.577951907586,124.152951004963,14.));
#3989=CARTESIAN_POINT('Origin',(241.373920342953,114.300000810623,11.5));
#3990=CARTESIAN_POINT('',(251.500008106232,115.525703307307,14.));
#3991=CARTESIAN_POINT('Origin',(241.373920342953,114.300000810623,14.));
#3992=CARTESIAN_POINT('Ctrl Pts',(251.500008106232,115.525703307307,14.));
#3993=CARTESIAN_POINT('Ctrl Pts',(251.50378117689,115.525930830782,14.));
#3994=CARTESIAN_POINT('Ctrl Pts',(251.507554246583,115.526158290848,13.9999914583627));
#3995=CARTESIAN_POINT('Ctrl Pts',(251.844918029856,115.54649066145,13.9984639701398));
#3996=CARTESIAN_POINT('Ctrl Pts',(252.174923116843,115.565871229084,13.9301981827223));
#3997=CARTESIAN_POINT('Ctrl Pts',(252.781079783519,115.600776460661,13.6713434736926));
#3998=CARTESIAN_POINT('Ctrl Pts',(253.052608476371,115.616063294117,13.4863128936935));
#3999=CARTESIAN_POINT('Ctrl Pts',(253.50921668171,115.64146189347,13.0227492716702));
#4000=CARTESIAN_POINT('Ctrl Pts',(253.690056837596,115.651346234265,12.7487921792468));
#4001=CARTESIAN_POINT('Ctrl Pts',(253.936597273564,115.66476419627,12.1470511186065));
#4002=CARTESIAN_POINT('Ctrl Pts',(254.000008106232,115.668177624483,11.8250921560373));
#4003=CARTESIAN_POINT('Ctrl Pts',(254.000008106232,115.668177624483,11.5));
#4004=CARTESIAN_POINT('Origin',(251.500008106232,113.615912403693,11.5));
#4005=CARTESIAN_POINT('',(251.500008106232,113.615912403693,14.));
#4006=CARTESIAN_POINT('Origin',(133.967025608009,101.800000810623,0.));
#4007=CARTESIAN_POINT('',(239.128925910889,101.800000810623,0.));
#4008=CARTESIAN_POINT('',(133.967025608009,101.800000810623,0.));
#4009=CARTESIAN_POINT('Origin',(114.323120342953,114.300000810623,0.));
#4010=CARTESIAN_POINT('Origin',(172.519689224592,114.300000810623,14.));
#4011=CARTESIAN_POINT('',(128.841870342953,114.300000810623,14.));
#4012=CARTESIAN_POINT('Origin',(130.991870342953,114.300000810623,14.));
#4013=CARTESIAN_POINT('',(111.145992758647,114.300000810623,14.));
#4014=CARTESIAN_POINT('Origin',(114.323120342953,114.300000810623,14.));
#4015=CARTESIAN_POINT('',(245.773920342953,114.300000810623,14.));
#4016=CARTESIAN_POINT('Origin',(241.373920342953,114.300000810623,14.));
#4017=CARTESIAN_POINT('',(239.823920342953,120.650000810623,14.));
#4018=CARTESIAN_POINT('Origin',(241.373920342953,120.650000810623,14.));
#4019=CARTESIAN_POINT('',(112.173120342953,97.6312508106232,14.));
#4020=CARTESIAN_POINT('Origin',(114.323120342953,97.6312508106232,14.));
#4021=CARTESIAN_POINT('',(112.173120342953,130.968750810623,14.));
#4022=CARTESIAN_POINT('Origin',(114.323120342953,130.968750810623,14.));
#4023=CARTESIAN_POINT('',(95.504370342953,114.300000810623,14.));
#4024=CARTESIAN_POINT('Origin',(97.654370342953,114.300000810623,14.));
#4025=CARTESIAN_POINT('',(239.823920342953,107.950000810623,14.));
#4026=CARTESIAN_POINT('Origin',(241.373920342953,107.950000810623,14.));
#4027=CARTESIAN_POINT('Origin',(130.991870342953,114.300000810623,0.));
#4028=CARTESIAN_POINT('',(128.841870342953,114.300000810623,0.));
#4029=CARTESIAN_POINT('Origin',(114.323120342953,114.300000810623,0.));
#4030=CARTESIAN_POINT('',(111.145992758647,114.300000810623,0.));
#4031=CARTESIAN_POINT('Ctrl Pts',(245.773920342953,114.300000810623,0.));
#4032=CARTESIAN_POINT('Ctrl Pts',(245.773920342953,115.700000810623,0.));
#4033=CARTESIAN_POINT('Ctrl Pts',(241.373920342953,115.700000810623,0.));
#4034=CARTESIAN_POINT('Ctrl Pts',(236.973920342953,115.700000810623,0.));
#4035=CARTESIAN_POINT('Ctrl Pts',(236.973920342953,114.300000810623,0.));
#4036=CARTESIAN_POINT('Ctrl Pts',(236.973920342953,112.900000810623,0.));
#4037=CARTESIAN_POINT('Ctrl Pts',(241.373920342953,112.900000810623,0.));
#4038=CARTESIAN_POINT('Ctrl Pts',(245.773920342953,112.900000810623,0.));
#4039=CARTESIAN_POINT('Ctrl Pts',(245.773920342953,114.300000810623,0.));
#4040=CARTESIAN_POINT('Ctrl Pts',(245.773920342953,114.300000810623,14.));
#4041=CARTESIAN_POINT('Ctrl Pts',(245.773920342953,115.700000810623,14.));
#4042=CARTESIAN_POINT('Ctrl Pts',(241.373920342953,115.700000810623,14.));
#4043=CARTESIAN_POINT('Ctrl Pts',(236.973920342953,115.700000810623,14.));
#4044=CARTESIAN_POINT('Ctrl Pts',(236.973920342953,114.300000810623,14.));
#4045=CARTESIAN_POINT('Ctrl Pts',(236.973920342953,112.900000810623,14.));
#4046=CARTESIAN_POINT('Ctrl Pts',(241.373920342953,112.900000810623,14.));
#4047=CARTESIAN_POINT('Ctrl Pts',(245.773920342953,112.900000810623,14.));
#4048=CARTESIAN_POINT('Ctrl Pts',(245.773920342953,114.300000810623,14.));
#4049=CARTESIAN_POINT('',(245.773920342953,114.300000810623,0.));
#4050=CARTESIAN_POINT('Origin',(241.373920342953,120.650000810623,0.));
#4051=CARTESIAN_POINT('',(239.823920342953,120.650000810623,0.));
#4052=CARTESIAN_POINT('Origin',(114.323120342953,97.6312508106232,0.));
#4053=CARTESIAN_POINT('',(112.173120342953,97.6312508106232,0.));
#4054=CARTESIAN_POINT('Origin',(114.323120342953,130.968750810623,0.));
#4055=CARTESIAN_POINT('',(112.173120342953,130.968750810623,0.));
#4056=CARTESIAN_POINT('Origin',(97.654370342953,114.300000810623,0.));
#4057=CARTESIAN_POINT('',(95.504370342953,114.300000810623,0.));
#4058=CARTESIAN_POINT('Origin',(241.373920342953,107.950000810623,0.));
#4059=CARTESIAN_POINT('',(239.823920342953,107.950000810623,0.));
#4060=CARTESIAN_POINT('Origin',(241.373920342953,114.300000810623,0.));
#4061=CARTESIAN_POINT('Origin',(241.373920342953,114.300000810623,12.));
#4062=CARTESIAN_POINT('',(245.773920342953,114.300000810623,12.));
#4063=CARTESIAN_POINT('Origin',(241.373920342953,114.300000810623,12.));
#4064=CARTESIAN_POINT('Origin',(241.373920342953,114.300000810623,2.));
#4065=CARTESIAN_POINT('',(245.773920342953,114.300000810623,2.));
#4066=CARTESIAN_POINT('Origin',(241.373920342953,114.300000810623,2.));
#4067=CARTESIAN_POINT('Ctrl Pts',(245.773920342953,114.300000810623,2.));
#4068=CARTESIAN_POINT('Ctrl Pts',(245.773920342953,115.700000810623,2.));
#4069=CARTESIAN_POINT('Ctrl Pts',(241.373920342953,115.700000810623,2.));
#4070=CARTESIAN_POINT('Ctrl Pts',(236.973920342953,115.700000810623,2.));
#4071=CARTESIAN_POINT('Ctrl Pts',(236.973920342953,114.300000810623,2.));
#4072=CARTESIAN_POINT('Ctrl Pts',(236.973920342953,112.900000810623,2.));
#4073=CARTESIAN_POINT('Ctrl Pts',(241.373920342953,112.900000810623,2.));
#4074=CARTESIAN_POINT('Ctrl Pts',(245.773920342953,112.900000810623,2.));
#4075=CARTESIAN_POINT('Ctrl Pts',(245.773920342953,114.300000810623,2.));
#4076=CARTESIAN_POINT('Ctrl Pts',(245.773920342953,114.300000810623,12.));
#4077=CARTESIAN_POINT('Ctrl Pts',(245.773920342953,115.700000810623,12.));
#4078=CARTESIAN_POINT('Ctrl Pts',(241.373920342953,115.700000810623,12.));
#4079=CARTESIAN_POINT('Ctrl Pts',(236.973920342953,115.700000810623,12.));
#4080=CARTESIAN_POINT('Ctrl Pts',(236.973920342953,114.300000810623,12.));
#4081=CARTESIAN_POINT('Ctrl Pts',(236.973920342953,112.900000810623,12.));
#4082=CARTESIAN_POINT('Ctrl Pts',(241.373920342953,112.900000810623,12.));
#4083=CARTESIAN_POINT('Ctrl Pts',(245.773920342953,112.900000810623,12.));
#4084=CARTESIAN_POINT('Ctrl Pts',(245.773920342953,114.300000810623,12.));
#4085=CARTESIAN_POINT('',(245.773920342953,114.300000810623,0.));
#4086=CARTESIAN_POINT('',(0.,0.,0.));
#4087=CARTESIAN_POINT('',(0.,0.,0.));
#4088=CARTESIAN_POINT('',(0.,0.,0.));
#4089=CARTESIAN_POINT('',(0.,0.,0.));
#4090=CARTESIAN_POINT('Origin',(-29.7301278295454,-24.4000008106232,-2.));
#4091=CARTESIAN_POINT('',(-26.0220285859975,-25.4000008106232,-3.5));
#4092=CARTESIAN_POINT('',(-29.7301278295454,-25.4000008106232,-6.));
#4093=CARTESIAN_POINT('Origin',(-29.7301278295454,-25.4000008106232,-2.));
#4094=CARTESIAN_POINT('',(-29.7301278295454,-24.4000008106232,-7.));
#4095=CARTESIAN_POINT('Origin',(-29.7301278295454,-24.4000008106232,-6.));
#4096=CARTESIAN_POINT('',(-25.4000008106232,-24.4000008106232,-4.5));
#4097=CARTESIAN_POINT('Origin',(-29.7301278295454,-24.4000008106232,-2.));
#4098=CARTESIAN_POINT('Ctrl Pts',(-25.4000008106232,-24.4000008106232,-4.5));
#4099=CARTESIAN_POINT('Ctrl Pts',(-25.4000008106232,-24.513635097544,-4.5));
#4100=CARTESIAN_POINT('Ctrl Pts',(-25.411145419024,-24.6254620812789,-4.48062946033858));
#4101=CARTESIAN_POINT('Ctrl Pts',(-25.4555031782215,-24.8429676468082,-4.40437858241658));
#4102=CARTESIAN_POINT('Ctrl Pts',(-25.4894181268206,-24.9445588986934,-4.34635874252811));
#4103=CARTESIAN_POINT('Ctrl Pts',(-25.5810325753298,-25.1329873679202,-4.19252016871271));
#4104=CARTESIAN_POINT('Ctrl Pts',(-25.6404311264326,-25.2135189414948,-4.0942444801861));
#4105=CARTESIAN_POINT('Ctrl Pts',(-25.7533234310726,-25.3149690619277,-3.91256062102467));
#4106=CARTESIAN_POINT('Ctrl Pts',(-25.8030566087844,-25.3462702232256,-3.83384215244966));
#4107=CARTESIAN_POINT('Ctrl Pts',(-25.9078790868736,-25.3888752537337,-3.67135365969159));
#4108=CARTESIAN_POINT('Ctrl Pts',(-25.9630107324493,-25.3996224383726,-3.5876063352224));
#4109=CARTESIAN_POINT('Ctrl Pts',(-26.0200375115476,-25.3999975391065,-3.50295383548843));
#4110=CARTESIAN_POINT('Ctrl Pts',(-26.0210329109898,-25.4000008106232,-3.50147682469725));
#4111=CARTESIAN_POINT('Ctrl Pts',(-26.0220285859975,-25.4000008106232,-3.5));
#4112=CARTESIAN_POINT('Origin',(-20.6375010639429,24.4000008106232,-3.5));
#4113=CARTESIAN_POINT('',(-26.0220285859975,25.4000008106232,-3.5));
#4114=CARTESIAN_POINT('',(64.1220281806859,25.4000008106232,-3.5));
#4115=CARTESIAN_POINT('',(-20.6375010639429,25.4000008106232,-3.5));
#4116=CARTESIAN_POINT('',(63.5000004053116,24.4000008106232,-4.5));
#4117=CARTESIAN_POINT('Ctrl Pts',(64.1220281806859,25.4000008106232,-3.5));
#4118=CARTESIAN_POINT('Ctrl Pts',(64.1210325056782,25.4000008106232,-3.5014768246972));
#4119=CARTESIAN_POINT('Ctrl Pts',(64.1200371062359,25.3999975391065,-3.50295383548849));
#4120=CARTESIAN_POINT('Ctrl Pts',(64.0630103271386,25.3996224383726,-3.58760633522109));
#4121=CARTESIAN_POINT('Ctrl Pts',(64.0078786815622,25.3888752537337,-3.67135365969134));
#4122=CARTESIAN_POINT('Ctrl Pts',(63.9030562034728,25.3462702232256,-3.83384215244966));
#4123=CARTESIAN_POINT('Ctrl Pts',(63.853323025761,25.3149690619277,-3.91256062102468));
#4124=CARTESIAN_POINT('Ctrl Pts',(63.740430721121,25.2135189414948,-4.0942444801861));
#4125=CARTESIAN_POINT('Ctrl Pts',(63.6810321700183,25.1329873679202,-4.19252016871271));
#4126=CARTESIAN_POINT('Ctrl Pts',(63.589417721509,24.9445588986934,-4.34635874252811));
#4127=CARTESIAN_POINT('Ctrl Pts',(63.5555027729099,24.8429676468082,-4.40437858241658));
#4128=CARTESIAN_POINT('Ctrl Pts',(63.5111450137124,24.625462081279,-4.48062946033858));
#4129=CARTESIAN_POINT('Ctrl Pts',(63.5000004053116,24.513635097544,-4.5));
#4130=CARTESIAN_POINT('Ctrl Pts',(63.5000004053116,24.4000008106232,-4.5));
#4131=CARTESIAN_POINT('',(-25.4000008106232,24.4000008106232,-4.5));
#4132=CARTESIAN_POINT('',(-20.6375010639429,24.4000008106232,-4.5));
#4133=CARTESIAN_POINT('Ctrl Pts',(-26.0220285859975,25.4000008106232,-3.5));
#4134=CARTESIAN_POINT('Ctrl Pts',(-26.0210329109898,25.4000008106232,-3.50147682469725));
#4135=CARTESIAN_POINT('Ctrl Pts',(-26.0200375115476,25.3999975391065,-3.50295383548843));
#4136=CARTESIAN_POINT('Ctrl Pts',(-25.9630107324493,25.3996224383726,-3.58760633522242));
#4137=CARTESIAN_POINT('Ctrl Pts',(-25.9078790868736,25.3888752537337,-3.6713536596916));
#4138=CARTESIAN_POINT('Ctrl Pts',(-25.8030566087844,25.3462702232256,-3.83384215244968));
#4139=CARTESIAN_POINT('Ctrl Pts',(-25.7533234310726,25.3149690619277,-3.91256062102468));
#4140=CARTESIAN_POINT('Ctrl Pts',(-25.6404311264326,25.2135189414948,-4.09424448018608));
#4141=CARTESIAN_POINT('Ctrl Pts',(-25.5810325753298,25.1329873679202,-4.19252016871271));
#4142=CARTESIAN_POINT('Ctrl Pts',(-25.4894181268206,24.9445588986933,-4.34635874252812));
#4143=CARTESIAN_POINT('Ctrl Pts',(-25.4555031782215,24.8429676468082,-4.40437858241658));
#4144=CARTESIAN_POINT('Ctrl Pts',(-25.411145419024,24.6254620812789,-4.48062946033858));
#4145=CARTESIAN_POINT('Ctrl Pts',(-25.4000008106232,24.513635097544,-4.5));
#4146=CARTESIAN_POINT('Ctrl Pts',(-25.4000008106232,24.4000008106232,-4.5));
#4147=CARTESIAN_POINT('Origin',(67.8301274242338,24.4000008106232,-2.));
#4148=CARTESIAN_POINT('',(67.8301274242338,25.4000008106232,-6.));
#4149=CARTESIAN_POINT('Origin',(67.8301274242338,25.4000008106232,-2.));
#4150=CARTESIAN_POINT('',(67.8301274242338,24.4000008106232,-7.));
#4151=CARTESIAN_POINT('Origin',(67.8301274242338,24.4000008106232,-6.));
#4152=CARTESIAN_POINT('Origin',(67.8301274242338,24.4000008106232,-2.));
#4153=CARTESIAN_POINT('Origin',(21.2950636843122,24.4000008106232,-6.));
#4154=CARTESIAN_POINT('',(76.2000012159348,25.4000008106232,-6.));
#4155=CARTESIAN_POINT('',(76.2000012159348,24.4000008106232,-7.));
#4156=CARTESIAN_POINT('Origin',(76.2000012159348,24.4000008106232,-6.));
#4157=CARTESIAN_POINT('',(21.2950636843122,24.4000008106232,-7.));
#4158=CARTESIAN_POINT('',(21.2950636843122,25.4000008106232,-6.));
#4159=CARTESIAN_POINT('Origin',(76.2000012159348,12.7000008106232,-6.));
#4160=CARTESIAN_POINT('',(88.9000012159348,12.7000008106232,-6.));
#4161=CARTESIAN_POINT('',(87.9000012159347,12.7000008106232,-7.));
#4162=CARTESIAN_POINT('Origin',(87.9000012159347,12.7000008106232,-6.));
#4163=CARTESIAN_POINT('Origin',(76.2000012159348,12.7000008106232,-7.));
#4164=CARTESIAN_POINT('Origin',(76.2000012159348,12.7000008106232,-6.));
#4165=CARTESIAN_POINT('Origin',(87.8999990214911,4.10493543901036,-6.));
#4166=CARTESIAN_POINT('',(88.8999979734421,0.,-6.));
#4167=CARTESIAN_POINT('',(87.8999979734421,2.55314367425541E-7,-7.));
#4168=CARTESIAN_POINT('Origin',(87.8999979734421,2.55314367425541E-7,-6.));
#4169=CARTESIAN_POINT('',(87.8999990214911,4.10493543901036,-7.));
#4170=CARTESIAN_POINT('',(88.899999021491,4.10493518369599,-6.));
#4171=CARTESIAN_POINT('Origin',(87.8999969253927,4.10493702447913,-6.));
#4172=CARTESIAN_POINT('',(88.9000012159348,-12.7000008106232,-6.));
#4173=CARTESIAN_POINT('',(88.8999969253926,4.1049372797935,-6.));
#4174=CARTESIAN_POINT('',(87.9000012159348,-12.7000010659376,-7.));
#4175=CARTESIAN_POINT('Origin',(87.9000012159348,-12.7000010659376,-6.));
#4176=CARTESIAN_POINT('',(87.8999969253927,4.10493702447913,-7.));
#4177=CARTESIAN_POINT('Origin',(76.2000012159348,-12.7000008106232,-6.));
#4178=CARTESIAN_POINT('',(76.2000012159348,-25.4000008106232,-6.));
#4179=CARTESIAN_POINT('',(76.2000012159347,-24.4000008106232,-7.));
#4180=CARTESIAN_POINT('Origin',(76.2000012159347,-24.4000008106232,-6.));
#4181=CARTESIAN_POINT('Origin',(76.2000012159348,-12.7000008106232,-7.));
#4182=CARTESIAN_POINT('Origin',(76.2000012159348,-12.7000008106232,-6.));
#4183=CARTESIAN_POINT('Origin',(21.2950636843122,-24.4000008106232,-6.));
#4184=CARTESIAN_POINT('',(67.8301274242338,-25.4000008106232,-6.));
#4185=CARTESIAN_POINT('',(67.8301274242338,-24.4000008106232,-7.));
#4186=CARTESIAN_POINT('Origin',(67.8301274242338,-24.4000008106232,-6.));
#4187=CARTESIAN_POINT('',(21.2950636843122,-24.4000008106232,-7.));
#4188=CARTESIAN_POINT('',(21.2950636843122,-25.4000008106232,-6.));
#4189=CARTESIAN_POINT('Origin',(67.8301274242338,-24.4000008106232,-2.));
#4190=CARTESIAN_POINT('',(63.5000004053116,-24.4000008106232,-4.5));
#4191=CARTESIAN_POINT('Origin',(67.8301274242338,-24.4000008106232,-2.));
#4192=CARTESIAN_POINT('',(64.1220281806859,-25.4000008106232,-3.5));
#4193=CARTESIAN_POINT('Origin',(67.8301274242338,-25.4000008106232,-2.));
#4194=CARTESIAN_POINT('Ctrl Pts',(64.1220281806859,-25.4000008106232,-3.5));
#4195=CARTESIAN_POINT('Ctrl Pts',(64.1210325056782,-25.4000008106232,-3.50147682469717));
#4196=CARTESIAN_POINT('Ctrl Pts',(64.1200371062359,-25.3999975391065,-3.50295383548852));
#4197=CARTESIAN_POINT('Ctrl Pts',(64.063010327139,-25.3996224383726,-3.58760633522045));
#4198=CARTESIAN_POINT('Ctrl Pts',(64.0078786815622,-25.3888752537338,-3.67135365969123));
#4199=CARTESIAN_POINT('Ctrl Pts',(63.9030562034728,-25.3462702232256,-3.83384215244966));
#4200=CARTESIAN_POINT('Ctrl Pts',(63.853323025761,-25.3149690619277,-3.91256062102467));
#4201=CARTESIAN_POINT('Ctrl Pts',(63.740430721121,-25.2135189414948,-4.09424448018608));
#4202=CARTESIAN_POINT('Ctrl Pts',(63.6810321700183,-25.1329873679202,-4.1925201687127));
#4203=CARTESIAN_POINT('Ctrl Pts',(63.589417721509,-24.9445588986933,-4.34635874252811));
#4204=CARTESIAN_POINT('Ctrl Pts',(63.5555027729099,-24.8429676468082,-4.40437858241658));
#4205=CARTESIAN_POINT('Ctrl Pts',(63.5111450137124,-24.625462081279,-4.48062946033858));
#4206=CARTESIAN_POINT('Ctrl Pts',(63.5000004053116,-24.513635097544,-4.5));
#4207=CARTESIAN_POINT('Ctrl Pts',(63.5000004053116,-24.4000008106232,-4.5));
#4208=CARTESIAN_POINT('Origin',(-20.6375010639429,-24.4000008106232,-3.5));
#4209=CARTESIAN_POINT('',(-20.6375010639429,-24.4000008106232,-4.5));
#4210=CARTESIAN_POINT('',(-20.6375010639429,-25.4000008106232,-3.5));
#4211=CARTESIAN_POINT('Origin',(-40.3450655082143,-24.4000008106232,-6.));
#4212=CARTESIAN_POINT('',(-38.1000016212463,-25.4000008106232,-6.));
#4213=CARTESIAN_POINT('',(-38.1000016212463,-24.4000008106232,-7.));
#4214=CARTESIAN_POINT('Origin',(-38.1000016212463,-24.4000008106232,-6.));
#4215=CARTESIAN_POINT('',(-40.3450655082143,-24.4000008106232,-7.));
#4216=CARTESIAN_POINT('',(-40.3450655082143,-25.4000008106232,-6.));
#4217=CARTESIAN_POINT('Origin',(-38.1000016212463,-12.7000008106232,-6.));
#4218=CARTESIAN_POINT('',(-50.8000016212463,-12.7000008106232,-6.));
#4219=CARTESIAN_POINT('',(-49.8000016212463,-12.7000008106232,-7.));
#4220=CARTESIAN_POINT('Origin',(-49.8000016212463,-12.7000008106232,-6.));
#4221=CARTESIAN_POINT('Origin',(-38.1000016212463,-12.7000008106232,-7.));
#4222=CARTESIAN_POINT('Origin',(-38.1000016212463,-12.7000008106232,-6.));
#4223=CARTESIAN_POINT('Origin',(-49.7999973307042,4.10493702447913,-6.));
#4224=CARTESIAN_POINT('',(-50.7999983787537,0.,-6.));
#4225=CARTESIAN_POINT('',(-49.7999983787537,-2.55314367425541E-7,-7.));
#4226=CARTESIAN_POINT('Origin',(-49.7999983787537,-2.55314367425541E-7,
-6.));
#4227=CARTESIAN_POINT('',(-49.7999973307042,4.10493702447913,-7.));
#4228=CARTESIAN_POINT('',(-50.7999973307042,4.1049372797935,-6.));
#4229=CARTESIAN_POINT('Origin',(-49.7999994268026,4.10493543901036,-6.));
#4230=CARTESIAN_POINT('',(-50.8000016212463,12.7000008106232,-6.));
#4231=CARTESIAN_POINT('',(-50.7999994268026,4.10493518369599,-6.));
#4232=CARTESIAN_POINT('',(-49.8000016212464,12.7000010659376,-7.));
#4233=CARTESIAN_POINT('Origin',(-49.8000016212464,12.7000010659376,-6.));
#4234=CARTESIAN_POINT('',(-49.7999994268026,4.10493543901036,-7.));
#4235=CARTESIAN_POINT('Origin',(-38.1000016212463,12.7000008106232,-6.));
#4236=CARTESIAN_POINT('',(-38.1000016212463,25.4000008106232,-6.));
#4237=CARTESIAN_POINT('',(-38.1000016212463,24.4000008106232,-7.));
#4238=CARTESIAN_POINT('Origin',(-38.1000016212463,24.4000008106232,-6.));
#4239=CARTESIAN_POINT('Origin',(-38.1000016212463,12.7000008106232,-7.));
#4240=CARTESIAN_POINT('Origin',(-38.1000016212463,12.7000008106232,-6.));
#4241=CARTESIAN_POINT('Origin',(-40.3450655082143,24.4000008106232,-6.));
#4242=CARTESIAN_POINT('',(-29.7301278295454,25.4000008106232,-6.));
#4243=CARTESIAN_POINT('',(-29.7301278295454,24.4000008106232,-7.));
#4244=CARTESIAN_POINT('Origin',(-29.7301278295454,24.4000008106232,-6.));
#4245=CARTESIAN_POINT('',(-40.3450655082143,24.4000008106232,-7.));
#4246=CARTESIAN_POINT('',(-40.3450655082143,25.4000008106232,-6.));
#4247=CARTESIAN_POINT('Origin',(-29.7301278295454,24.4000008106232,-2.));
#4248=CARTESIAN_POINT('Origin',(-29.7301278295454,24.4000008106232,-2.));
#4249=CARTESIAN_POINT('Origin',(-29.7301278295454,25.4000008106232,-2.));
#4250=CARTESIAN_POINT('Origin',(76.2000012159348,-12.7000008106232,0.));
#4251=CARTESIAN_POINT('',(88.9000012159348,-12.7000008106232,-2.));
#4252=CARTESIAN_POINT('',(88.9000012159348,-12.7000008106232,0.));
#4253=CARTESIAN_POINT('',(76.2000012159348,-25.4000008106232,-2.));
#4254=CARTESIAN_POINT('Origin',(76.2000012159348,-12.7000008106232,-2.));
#4255=CARTESIAN_POINT('',(76.2000012159348,-25.4000008106232,0.));
#4256=CARTESIAN_POINT('Origin',(88.8999979734421,0.,0.));
#4257=CARTESIAN_POINT('',(88.8999979734421,0.,-2.));
#4258=CARTESIAN_POINT('',(88.8999979734421,0.,0.));
#4259=CARTESIAN_POINT('',(88.8999969253886,4.1049530174041,-2.));
#4260=CARTESIAN_POINT('Origin',(88.8999979734421,0.,0.));
#4261=CARTESIAN_POINT('',(88.9000012159348,12.7000008106232,-2.));
#4262=CARTESIAN_POINT('',(88.9000012159348,12.7000008106232,0.));
#4263=CARTESIAN_POINT('',(88.899999021487,4.1049194460854,-2.));
#4264=CARTESIAN_POINT('Origin',(76.2000012159348,12.7000008106232,0.));
#4265=CARTESIAN_POINT('',(76.2000012159348,25.4000008106232,-2.));
#4266=CARTESIAN_POINT('',(76.2000012159348,25.4000008106232,0.));
#4267=CARTESIAN_POINT('Origin',(76.2000012159348,12.7000008106232,-2.));
#4268=CARTESIAN_POINT('Origin',(-38.1000016212463,25.4000008106232,0.));
#4269=CARTESIAN_POINT('',(-38.1000016212463,25.4000008106232,-2.));
#4270=CARTESIAN_POINT('',(-38.1000016212463,25.4000008106232,0.));
#4271=CARTESIAN_POINT('',(-40.3450655082143,25.4000008106232,-2.));
#4272=CARTESIAN_POINT('Origin',(-42.5901293951823,8.20987246349003,-7.));
#4273=CARTESIAN_POINT('',(-29.7301278295454,12.7000004053116,-7.));
#4274=CARTESIAN_POINT('',(-44.1401293951823,8.20987246349003,-7.));
#4275=CARTESIAN_POINT('Origin',(-42.5901293951823,8.20987246349003,-7.));
#4276=CARTESIAN_POINT('',(-35.1598726313755,17.1901279418215,-7.));
#4277=CARTESIAN_POINT('Origin',(-33.6098726313756,17.1901279418215,-7.));
#4278=CARTESIAN_POINT('',(-35.059439348191,9.65944152298148,-7.));
#4279=CARTESIAN_POINT('Origin',(-38.0999983787537,12.7000008106232,-7.));
#4280=CARTESIAN_POINT('',(-35.059439348191,-9.65944152298148,-7.));
#4281=CARTESIAN_POINT('Origin',(-38.0999983787537,-12.7000008106232,-7.));
#4282=CARTESIAN_POINT('',(-35.1598726313755,-17.1901279418215,-7.));
#4283=CARTESIAN_POINT('Origin',(-33.6098726313756,-17.1901279418215,-7.));
#4284=CARTESIAN_POINT('',(-44.1401293951823,-8.20987246349003,-7.));
#4285=CARTESIAN_POINT('Origin',(-42.5901293951823,-8.20987246349003,-7.));
#4286=CARTESIAN_POINT('Origin',(-29.7301278295454,12.7000004053116,-2.));
#4287=CARTESIAN_POINT('',(-25.4000008106232,12.7000004053116,-4.5));
#4288=CARTESIAN_POINT('Origin',(76.2000012159348,12.7000008106232,-2.));
#4289=CARTESIAN_POINT('',(76.2000012159348,23.4000008106232,0.));
#4290=CARTESIAN_POINT('Origin',(76.2000012159348,23.4000008106232,-2.));
#4291=CARTESIAN_POINT('',(86.9000012159348,12.7000008106232,0.));
#4292=CARTESIAN_POINT('Origin',(76.2000012159348,12.7000008106232,0.));
#4293=CARTESIAN_POINT('Origin',(86.9000012159348,12.7000008106232,-2.));
#4294=CARTESIAN_POINT('Origin',(86.899999021487,4.10491995671413,-2.));
#4295=CARTESIAN_POINT('',(86.8999979734421,5.10628734851082E-7,0.));
#4296=CARTESIAN_POINT('Origin',(86.8999979734421,5.10628734851082E-7,-2.));
#4297=CARTESIAN_POINT('',(86.899999021487,4.10491995671413,0.));
#4298=CARTESIAN_POINT('Origin',(86.8999969253886,4.10495250677536,-2.));
#4299=CARTESIAN_POINT('',(86.9000012159348,-12.7000013212519,0.));
#4300=CARTESIAN_POINT('',(86.8999969253886,4.10495250677536,0.));
#4301=CARTESIAN_POINT('Origin',(86.9000012159348,-12.7000013212519,-2.));
#4302=CARTESIAN_POINT('Origin',(76.2000012159348,-12.7000008106232,-2.));
#4303=CARTESIAN_POINT('',(76.2000012159348,-23.4000008106232,0.));
#4304=CARTESIAN_POINT('Origin',(76.2000012159348,-23.4000008106232,-2.));
#4305=CARTESIAN_POINT('Origin',(76.2000012159348,-12.7000008106232,0.));
#4306=CARTESIAN_POINT('Origin',(-40.3450655082143,-23.4000008106232,-2.));
#4307=CARTESIAN_POINT('',(-38.1000016212463,-23.4000008106232,0.));
#4308=CARTESIAN_POINT('',(-38.1000016212463,-25.4000008106232,-2.));
#4309=CARTESIAN_POINT('Origin',(-38.1000016212463,-23.4000008106232,-2.));
#4310=CARTESIAN_POINT('',(-40.3450655082143,-25.4000008106232,-2.));
#4311=CARTESIAN_POINT('',(-40.3450655082143,-23.4000008106232,0.));
#4312=CARTESIAN_POINT('Origin',(-38.1000016212463,-12.7000008106232,-2.));
#4313=CARTESIAN_POINT('',(-48.8000016212463,-12.7000008106232,0.));
#4314=CARTESIAN_POINT('',(-50.8000016212463,-12.7000008106232,-2.));
#4315=CARTESIAN_POINT('Origin',(-48.8000016212463,-12.7000008106232,-2.));
#4316=CARTESIAN_POINT('Origin',(-38.1000016212463,-12.7000008106232,-2.));
#4317=CARTESIAN_POINT('Origin',(-38.1000016212463,-12.7000008106232,0.));
#4318=CARTESIAN_POINT('Origin',(-48.7999973307043,4.10493676916477,-2.));
#4319=CARTESIAN_POINT('',(-48.7999983787537,-5.10628734851082E-7,0.));
#4320=CARTESIAN_POINT('',(-50.7999983787537,0.,-2.));
#4321=CARTESIAN_POINT('Origin',(-48.7999983787537,-5.10628734851082E-7,
-2.));
#4322=CARTESIAN_POINT('',(-50.7999973307042,4.1049372797935,-2.));
#4323=CARTESIAN_POINT('',(-48.7999973307043,4.10493676916477,0.));
#4324=CARTESIAN_POINT('Origin',(-48.7999994268026,4.10493569432473,-2.));
#4325=CARTESIAN_POINT('',(-48.8000016212464,12.7000013212519,0.));
#4326=CARTESIAN_POINT('',(-48.7999994268026,4.10493569432473,0.));
#4327=CARTESIAN_POINT('',(-50.8000016212463,12.7000008106232,-2.));
#4328=CARTESIAN_POINT('Origin',(-48.8000016212464,12.7000013212519,-2.));
#4329=CARTESIAN_POINT('',(-50.7999994268026,4.10493518369599,-2.));
#4330=CARTESIAN_POINT('Origin',(-38.1000016212463,12.7000008106232,-2.));
#4331=CARTESIAN_POINT('',(-38.1000016212463,23.4000008106232,0.));
#4332=CARTESIAN_POINT('Origin',(-38.1000016212463,23.4000008106232,-2.));
#4333=CARTESIAN_POINT('Origin',(-38.1000016212463,12.7000008106232,-2.));
#4334=CARTESIAN_POINT('Origin',(-38.1000016212463,12.7000008106232,0.));
#4335=CARTESIAN_POINT('Origin',(-40.3450655082143,23.4000008106232,-2.));
#4336=CARTESIAN_POINT('',(-40.3450655082143,23.4000008106232,0.));
#4337=CARTESIAN_POINT('Origin',(-50.7999983787537,0.,0.));
#4338=CARTESIAN_POINT('',(-50.8000016212463,-12.7000008106232,0.));
#4339=CARTESIAN_POINT('',(-50.7999983787537,0.,0.));
#4340=CARTESIAN_POINT('Origin',(-50.7999983787537,0.,0.));
#4341=CARTESIAN_POINT('',(-50.8000016212463,12.7000008106232,0.));
#4342=CARTESIAN_POINT('Origin',(-38.1000016212463,12.7000008106232,0.));
#4343=CARTESIAN_POINT('Origin',(-42.5901293951823,8.20987246349003,0.));
#4344=CARTESIAN_POINT('',(-29.7098726313755,17.1901279418215,0.));
#4345=CARTESIAN_POINT('Origin',(-33.6098726313756,17.1901279418215,0.));
#4346=CARTESIAN_POINT('',(-38.6901293951823,8.20987246349003,0.));
#4347=CARTESIAN_POINT('Origin',(-42.5901293951823,8.20987246349003,0.));
#4348=CARTESIAN_POINT('',(-38.6901293951823,-8.20987246349003,0.));
#4349=CARTESIAN_POINT('Origin',(-42.5901293951823,-8.20987246349003,0.));
#4350=CARTESIAN_POINT('',(-29.7098726313755,-17.1901279418215,0.));
#4351=CARTESIAN_POINT('Origin',(-33.6098726313756,-17.1901279418215,0.));
#4352=CARTESIAN_POINT('',(67.809872226064,-17.1901279418215,0.));
#4353=CARTESIAN_POINT('Origin',(71.709872226064,-17.1901279418215,0.));
#4354=CARTESIAN_POINT('',(76.7901289898708,-8.20987246349003,0.));
#4355=CARTESIAN_POINT('Origin',(80.6901289898708,-8.20987246349003,0.));
#4356=CARTESIAN_POINT('',(76.7901289898708,8.20987246349003,0.));
#4357=CARTESIAN_POINT('Origin',(80.6901289898708,8.20987246349003,0.));
#4358=CARTESIAN_POINT('',(67.809872226064,17.1901279418215,0.));
#4359=CARTESIAN_POINT('Origin',(71.709872226064,17.1901279418215,0.));
#4360=CARTESIAN_POINT('Origin',(67.8301274242338,12.7000004053116,-2.));
#4361=CARTESIAN_POINT('',(63.5000004053116,12.7000004053116,-4.5));
#4362=CARTESIAN_POINT('',(67.8301274242338,12.7000004053116,-7.));
#4363=CARTESIAN_POINT('Origin',(-38.1000016212463,-25.4000008106232,0.));
#4364=CARTESIAN_POINT('',(-38.1000016212463,-25.4000008106232,0.));
#4365=CARTESIAN_POINT('Origin',(3.79999979734421,15.25,-4.5));
#4366=CARTESIAN_POINT('',(1.64999979734421,15.25,-4.5));
#4367=CARTESIAN_POINT('Origin',(3.79999979734421,15.25,-4.5));
#4368=CARTESIAN_POINT('',(1.64999979734421,15.25,-0.5));
#4369=CARTESIAN_POINT('',(1.64999979734421,15.25,-4.5));
#4370=CARTESIAN_POINT('Origin',(3.79999979734421,15.25,-0.5));
#4371=CARTESIAN_POINT('Origin',(3.79999979734421,15.25,-0.5));
#4372=CARTESIAN_POINT('Origin',(34.2999997973442,15.25,-4.5));
#4373=CARTESIAN_POINT('',(32.1499997973442,15.25,-4.5));
#4374=CARTESIAN_POINT('Origin',(34.2999997973442,15.25,-4.5));
#4375=CARTESIAN_POINT('',(32.1499997973442,15.25,-0.5));
#4376=CARTESIAN_POINT('',(32.1499997973442,15.25,-4.5));
#4377=CARTESIAN_POINT('Origin',(34.2999997973442,15.25,-0.5));
#4378=CARTESIAN_POINT('Origin',(34.2999997973442,15.25,-0.5));
#4379=CARTESIAN_POINT('Origin',(3.79999979734421,-15.25,-4.5));
#4380=CARTESIAN_POINT('',(1.64999979734421,-15.25,-4.5));
#4381=CARTESIAN_POINT('Origin',(3.79999979734421,-15.25,-4.5));
#4382=CARTESIAN_POINT('',(1.64999979734421,-15.25,-0.5));
#4383=CARTESIAN_POINT('',(1.64999979734421,-15.25,-4.5));
#4384=CARTESIAN_POINT('Origin',(3.79999979734421,-15.25,-0.5));
#4385=CARTESIAN_POINT('Origin',(3.79999979734421,-15.25,-0.5));
#4386=CARTESIAN_POINT('Origin',(34.2999997973442,-15.25,-4.5));
#4387=CARTESIAN_POINT('',(32.1499997973442,-15.25,-4.5));
#4388=CARTESIAN_POINT('Origin',(34.2999997973442,-15.25,-4.5));
#4389=CARTESIAN_POINT('',(32.1499997973442,-15.25,-0.5));
#4390=CARTESIAN_POINT('',(32.1499997973442,-15.25,-4.5));
#4391=CARTESIAN_POINT('Origin',(34.2999997973442,-15.25,-0.5));
#4392=CARTESIAN_POINT('Origin',(34.2999997973442,-15.25,-0.5));
#4393=CARTESIAN_POINT('Ctrl Pts',(73.5246669949374,-10.0246696059194,-9.));
#4394=CARTESIAN_POINT('Ctrl Pts',(73.5228042977188,-10.0479719207366,-9.));
#4395=CARTESIAN_POINT('Ctrl Pts',(73.5237325840696,-10.0946262393232,-9.));
#4396=CARTESIAN_POINT('Ctrl Pts',(73.5348613312244,-10.187467329554,-9.));
#4397=CARTESIAN_POINT('Ctrl Pts',(73.5709253468827,-10.3477739949585,-9.));
#4398=CARTESIAN_POINT('Ctrl Pts',(73.6795586523469,-10.6551539481263,-9.));
#4399=CARTESIAN_POINT('Ctrl Pts',(73.9776184601677,-11.2433057294625,-9.));
#4400=CARTESIAN_POINT('Ctrl Pts',(74.7210967426657,-12.3193927257952,-9.));
#4401=CARTESIAN_POINT('Ctrl Pts',(75.743887160453,-13.4233623770161,-9.));
#4402=CARTESIAN_POINT('Ctrl Pts',(76.8876558031537,-14.3927687790188,-9.));
#4403=CARTESIAN_POINT('Ctrl Pts',(77.6588892565759,-14.9231911704515,-9.));
#4404=CARTESIAN_POINT('Ctrl Pts',(78.2435573406686,-15.2200077389617,-9.));
#4405=CARTESIAN_POINT('Ctrl Pts',(78.5528022495686,-15.3292806277844,-9.));
#4406=CARTESIAN_POINT('Ctrl Pts',(78.7122091563411,-15.3650908123224,-9.));
#4407=CARTESIAN_POINT('Ctrl Pts',(78.8054188841238,-15.3762976259227,-9.));
#4408=CARTESIAN_POINT('Ctrl Pts',(78.8519913777396,-15.3771975290595,-9.));
#4409=CARTESIAN_POINT('Ctrl Pts',(78.8753289519467,-15.3753320153269,-9.));
#4410=CARTESIAN_POINT('Ctrl Pts',(73.3941835180435,-10.014239259776,-9.));
#4411=CARTESIAN_POINT('Ctrl Pts',(73.3915308786365,-10.0474237397542,-9.));
#4412=CARTESIAN_POINT('Ctrl Pts',(73.3929570780573,-10.104901217685,-9.));
#4413=CARTESIAN_POINT('Ctrl Pts',(73.4058071460145,-10.2118737328247,-9.));
#4414=CARTESIAN_POINT('Ctrl Pts',(73.4454218970346,-10.386640124462,-9.));
#4415=CARTESIAN_POINT('Ctrl Pts',(73.5598619485511,-10.709701486436,-9.));
#4416=CARTESIAN_POINT('Ctrl Pts',(73.8661705466805,-11.3131610343082,-9.));
#4417=CARTESIAN_POINT('Ctrl Pts',(74.6202238021684,-12.4038418148268,-9.));
#4418=CARTESIAN_POINT('Ctrl Pts',(75.6518809627323,-13.5171959212221,-9.));
#4419=CARTESIAN_POINT('Ctrl Pts',(76.8073066364044,-14.4966997615045,-9.));
#4420=CARTESIAN_POINT('Ctrl Pts',(77.589088741859,-15.0346553949754,-9.));
#4421=CARTESIAN_POINT('Ctrl Pts',(78.1889303800586,-15.3396903818951,-9.));
#4422=CARTESIAN_POINT('Ctrl Pts',(78.5139532875894,-15.4547972270393,-9.));
#4423=CARTESIAN_POINT('Ctrl Pts',(78.6877485313303,-15.4941418547927,-9.));
#4424=CARTESIAN_POINT('Ctrl Pts',(78.7951292975698,-15.5070768532273,-9.));
#4425=CARTESIAN_POINT('Ctrl Pts',(78.8525245947067,-15.5084721434652,-9.));
#4426=CARTESIAN_POINT('Ctrl Pts',(78.8857592870578,-15.5058154931027,-9.));
#4427=CARTESIAN_POINT('Ctrl Pts',(73.1343891933416,-9.99347230293787,-8.8915227121532));
#4428=CARTESIAN_POINT('Ctrl Pts',(73.1301705229658,-10.0462478073106,-8.8915227121532));
#4429=CARTESIAN_POINT('Ctrl Pts',(73.1325845027363,-10.1251841545573,-8.8915227121532));
#4430=CARTESIAN_POINT('Ctrl Pts',(73.1488486344377,-10.2601761979701,-8.89152271215319));
#4431=CARTESIAN_POINT('Ctrl Pts',(73.1955057473619,-10.4636189486744,-8.8915227121532));
#4432=CARTESIAN_POINT('Ctrl Pts',(73.3214775735594,-10.8178147485762,-8.8915227121532));
#4433=CARTESIAN_POINT('Ctrl Pts',(73.6441758790388,-11.4517261893797,-8.89152271215319));
#4434=CARTESIAN_POINT('Ctrl Pts',(74.419381950388,-12.5716276768638,-8.89152271215319));
#4435=CARTESIAN_POINT('Ctrl Pts',(75.46882658371,-13.7038889892469,-8.8915227121532));
#4436=CARTESIAN_POINT('Ctrl Pts',(76.6477772205144,-14.703691478301,-8.89152271215319));
#4437=CARTESIAN_POINT('Ctrl Pts',(77.4506090623936,-15.2566672094444,-8.8915227121532));
#4438=CARTESIAN_POINT('Ctrl Pts',(78.0806634040657,-15.5780496751053,-8.8915227121532));
#4439=CARTESIAN_POINT('Ctrl Pts',(78.4370075846972,-15.7047388703821,-8.8915227121532));
#4440=CARTESIAN_POINT('Ctrl Pts',(78.6393386735366,-15.7510942251885,-8.8915227121532));
#4441=CARTESIAN_POINT('Ctrl Pts',(78.7748173167961,-15.7674567548839,-8.8915227121532));
#4442=CARTESIAN_POINT('Ctrl Pts',(78.853670861453,-15.7698348688279,-8.8915227121532));
#4443=CARTESIAN_POINT('Ctrl Pts',(78.9065262219303,-15.7656098195605,-8.8915227121532));
#4444=CARTESIAN_POINT('Ctrl Pts',(73.0262568267897,-9.98482861839409,-8.63089969389957));
#4445=CARTESIAN_POINT('Ctrl Pts',(73.0213759910293,-10.0458878019928,-8.63089969389957));
#4446=CARTESIAN_POINT('Ctrl Pts',(73.0242065784811,-10.1338939804934,-8.63089969389958));
#4447=CARTESIAN_POINT('Ctrl Pts',(73.0419118037785,-10.2807265994721,-8.63089969389957));
#4448=CARTESIAN_POINT('Ctrl Pts',(73.0915417770658,-10.4962784444751,-8.63089969389957));
#4449=CARTESIAN_POINT('Ctrl Pts',(73.2223586363661,-10.8635670876502,-8.63089969389958));
#4450=CARTESIAN_POINT('Ctrl Pts',(73.5519304071377,-11.5101932472775,-8.63089969389957));
#4451=CARTESIAN_POINT('Ctrl Pts',(74.3357907809938,-12.6420053806048,-8.63089969389957));
#4452=CARTESIAN_POINT('Ctrl Pts',(75.3924341923787,-13.7817952461351,-8.63089969389958));
#4453=CARTESIAN_POINT('Ctrl Pts',(76.5806928837916,-14.7897485110131,-8.63089969389957));
#4454=CARTESIAN_POINT('Ctrl Pts',(77.3922137541572,-15.3489433009564,-8.63089969389958));
#4455=CARTESIAN_POINT('Ctrl Pts',(78.034840319149,-15.6771537092315,-8.63089969389957));
#4456=CARTESIAN_POINT('Ctrl Pts',(78.4043634977687,-15.8087145041351,-8.63089969389958));
#4457=CARTESIAN_POINT('Ctrl Pts',(78.6187427094151,-15.8580283219566,-8.63089969389958));
#4458=CARTESIAN_POINT('Ctrl Pts',(78.7660953390015,-15.8758378553834,-8.63089969389958));
#4459=CARTESIAN_POINT('Ctrl Pts',(78.8540183233595,-15.8786304027305,-8.63089969389957));
#4460=CARTESIAN_POINT('Ctrl Pts',(78.9151698973315,-15.8737421868432,-8.63089969389957));
#4461=CARTESIAN_POINT('Ctrl Pts',(73.0262568267897,-9.98482861839409,-8.5));
#4462=CARTESIAN_POINT('Ctrl Pts',(73.0213823261709,-10.0458085494643,-8.5));
#4463=CARTESIAN_POINT('Ctrl Pts',(73.0242095641233,-10.1337301414808,-8.5));
#4464=CARTESIAN_POINT('Ctrl Pts',(73.0419024943265,-10.2804536550115,-8.5));
#4465=CARTESIAN_POINT('Ctrl Pts',(73.091506956672,-10.4958993758148,-8.5));
#4466=CARTESIAN_POINT('Ctrl Pts',(73.2222961156254,-10.8631059928894,-8.5));
#4467=CARTESIAN_POINT('Ctrl Pts',(73.5518362376489,-11.5097076984232,-8.5));
#4468=CARTESIAN_POINT('Ctrl Pts',(74.3357884400376,-12.6416739250342,-8.5));
#4469=CARTESIAN_POINT('Ctrl Pts',(75.392557225929,-13.7816726046709,-8.5));
#4470=CARTESIAN_POINT('Ctrl Pts',(76.5811119863074,-14.7898083127001,-8.5));
#4471=CARTESIAN_POINT('Ctrl Pts',(77.3926771562559,-15.3490230931647,-8.5));
#4472=CARTESIAN_POINT('Ctrl Pts',(78.0353055567622,-15.6772189627202,-8.5));
#4473=CARTESIAN_POINT('Ctrl Pts',(78.4047415727368,-15.8087486801937,-8.5));
#4474=CARTESIAN_POINT('Ctrl Pts',(78.6190161824504,-15.8580377402608,-8.5));
#4475=CARTESIAN_POINT('Ctrl Pts',(78.7662592166589,-15.8758347920742,-8.5));
#4476=CARTESIAN_POINT('Ctrl Pts',(78.8540976958072,-15.8786240580097,-8.5));
#4477=CARTESIAN_POINT('Ctrl Pts',(78.9151698973315,-15.8737421868432,-8.5));
#4478=CARTESIAN_POINT('',(73.0262568267897,-9.98482861839409,-8.5));
#4479=CARTESIAN_POINT('',(73.5246669949374,-10.0246696059194,-9.));
#4480=CARTESIAN_POINT('Ctrl Pts',(73.0262568267897,-9.98482861839409,-8.5));
#4481=CARTESIAN_POINT('Ctrl Pts',(73.0262568267897,-9.98482861839409,-8.63089969389957));
#4482=CARTESIAN_POINT('Ctrl Pts',(73.1343891933416,-9.99347230293787,-8.8915227121532));
#4483=CARTESIAN_POINT('Ctrl Pts',(73.3941835180435,-10.014239259776,-9.));
#4484=CARTESIAN_POINT('Ctrl Pts',(73.5246669949374,-10.0246696059194,-9.));
#4485=CARTESIAN_POINT('',(78.8753289519467,-15.3753320153269,-9.));
#4486=CARTESIAN_POINT('Ctrl Pts',(73.5246669949374,-10.0246696059194,-9.));
#4487=CARTESIAN_POINT('Ctrl Pts',(73.5228042977188,-10.0479719207366,-9.));
#4488=CARTESIAN_POINT('Ctrl Pts',(73.5237325840696,-10.0946262393232,-9.));
#4489=CARTESIAN_POINT('Ctrl Pts',(73.5348613312244,-10.187467329554,-9.));
#4490=CARTESIAN_POINT('Ctrl Pts',(73.5709253468827,-10.3477739949585,-9.));
#4491=CARTESIAN_POINT('Ctrl Pts',(73.6795586523469,-10.6551539481263,-9.));
#4492=CARTESIAN_POINT('Ctrl Pts',(73.9776184601677,-11.2433057294625,-9.));
#4493=CARTESIAN_POINT('Ctrl Pts',(74.7210967426657,-12.3193927257952,-9.));
#4494=CARTESIAN_POINT('Ctrl Pts',(75.743887160453,-13.4233623770161,-9.));
#4495=CARTESIAN_POINT('Ctrl Pts',(76.8876558031537,-14.3927687790188,-9.));
#4496=CARTESIAN_POINT('Ctrl Pts',(77.6588892565759,-14.9231911704515,-9.));
#4497=CARTESIAN_POINT('Ctrl Pts',(78.2435573406686,-15.2200077389617,-9.));
#4498=CARTESIAN_POINT('Ctrl Pts',(78.5528022495686,-15.3292806277844,-9.));
#4499=CARTESIAN_POINT('Ctrl Pts',(78.7122091563411,-15.3650908123224,-9.));
#4500=CARTESIAN_POINT('Ctrl Pts',(78.8054188841238,-15.3762976259227,-9.));
#4501=CARTESIAN_POINT('Ctrl Pts',(78.8519913777396,-15.3771975290595,-9.));
#4502=CARTESIAN_POINT('Ctrl Pts',(78.8753289519467,-15.3753320153269,-9.));
#4503=CARTESIAN_POINT('',(78.9151698973315,-15.8737421868432,-8.5));
#4504=CARTESIAN_POINT('Ctrl Pts',(78.8753289519467,-15.3753320153269,-9.));
#4505=CARTESIAN_POINT('Ctrl Pts',(78.8857592870578,-15.5058154931027,-9.));
#4506=CARTESIAN_POINT('Ctrl Pts',(78.9065262219303,-15.7656098195605,-8.8915227121532));
#4507=CARTESIAN_POINT('Ctrl Pts',(78.9151698973315,-15.8737421868432,-8.63089969389957));
#4508=CARTESIAN_POINT('Ctrl Pts',(78.9151698973315,-15.8737421868432,-8.5));
#4509=CARTESIAN_POINT('Ctrl Pts',(78.9151698973315,-15.8737421868432,-8.5));
#4510=CARTESIAN_POINT('Ctrl Pts',(78.8540976958072,-15.8786240580097,-8.5));
#4511=CARTESIAN_POINT('Ctrl Pts',(78.7662592166589,-15.8758347920742,-8.5));
#4512=CARTESIAN_POINT('Ctrl Pts',(78.6190161824504,-15.8580377402608,-8.5));
#4513=CARTESIAN_POINT('Ctrl Pts',(78.4047415727368,-15.8087486801937,-8.5));
#4514=CARTESIAN_POINT('Ctrl Pts',(78.0353055567622,-15.6772189627202,-8.5));
#4515=CARTESIAN_POINT('Ctrl Pts',(77.3926771562559,-15.3490230931647,-8.5));
#4516=CARTESIAN_POINT('Ctrl Pts',(76.5811119863074,-14.7898083127001,-8.5));
#4517=CARTESIAN_POINT('Ctrl Pts',(75.392557225929,-13.7816726046709,-8.5));
#4518=CARTESIAN_POINT('Ctrl Pts',(74.3357884400376,-12.6416739250342,-8.5));
#4519=CARTESIAN_POINT('Ctrl Pts',(73.5518362376489,-11.5097076984232,-8.5));
#4520=CARTESIAN_POINT('Ctrl Pts',(73.2222961156254,-10.8631059928894,-8.5));
#4521=CARTESIAN_POINT('Ctrl Pts',(73.091506956672,-10.4958993758148,-8.5));
#4522=CARTESIAN_POINT('Ctrl Pts',(73.0419024943265,-10.2804536550115,-8.5));
#4523=CARTESIAN_POINT('Ctrl Pts',(73.0242095641233,-10.1337301414808,-8.5));
#4524=CARTESIAN_POINT('Ctrl Pts',(73.0213823261709,-10.0458085494643,-8.5));
#4525=CARTESIAN_POINT('Ctrl Pts',(73.0262568267897,-9.98482861839409,-8.5));
#4526=CARTESIAN_POINT('Ctrl Pts',(73.4848260495526,-9.52625943440319,-8.5));
#4527=CARTESIAN_POINT('Ctrl Pts',(73.5459999849093,-9.52136943103487,-8.5));
#4528=CARTESIAN_POINT('Ctrl Pts',(73.6342156698999,-9.52426537527874,-8.5));
#4529=CARTESIAN_POINT('Ctrl Pts',(73.7806920591657,-9.54198166994406,-8.5));
#4530=CARTESIAN_POINT('Ctrl Pts',(73.9954635612838,-9.59162604159422,-8.5));
#4531=CARTESIAN_POINT('Ctrl Pts',(74.3656844678881,-9.7228786828392,-8.49999999999999));
#4532=CARTESIAN_POINT('Ctrl Pts',(75.3682261471057,-10.2439742505804,-8.50000000000001));
#4533=CARTESIAN_POINT('Ctrl Pts',(76.7340833036995,-11.3367954052955,-8.49999999999999));
#4534=CARTESIAN_POINT('Ctrl Pts',(78.065081083817,-12.7546791253191,-8.50000000000001));
#4535=CARTESIAN_POINT('Ctrl Pts',(78.8471328855777,-13.8920078361285,-8.49999999999999));
#4536=CARTESIAN_POINT('Ctrl Pts',(79.1768006097722,-14.5350240560451,-8.5));
#4537=CARTESIAN_POINT('Ctrl Pts',(79.3084516038006,-14.9044686038752,-8.49999999999999));
#4538=CARTESIAN_POINT('Ctrl Pts',(79.3579586811523,-15.1191120252043,-8.5));
#4539=CARTESIAN_POINT('Ctrl Pts',(79.3757439802393,-15.2657650764911,-8.5));
#4540=CARTESIAN_POINT('Ctrl Pts',(79.3786272988419,-15.3540219585935,-8.5));
#4541=CARTESIAN_POINT('Ctrl Pts',(79.3737391200944,-15.4151730028523,-8.5));
#4542=CARTESIAN_POINT('Ctrl Pts',(73.4848260495526,-9.52625943440319,-8.63089969389957));
#4543=CARTESIAN_POINT('Ctrl Pts',(73.5460794895754,-9.52136307574511,-8.63089969389957));
#4544=CARTESIAN_POINT('Ctrl Pts',(73.6343673629959,-9.52426150152381,-8.63089969389958));
#4545=CARTESIAN_POINT('Ctrl Pts',(73.7809365285733,-9.54198915875469,-8.63089969389958));
#4546=CARTESIAN_POINT('Ctrl Pts',(73.9957641482564,-9.59165246436505,-8.63089969389957));
#4547=CARTESIAN_POINT('Ctrl Pts',(74.3660081703757,-9.72293560874542,-8.63089969389957));
#4548=CARTESIAN_POINT('Ctrl Pts',(75.3682485256032,-10.2439839546433,-8.63089969389958));
#4549=CARTESIAN_POINT('Ctrl Pts',(76.7340987207855,-11.3368035180441,-8.63089969389957));
#4550=CARTESIAN_POINT('Ctrl Pts',(78.0650742472747,-12.7546682281908,-8.63089969389959));
#4551=CARTESIAN_POINT('Ctrl Pts',(78.8470957016954,-13.8918724048814,-8.63089969389957));
#4552=CARTESIAN_POINT('Ctrl Pts',(79.1767483470973,-14.5347115966669,-8.63089969389958));
#4553=CARTESIAN_POINT('Ctrl Pts',(79.3084248199674,-14.9041681176458,-8.63089969389957));
#4554=CARTESIAN_POINT('Ctrl Pts',(79.3579513882783,-15.1188681034638,-8.63089969389957));
#4555=CARTESIAN_POINT('Ctrl Pts',(79.3757478305309,-15.2656134136529,-8.63089969389957));
#4556=CARTESIAN_POINT('Ctrl Pts',(79.3786336517603,-15.3539424836779,-8.63089969389957));
#4557=CARTESIAN_POINT('Ctrl Pts',(79.3737391200944,-15.4151730028523,-8.63089969389957));
#4558=CARTESIAN_POINT('Ctrl Pts',(73.4934697249538,-9.6343918016859,-8.89152271215318));
#4559=CARTESIAN_POINT('Ctrl Pts',(73.5464131316822,-9.63015971434801,-8.89152271215318));
#4560=CARTESIAN_POINT('Ctrl Pts',(73.6256333269502,-9.6326349387306,-8.89152271215318));
#4561=CARTESIAN_POINT('Ctrl Pts',(73.7604217490564,-9.64891749450682,-8.89152271215318));
#4562=CARTESIAN_POINT('Ctrl Pts',(73.9632787140585,-9.69561897394281,-8.89152271215318));
#4563=CARTESIAN_POINT('Ctrl Pts',(74.3203667527929,-9.82197110633167,-8.89152271215317));
#4564=CARTESIAN_POINT('Ctrl Pts',(75.3044501205079,-10.3327130515925,-8.89152271215318));
#4565=CARTESIAN_POINT('Ctrl Pts',(76.6607357455356,-11.4167475836146,-8.89152271215318));
#4566=CARTESIAN_POINT('Ctrl Pts',(77.9812151011292,-12.8243743938461,-8.89152271215318));
#4567=CARTESIAN_POINT('Ctrl Pts',(78.7549276132652,-13.9496456288605,-8.89152271215318));
#4568=CARTESIAN_POINT('Ctrl Pts',(79.0776543322063,-14.5802325977557,-8.89152271215318));
#4569=CARTESIAN_POINT('Ctrl Pts',(79.2044694955887,-14.9366675713233,-8.89152271215317));
#4570=CARTESIAN_POINT('Ctrl Pts',(79.2510244620571,-15.1393908124271,-8.89152271215317));
#4571=CARTESIAN_POINT('Ctrl Pts',(79.2673755456153,-15.2743506218312,-8.89152271215318));
#4572=CARTESIAN_POINT('Ctrl Pts',(79.2698372617497,-15.3536057228397,-8.89152271215318));
#4573=CARTESIAN_POINT('Ctrl Pts',(79.2656067535426,-15.4065293183085,-8.89152271215318));
#4574=CARTESIAN_POINT('Ctrl Pts',(73.5142366598263,-9.89418612814361,-9.));
#4575=CARTESIAN_POINT('Ctrl Pts',(73.5475267143969,-9.8915250523434,-9.));
#4576=CARTESIAN_POINT('Ctrl Pts',(73.6052445615022,-9.89299324857006,-9.));
#4577=CARTESIAN_POINT('Ctrl Pts',(73.71209312749,-9.90584845210735,-9.));
#4578=CARTESIAN_POINT('Ctrl Pts',(73.886410109258,-9.94550827087338,-9.));
#4579=CARTESIAN_POINT('Ctrl Pts',(74.2119808384067,-10.0601330578369,-8.99999999999999));
#4580=CARTESIAN_POINT('Ctrl Pts',(75.1512585434873,-10.5459279682572,-9.00000000000001));
#4581=CARTESIAN_POINT('Ctrl Pts',(76.4845374126155,-11.6088497048642,-8.99999999999999));
#4582=CARTESIAN_POINT('Ctrl Pts',(77.7797117782116,-12.9918047651692,-9.00000000000001));
#4583=CARTESIAN_POINT('Ctrl Pts',(78.5333424838811,-14.0879177207134,-8.99999999999999));
#4584=CARTESIAN_POINT('Ctrl Pts',(78.8393700886689,-14.6883733241082,-9.));
#4585=CARTESIAN_POINT('Ctrl Pts',(78.9546056548896,-15.0135702540735,-8.99999999999999));
#4586=CARTESIAN_POINT('Ctrl Pts',(78.9940976598212,-15.187740634078,-8.99999999999999));
#4587=CARTESIAN_POINT('Ctrl Pts',(79.0070199121492,-15.2947471272488,-9.));
#4588=CARTESIAN_POINT('Ctrl Pts',(79.0084725117061,-15.3524847639356,-9.));
#4589=CARTESIAN_POINT('Ctrl Pts',(79.0058124288407,-15.3857623614704,-9.));
#4590=CARTESIAN_POINT('Ctrl Pts',(73.5246669949374,-10.0246696059194,-9.));
#4591=CARTESIAN_POINT('Ctrl Pts',(73.5480434447836,-10.0228009846215,-9.));
#4592=CARTESIAN_POINT('Ctrl Pts',(73.5949229340612,-10.0237620652243,-9.));
#4593=CARTESIAN_POINT('Ctrl Pts',(73.6876888351543,-10.034889773084,-9.));
#4594=CARTESIAN_POINT('Ctrl Pts',(73.8476413645609,-10.0710027306118,-9.));
#4595=CARTESIAN_POINT('Ctrl Pts',(74.1573699311689,-10.1797210439068,-8.99999999999999));
#4596=CARTESIAN_POINT('Ctrl Pts',(75.0743050423931,-10.6530114223516,-9.00000000000001));
#4597=CARTESIAN_POINT('Ctrl Pts',(76.3960323387599,-11.7053299651606,-8.99999999999999));
#4598=CARTESIAN_POINT('Ctrl Pts',(77.6785090166627,-13.0759036499259,-9.00000000000001));
#4599=CARTESIAN_POINT('Ctrl Pts',(78.4220697484223,-14.1574383472105,-8.99999999999999));
#4600=CARTESIAN_POINT('Ctrl Pts',(78.719718183464,-14.7428550633783,-9.));
#4601=CARTESIAN_POINT('Ctrl Pts',(78.8291241740638,-15.0523560607067,-8.99999999999999));
#4602=CARTESIAN_POINT('Ctrl Pts',(78.8650583209823,-15.2121552810296,-8.99999999999999));
#4603=CARTESIAN_POINT('Ctrl Pts',(78.8762524522863,-15.3050726259397,-9.));
#4604=CARTESIAN_POINT('Ctrl Pts',(78.8771968760007,-15.3519643128762,-9.));
#4605=CARTESIAN_POINT('Ctrl Pts',(78.8753289519467,-15.3753320153269,-9.));
#4606=CARTESIAN_POINT('',(73.4848260495526,-9.52625943440319,-8.5));
#4607=CARTESIAN_POINT('Origin',(73.5246669949374,-10.0246696059194,-8.5));
#4608=CARTESIAN_POINT('',(79.3737391200944,-15.4151730028523,-8.5));
#4609=CARTESIAN_POINT('Ctrl Pts',(73.4848260495526,-9.52625943440319,-8.5));
#4610=CARTESIAN_POINT('Ctrl Pts',(73.5459999849093,-9.52136943103487,-8.5));
#4611=CARTESIAN_POINT('Ctrl Pts',(73.6342156698999,-9.52426537527874,-8.5));
#4612=CARTESIAN_POINT('Ctrl Pts',(73.7806920591657,-9.54198166994406,-8.5));
#4613=CARTESIAN_POINT('Ctrl Pts',(73.9954635612838,-9.59162604159422,-8.5));
#4614=CARTESIAN_POINT('Ctrl Pts',(74.3656844678881,-9.7228786828392,-8.49999999999999));
#4615=CARTESIAN_POINT('Ctrl Pts',(75.3682261471057,-10.2439742505804,-8.50000000000001));
#4616=CARTESIAN_POINT('Ctrl Pts',(76.7340833036995,-11.3367954052955,-8.49999999999999));
#4617=CARTESIAN_POINT('Ctrl Pts',(78.065081083817,-12.7546791253191,-8.50000000000001));
#4618=CARTESIAN_POINT('Ctrl Pts',(78.8471328855777,-13.8920078361285,-8.49999999999999));
#4619=CARTESIAN_POINT('Ctrl Pts',(79.1768006097722,-14.5350240560451,-8.5));
#4620=CARTESIAN_POINT('Ctrl Pts',(79.3084516038006,-14.9044686038752,-8.49999999999999));
#4621=CARTESIAN_POINT('Ctrl Pts',(79.3579586811523,-15.1191120252043,-8.5));
#4622=CARTESIAN_POINT('Ctrl Pts',(79.3757439802393,-15.2657650764911,-8.5));
#4623=CARTESIAN_POINT('Ctrl Pts',(79.3786272988419,-15.3540219585935,-8.5));
#4624=CARTESIAN_POINT('Ctrl Pts',(79.3737391200944,-15.4151730028523,-8.5));
#4625=CARTESIAN_POINT('Origin',(78.8753289519467,-15.3753320153269,-8.5));
#4626=CARTESIAN_POINT('Ctrl Pts',(78.8753289519467,-15.3753320153269,-9.));
#4627=CARTESIAN_POINT('Ctrl Pts',(78.8771968760007,-15.3519643128762,-9.));
#4628=CARTESIAN_POINT('Ctrl Pts',(78.8762524522863,-15.3050726259397,-9.));
#4629=CARTESIAN_POINT('Ctrl Pts',(78.8650583209823,-15.2121552810296,-8.99999999999999));
#4630=CARTESIAN_POINT('Ctrl Pts',(78.8291241740638,-15.0523560607067,-8.99999999999999));
#4631=CARTESIAN_POINT('Ctrl Pts',(78.719718183464,-14.7428550633783,-9.));
#4632=CARTESIAN_POINT('Ctrl Pts',(78.4220697484223,-14.1574383472105,-8.99999999999999));
#4633=CARTESIAN_POINT('Ctrl Pts',(77.6785090166627,-13.0759036499259,-9.00000000000001));
#4634=CARTESIAN_POINT('Ctrl Pts',(76.3960323387599,-11.7053299651606,-8.99999999999999));
#4635=CARTESIAN_POINT('Ctrl Pts',(75.0743050423931,-10.6530114223516,-9.00000000000001));
#4636=CARTESIAN_POINT('Ctrl Pts',(74.1573699311689,-10.1797210439068,-8.99999999999999));
#4637=CARTESIAN_POINT('Ctrl Pts',(73.8476413645609,-10.0710027306118,-9.));
#4638=CARTESIAN_POINT('Ctrl Pts',(73.6876888351543,-10.034889773084,-9.));
#4639=CARTESIAN_POINT('Ctrl Pts',(73.5949229340612,-10.0237620652243,-9.));
#4640=CARTESIAN_POINT('Ctrl Pts',(73.5480434447836,-10.0228009846215,-9.));
#4641=CARTESIAN_POINT('Ctrl Pts',(73.5246669949374,-10.0246696059194,-9.));
#4642=CARTESIAN_POINT('Ctrl Pts',(79.3737391200944,-15.4151730028523,-8.5));
#4643=CARTESIAN_POINT('Ctrl Pts',(79.3515918538867,-15.6922349774727,-8.5));
#4644=CARTESIAN_POINT('Ctrl Pts',(79.1922318738245,-15.851594944061,-8.5));
#4645=CARTESIAN_POINT('Ctrl Pts',(78.9151698973315,-15.8737421868432,-8.5));
#4646=CARTESIAN_POINT('Ctrl Pts',(79.3737391200944,-15.4151730028523,-8.64959965017094));
#4647=CARTESIAN_POINT('Ctrl Pts',(79.3574220296665,-15.6710329820948,-8.64524809473971));
#4648=CARTESIAN_POINT('Ctrl Pts',(79.1710298779536,-15.8574251180482,-8.64524809473971));
#4649=CARTESIAN_POINT('Ctrl Pts',(78.9151698973315,-15.8737421868432,-8.64959965017094));
#4650=CARTESIAN_POINT('Ctrl Pts',(79.2485073237621,-15.4051624558083,-8.90851996839571));
#4651=CARTESIAN_POINT('Ctrl Pts',(79.2244441325468,-15.5473947450163,-8.93305712080451));
#4652=CARTESIAN_POINT('Ctrl Pts',(79.0473916521184,-15.7244472104748,-8.93305712080451));
#4653=CARTESIAN_POINT('Ctrl Pts',(78.9051593608758,-15.7485103896644,-8.90851996839571));
#4654=CARTESIAN_POINT('Ctrl Pts',(78.9871719321415,-15.3842723120213,-9.));
#4655=CARTESIAN_POINT('Ctrl Pts',(78.9548154952799,-15.4123663087909,-9.00344629632249));
#4656=CARTESIAN_POINT('Ctrl Pts',(78.9123632386901,-15.4548185617913,-9.00344629632249));
#4657=CARTESIAN_POINT('Ctrl Pts',(78.8842692391848,-15.4871749962776,-9.));
#4658=CARTESIAN_POINT('Ctrl Pts',(78.8753289519467,-15.3753320153269,-9.));
#4659=CARTESIAN_POINT('Ctrl Pts',(78.8753289519467,-15.3753320153269,-9.));
#4660=CARTESIAN_POINT('Ctrl Pts',(78.8753289519467,-15.3753320153269,-9.));
#4661=CARTESIAN_POINT('Ctrl Pts',(78.8753289519467,-15.3753320153269,-9.));
#4662=CARTESIAN_POINT('Ctrl Pts',(79.3737391200944,-15.4151730028523,-8.5));
#4663=CARTESIAN_POINT('Ctrl Pts',(79.3515918538867,-15.6922349774727,-8.5));
#4664=CARTESIAN_POINT('Ctrl Pts',(79.1922318738245,-15.851594944061,-8.5));
#4665=CARTESIAN_POINT('Ctrl Pts',(78.9151698973315,-15.8737421868432,-8.5));
#4666=CARTESIAN_POINT('Ctrl Pts',(73.0262568267897,-9.98482861839409,-8.5));
#4667=CARTESIAN_POINT('Ctrl Pts',(73.0484040929974,-9.70776664377366,-8.5));
#4668=CARTESIAN_POINT('Ctrl Pts',(73.2077640730596,-9.54840667718534,-8.5));
#4669=CARTESIAN_POINT('Ctrl Pts',(73.4848260495526,-9.52625943440319,-8.5));
#4670=CARTESIAN_POINT('Ctrl Pts',(73.0262568267897,-9.98482861839409,-8.64959965017094));
#4671=CARTESIAN_POINT('Ctrl Pts',(73.0425739172176,-9.7289686391516,-8.64524809473971));
#4672=CARTESIAN_POINT('Ctrl Pts',(73.2289660689305,-9.54257650319818,-8.64524809473971));
#4673=CARTESIAN_POINT('Ctrl Pts',(73.4848260495526,-9.52625943440319,-8.64959965017094));
#4674=CARTESIAN_POINT('Ctrl Pts',(73.1514837523805,-9.99483877608979,-8.90852583124058));
#4675=CARTESIAN_POINT('Ctrl Pts',(73.1755469435958,-9.85260648688172,-8.93306298364938));
#4676=CARTESIAN_POINT('Ctrl Pts',(73.3526039054178,-9.67554954002988,-8.93306298364939));
#4677=CARTESIAN_POINT('Ctrl Pts',(73.4948361966604,-9.65148636084034,-8.90852583124058));
#4678=CARTESIAN_POINT('Ctrl Pts',(73.4128240147426,-10.0157293092251,-9.));
#4679=CARTESIAN_POINT('Ctrl Pts',(73.4451804516043,-9.98763531245545,-9.00344629632249));
#4680=CARTESIAN_POINT('Ctrl Pts',(73.487632708194,-9.94518305945504,-9.00344629632249));
#4681=CARTESIAN_POINT('Ctrl Pts',(73.5157267076993,-9.91282662496873,-9.));
#4682=CARTESIAN_POINT('Ctrl Pts',(73.5246669949374,-10.0246696059194,-9.));
#4683=CARTESIAN_POINT('Ctrl Pts',(73.5246669949374,-10.0246696059194,-9.));
#4684=CARTESIAN_POINT('Ctrl Pts',(73.5246669949374,-10.0246696059194,-9.));
#4685=CARTESIAN_POINT('Ctrl Pts',(73.5246669949374,-10.0246696059194,-9.));
#4686=CARTESIAN_POINT('',(73.1599484218142,-9.65995100195928,-8.5));
#4687=CARTESIAN_POINT('Ctrl Pts',(73.0262568267897,-9.98482861839409,-8.5));
#4688=CARTESIAN_POINT('Ctrl Pts',(73.0373304598936,-9.84629763108387,-8.5));
#4689=CARTESIAN_POINT('Ctrl Pts',(73.0827072714611,-9.73719214578168,-8.5));
#4690=CARTESIAN_POINT('Ctrl Pts',(73.1599484218142,-9.65995100195928,-8.5));
#4691=CARTESIAN_POINT('Ctrl Pts',(73.1599484218142,-9.65995100195928,-8.5));
#4692=CARTESIAN_POINT('Ctrl Pts',(73.2371895721673,-9.58270985813688,-8.5));
#4693=CARTESIAN_POINT('Ctrl Pts',(73.3462950613061,-9.53733305579427,-8.5));
#4694=CARTESIAN_POINT('Ctrl Pts',(73.4848260495526,-9.52625943440319,-8.5));
#4695=CARTESIAN_POINT('Origin',(76.1999979734421,-12.7000008106232,-9.));
#4696=CARTESIAN_POINT('Ctrl Pts',(73.1594389428795,-9.65944152298148,-7.));
#4697=CARTESIAN_POINT('Ctrl Pts',(74.0786777972828,-8.74020274629976,-7.));
#4698=CARTESIAN_POINT('Ctrl Pts',(77.1192368278454,-11.7807620339415,-7.));
#4699=CARTESIAN_POINT('Ctrl Pts',(80.159795858408,-14.8213213215831,-7.));
#4700=CARTESIAN_POINT('Ctrl Pts',(79.2405570040047,-15.7405600982649,-7.));
#4701=CARTESIAN_POINT('Ctrl Pts',(78.3213181496014,-16.6597988749466,-7.));
#4702=CARTESIAN_POINT('Ctrl Pts',(75.2807591190388,-13.6192395873049,-7.));
#4703=CARTESIAN_POINT('Ctrl Pts',(72.2402000884762,-10.5786802996632,-7.));
#4704=CARTESIAN_POINT('Ctrl Pts',(73.1594389428795,-9.65944152298148,-7.));
#4705=CARTESIAN_POINT('Ctrl Pts',(73.1594389428795,-9.65944152298148,-8.5));
#4706=CARTESIAN_POINT('Ctrl Pts',(74.0786777972828,-8.74020274629976,-8.5));
#4707=CARTESIAN_POINT('Ctrl Pts',(77.1192368278454,-11.7807620339415,-8.5));
#4708=CARTESIAN_POINT('Ctrl Pts',(80.159795858408,-14.8213213215831,-8.5));
#4709=CARTESIAN_POINT('Ctrl Pts',(79.2405570040047,-15.7405600982649,-8.5));
#4710=CARTESIAN_POINT('Ctrl Pts',(78.3213181496014,-16.6597988749466,-8.5));
#4711=CARTESIAN_POINT('Ctrl Pts',(75.2807591190388,-13.6192395873049,-8.5));
#4712=CARTESIAN_POINT('Ctrl Pts',(72.2402000884762,-10.5786802996632,-8.5));
#4713=CARTESIAN_POINT('Ctrl Pts',(73.1594389428795,-9.65944152298148,-8.5));
#4714=CARTESIAN_POINT('',(73.1594389428795,-9.65944152298148,-7.));
#4715=CARTESIAN_POINT('',(73.1594389428795,-9.65944152298148,0.));
#4716=CARTESIAN_POINT('Origin',(76.1999979734421,-12.7000008106232,-7.));
#4717=CARTESIAN_POINT('Origin',(71.709872226064,-17.1901279418215,-1.));
#4718=CARTESIAN_POINT('',(68.809872226064,-17.1901279418215,-1.));
#4719=CARTESIAN_POINT('Origin',(67.809872226064,-17.1901279418215,-1.));
#4720=CARTESIAN_POINT('',(74.609872226064,-17.1901279418215,-1.));
#4721=CARTESIAN_POINT('Origin',(71.709872226064,-17.1901279418215,-1.));
#4722=CARTESIAN_POINT('Origin',(71.709872226064,-17.1901279418215,-1.));
#4723=CARTESIAN_POINT('Origin',(71.709872226064,-17.1901279418215,0.));
#4724=CARTESIAN_POINT('',(74.609872226064,-17.1901279418215,-2.5));
#4725=CARTESIAN_POINT('',(74.609872226064,-17.1901279418215,0.));
#4726=CARTESIAN_POINT('Origin',(71.709872226064,-17.1901279418215,-2.5));
#4727=CARTESIAN_POINT('Origin',(80.6901289898708,-8.20987246349003,-1.));
#4728=CARTESIAN_POINT('',(77.7901289898708,-8.20987246349003,-1.));
#4729=CARTESIAN_POINT('Origin',(76.7901289898708,-8.20987246349003,-1.));
#4730=CARTESIAN_POINT('',(83.5901289898707,-8.20987246349003,-1.));
#4731=CARTESIAN_POINT('Origin',(80.6901289898708,-8.20987246349003,-1.));
#4732=CARTESIAN_POINT('Origin',(80.6901289898708,-8.20987246349003,-1.));
#4733=CARTESIAN_POINT('Origin',(80.6901289898708,-8.20987246349003,0.));
#4734=CARTESIAN_POINT('',(83.5901289898707,-8.20987246349003,-2.5));
#4735=CARTESIAN_POINT('',(83.5901289898707,-8.20987246349003,0.));
#4736=CARTESIAN_POINT('Origin',(80.6901289898708,-8.20987246349003,-2.5));
#4737=CARTESIAN_POINT('Origin',(71.709872226064,-17.1901279418215,-2.5));
#4738=CARTESIAN_POINT('',(73.259872226064,-17.1901279418215,-2.5));
#4739=CARTESIAN_POINT('Origin',(71.709872226064,-17.1901279418215,-2.5));
#4740=CARTESIAN_POINT('Origin',(80.6901289898708,-8.20987246349003,-2.5));
#4741=CARTESIAN_POINT('',(82.2401289898708,-8.20987246349003,-2.5));
#4742=CARTESIAN_POINT('Origin',(80.6901289898708,-8.20987246349003,-2.5));
#4743=CARTESIAN_POINT('Origin',(71.709872226064,-17.1901279418215,0.));
#4744=CARTESIAN_POINT('',(73.259872226064,-17.1901279418215,-7.));
#4745=CARTESIAN_POINT('Origin',(71.709872226064,-17.1901279418215,-7.));
#4746=CARTESIAN_POINT('',(73.259872226064,-17.1901279418215,0.));
#4747=CARTESIAN_POINT('Origin',(80.6901289898708,-8.20987246349003,0.));
#4748=CARTESIAN_POINT('',(82.2401289898708,-8.20987246349003,-7.));
#4749=CARTESIAN_POINT('Origin',(80.6901289898708,-8.20987246349003,-7.));
#4750=CARTESIAN_POINT('',(82.2401289898708,-8.20987246349003,0.));
#4751=CARTESIAN_POINT('Ctrl Pts',(73.5246669949374,10.0246696059194,-9.));
#4752=CARTESIAN_POINT('Ctrl Pts',(73.5228042977188,10.0479719207366,-9.));
#4753=CARTESIAN_POINT('Ctrl Pts',(73.5237325840696,10.0946262393232,-9.));
#4754=CARTESIAN_POINT('Ctrl Pts',(73.5348613312244,10.187467329554,-9.));
#4755=CARTESIAN_POINT('Ctrl Pts',(73.5709253468827,10.3477739949585,-9.));
#4756=CARTESIAN_POINT('Ctrl Pts',(73.6795586523469,10.6551539481263,-9.));
#4757=CARTESIAN_POINT('Ctrl Pts',(73.9776184601677,11.2433057294625,-9.));
#4758=CARTESIAN_POINT('Ctrl Pts',(74.7210967426657,12.3193927257952,-9.));
#4759=CARTESIAN_POINT('Ctrl Pts',(75.743887160453,13.4233623770161,-9.));
#4760=CARTESIAN_POINT('Ctrl Pts',(76.8876558031537,14.3927687790188,-9.));
#4761=CARTESIAN_POINT('Ctrl Pts',(77.6588892565759,14.9231911704515,-9.));
#4762=CARTESIAN_POINT('Ctrl Pts',(78.2435573406686,15.2200077389617,-9.));
#4763=CARTESIAN_POINT('Ctrl Pts',(78.5528022495686,15.3292806277844,-9.));
#4764=CARTESIAN_POINT('Ctrl Pts',(78.7122091563411,15.3650908123224,-9.));
#4765=CARTESIAN_POINT('Ctrl Pts',(78.8054188841238,15.3762976259227,-9.));
#4766=CARTESIAN_POINT('Ctrl Pts',(78.8519913777396,15.3771975290595,-9.));
#4767=CARTESIAN_POINT('Ctrl Pts',(78.8753289519467,15.3753320153269,-9.));
#4768=CARTESIAN_POINT('Ctrl Pts',(73.3941835180435,10.014239259776,-9.));
#4769=CARTESIAN_POINT('Ctrl Pts',(73.3915308786365,10.0474237397542,-9.));
#4770=CARTESIAN_POINT('Ctrl Pts',(73.3929570780573,10.104901217685,-9.));
#4771=CARTESIAN_POINT('Ctrl Pts',(73.4058071460145,10.2118737328247,-9.));
#4772=CARTESIAN_POINT('Ctrl Pts',(73.4454218970346,10.386640124462,-9.));
#4773=CARTESIAN_POINT('Ctrl Pts',(73.5598619485511,10.709701486436,-9.));
#4774=CARTESIAN_POINT('Ctrl Pts',(73.8661705466805,11.3131610343082,-9.));
#4775=CARTESIAN_POINT('Ctrl Pts',(74.6202238021684,12.4038418148268,-9.));
#4776=CARTESIAN_POINT('Ctrl Pts',(75.6518809627323,13.5171959212221,-9.));
#4777=CARTESIAN_POINT('Ctrl Pts',(76.8073066364044,14.4966997615045,-9.));
#4778=CARTESIAN_POINT('Ctrl Pts',(77.589088741859,15.0346553949754,-9.));
#4779=CARTESIAN_POINT('Ctrl Pts',(78.1889303800586,15.3396903818951,-9.));
#4780=CARTESIAN_POINT('Ctrl Pts',(78.5139532875894,15.4547972270393,-9.));
#4781=CARTESIAN_POINT('Ctrl Pts',(78.6877485313303,15.4941418547927,-9.));
#4782=CARTESIAN_POINT('Ctrl Pts',(78.7951292975698,15.5070768532273,-9.));
#4783=CARTESIAN_POINT('Ctrl Pts',(78.8525245947067,15.5084721434652,-9.));
#4784=CARTESIAN_POINT('Ctrl Pts',(78.8857592870578,15.5058154931027,-9.));
#4785=CARTESIAN_POINT('Ctrl Pts',(73.1343891933416,9.99347230293787,-8.8915227121532));
#4786=CARTESIAN_POINT('Ctrl Pts',(73.1301705229658,10.0462478073106,-8.8915227121532));
#4787=CARTESIAN_POINT('Ctrl Pts',(73.1325845027363,10.1251841545573,-8.8915227121532));
#4788=CARTESIAN_POINT('Ctrl Pts',(73.1488486344377,10.2601761979701,-8.89152271215319));
#4789=CARTESIAN_POINT('Ctrl Pts',(73.1955057473619,10.4636189486744,-8.8915227121532));
#4790=CARTESIAN_POINT('Ctrl Pts',(73.3214775735594,10.8178147485762,-8.8915227121532));
#4791=CARTESIAN_POINT('Ctrl Pts',(73.6441758790388,11.4517261893797,-8.89152271215319));
#4792=CARTESIAN_POINT('Ctrl Pts',(74.419381950388,12.5716276768638,-8.89152271215319));
#4793=CARTESIAN_POINT('Ctrl Pts',(75.46882658371,13.7038889892469,-8.8915227121532));
#4794=CARTESIAN_POINT('Ctrl Pts',(76.6477772205144,14.703691478301,-8.89152271215319));
#4795=CARTESIAN_POINT('Ctrl Pts',(77.4506090623936,15.2566672094444,-8.8915227121532));
#4796=CARTESIAN_POINT('Ctrl Pts',(78.0806634040657,15.5780496751053,-8.8915227121532));
#4797=CARTESIAN_POINT('Ctrl Pts',(78.4370075846972,15.7047388703821,-8.8915227121532));
#4798=CARTESIAN_POINT('Ctrl Pts',(78.6393386735366,15.7510942251885,-8.8915227121532));
#4799=CARTESIAN_POINT('Ctrl Pts',(78.7748173167961,15.7674567548839,-8.8915227121532));
#4800=CARTESIAN_POINT('Ctrl Pts',(78.853670861453,15.7698348688279,-8.8915227121532));
#4801=CARTESIAN_POINT('Ctrl Pts',(78.9065262219303,15.7656098195605,-8.8915227121532));
#4802=CARTESIAN_POINT('Ctrl Pts',(73.0262568267897,9.98482861839409,-8.63089969389957));
#4803=CARTESIAN_POINT('Ctrl Pts',(73.0213759910293,10.0458878019928,-8.63089969389957));
#4804=CARTESIAN_POINT('Ctrl Pts',(73.0242065784811,10.1338939804934,-8.63089969389958));
#4805=CARTESIAN_POINT('Ctrl Pts',(73.0419118037785,10.2807265994721,-8.63089969389957));
#4806=CARTESIAN_POINT('Ctrl Pts',(73.0915417770658,10.4962784444751,-8.63089969389957));
#4807=CARTESIAN_POINT('Ctrl Pts',(73.2223586363661,10.8635670876502,-8.63089969389958));
#4808=CARTESIAN_POINT('Ctrl Pts',(73.5519304071377,11.5101932472775,-8.63089969389957));
#4809=CARTESIAN_POINT('Ctrl Pts',(74.3357907809938,12.6420053806048,-8.63089969389957));
#4810=CARTESIAN_POINT('Ctrl Pts',(75.3924341923787,13.7817952461351,-8.63089969389958));
#4811=CARTESIAN_POINT('Ctrl Pts',(76.5806928837916,14.7897485110131,-8.63089969389957));
#4812=CARTESIAN_POINT('Ctrl Pts',(77.3922137541572,15.3489433009564,-8.63089969389958));
#4813=CARTESIAN_POINT('Ctrl Pts',(78.034840319149,15.6771537092315,-8.63089969389957));
#4814=CARTESIAN_POINT('Ctrl Pts',(78.4043634977687,15.8087145041351,-8.63089969389958));
#4815=CARTESIAN_POINT('Ctrl Pts',(78.6187427094151,15.8580283219566,-8.63089969389958));
#4816=CARTESIAN_POINT('Ctrl Pts',(78.7660953390015,15.8758378553834,-8.63089969389958));
#4817=CARTESIAN_POINT('Ctrl Pts',(78.8540183233595,15.8786304027305,-8.63089969389957));
#4818=CARTESIAN_POINT('Ctrl Pts',(78.9151698973315,15.8737421868432,-8.63089969389957));
#4819=CARTESIAN_POINT('Ctrl Pts',(73.0262568267897,9.98482861839409,-8.5));
#4820=CARTESIAN_POINT('Ctrl Pts',(73.0213823261709,10.0458085494643,-8.5));
#4821=CARTESIAN_POINT('Ctrl Pts',(73.0242095641233,10.1337301414808,-8.5));
#4822=CARTESIAN_POINT('Ctrl Pts',(73.0419024943265,10.2804536550115,-8.5));
#4823=CARTESIAN_POINT('Ctrl Pts',(73.091506956672,10.4958993758148,-8.5));
#4824=CARTESIAN_POINT('Ctrl Pts',(73.2222961156254,10.8631059928894,-8.5));
#4825=CARTESIAN_POINT('Ctrl Pts',(73.5518362376489,11.5097076984232,-8.5));
#4826=CARTESIAN_POINT('Ctrl Pts',(74.3357884400376,12.6416739250342,-8.5));
#4827=CARTESIAN_POINT('Ctrl Pts',(75.392557225929,13.7816726046709,-8.5));
#4828=CARTESIAN_POINT('Ctrl Pts',(76.5811119863074,14.7898083127001,-8.5));
#4829=CARTESIAN_POINT('Ctrl Pts',(77.3926771562559,15.3490230931647,-8.5));
#4830=CARTESIAN_POINT('Ctrl Pts',(78.0353055567622,15.6772189627202,-8.5));
#4831=CARTESIAN_POINT('Ctrl Pts',(78.4047415727368,15.8087486801937,-8.5));
#4832=CARTESIAN_POINT('Ctrl Pts',(78.6190161824504,15.8580377402608,-8.5));
#4833=CARTESIAN_POINT('Ctrl Pts',(78.7662592166589,15.8758347920742,-8.5));
#4834=CARTESIAN_POINT('Ctrl Pts',(78.8540976958072,15.8786240580097,-8.5));
#4835=CARTESIAN_POINT('Ctrl Pts',(78.9151698973315,15.8737421868432,-8.5));
#4836=CARTESIAN_POINT('',(73.0262568267897,9.98482861839409,-8.5));
#4837=CARTESIAN_POINT('',(73.5246669949374,10.0246696059194,-9.));
#4838=CARTESIAN_POINT('Ctrl Pts',(73.0262568267897,9.98482861839409,-8.5));
#4839=CARTESIAN_POINT('Ctrl Pts',(73.0262568267897,9.98482861839409,-8.63089969389957));
#4840=CARTESIAN_POINT('Ctrl Pts',(73.1343891933416,9.99347230293787,-8.8915227121532));
#4841=CARTESIAN_POINT('Ctrl Pts',(73.3941835180435,10.014239259776,-9.));
#4842=CARTESIAN_POINT('Ctrl Pts',(73.5246669949374,10.0246696059194,-9.));
#4843=CARTESIAN_POINT('',(78.9151698973315,15.8737421868432,-8.5));
#4844=CARTESIAN_POINT('Ctrl Pts',(78.9151698973315,15.8737421868432,-8.5));
#4845=CARTESIAN_POINT('Ctrl Pts',(78.8540976958072,15.8786240580097,-8.5));
#4846=CARTESIAN_POINT('Ctrl Pts',(78.7662592166589,15.8758347920742,-8.5));
#4847=CARTESIAN_POINT('Ctrl Pts',(78.6190161824504,15.8580377402608,-8.5));
#4848=CARTESIAN_POINT('Ctrl Pts',(78.4047415727368,15.8087486801937,-8.5));
#4849=CARTESIAN_POINT('Ctrl Pts',(78.0353055567622,15.6772189627202,-8.5));
#4850=CARTESIAN_POINT('Ctrl Pts',(77.3926771562559,15.3490230931647,-8.5));
#4851=CARTESIAN_POINT('Ctrl Pts',(76.5811119863074,14.7898083127001,-8.5));
#4852=CARTESIAN_POINT('Ctrl Pts',(75.392557225929,13.7816726046709,-8.5));
#4853=CARTESIAN_POINT('Ctrl Pts',(74.3357884400376,12.6416739250342,-8.5));
#4854=CARTESIAN_POINT('Ctrl Pts',(73.5518362376489,11.5097076984232,-8.5));
#4855=CARTESIAN_POINT('Ctrl Pts',(73.2222961156254,10.8631059928894,-8.5));
#4856=CARTESIAN_POINT('Ctrl Pts',(73.091506956672,10.4958993758148,-8.5));
#4857=CARTESIAN_POINT('Ctrl Pts',(73.0419024943265,10.2804536550115,-8.5));
#4858=CARTESIAN_POINT('Ctrl Pts',(73.0242095641233,10.1337301414808,-8.5));
#4859=CARTESIAN_POINT('Ctrl Pts',(73.0213823261709,10.0458085494643,-8.5));
#4860=CARTESIAN_POINT('Ctrl Pts',(73.0262568267897,9.98482861839409,-8.5));
#4861=CARTESIAN_POINT('',(78.8753289519467,15.3753320153269,-9.));
#4862=CARTESIAN_POINT('Ctrl Pts',(78.8753289519467,15.3753320153269,-9.));
#4863=CARTESIAN_POINT('Ctrl Pts',(78.8857592870578,15.5058154931027,-9.));
#4864=CARTESIAN_POINT('Ctrl Pts',(78.9065262219303,15.7656098195605,-8.8915227121532));
#4865=CARTESIAN_POINT('Ctrl Pts',(78.9151698973315,15.8737421868432,-8.63089969389957));
#4866=CARTESIAN_POINT('Ctrl Pts',(78.9151698973315,15.8737421868432,-8.5));
#4867=CARTESIAN_POINT('Ctrl Pts',(73.5246669949374,10.0246696059194,-9.));
#4868=CARTESIAN_POINT('Ctrl Pts',(73.5228042977188,10.0479719207366,-9.));
#4869=CARTESIAN_POINT('Ctrl Pts',(73.5237325840696,10.0946262393232,-9.));
#4870=CARTESIAN_POINT('Ctrl Pts',(73.5348613312244,10.187467329554,-9.));
#4871=CARTESIAN_POINT('Ctrl Pts',(73.5709253468827,10.3477739949585,-9.));
#4872=CARTESIAN_POINT('Ctrl Pts',(73.6795586523469,10.6551539481263,-9.));
#4873=CARTESIAN_POINT('Ctrl Pts',(73.9776184601677,11.2433057294625,-9.));
#4874=CARTESIAN_POINT('Ctrl Pts',(74.7210967426657,12.3193927257952,-9.));
#4875=CARTESIAN_POINT('Ctrl Pts',(75.743887160453,13.4233623770161,-9.));
#4876=CARTESIAN_POINT('Ctrl Pts',(76.8876558031537,14.3927687790188,-9.));
#4877=CARTESIAN_POINT('Ctrl Pts',(77.6588892565759,14.9231911704515,-9.));
#4878=CARTESIAN_POINT('Ctrl Pts',(78.2435573406686,15.2200077389617,-9.));
#4879=CARTESIAN_POINT('Ctrl Pts',(78.5528022495686,15.3292806277844,-9.));
#4880=CARTESIAN_POINT('Ctrl Pts',(78.7122091563411,15.3650908123224,-9.));
#4881=CARTESIAN_POINT('Ctrl Pts',(78.8054188841238,15.3762976259227,-9.));
#4882=CARTESIAN_POINT('Ctrl Pts',(78.8519913777396,15.3771975290595,-9.));
#4883=CARTESIAN_POINT('Ctrl Pts',(78.8753289519467,15.3753320153269,-9.));
#4884=CARTESIAN_POINT('Ctrl Pts',(73.4848260495526,9.52625943440319,-8.5));
#4885=CARTESIAN_POINT('Ctrl Pts',(73.5459999849093,9.52136943103487,-8.5));
#4886=CARTESIAN_POINT('Ctrl Pts',(73.6342156698999,9.52426537527874,-8.5));
#4887=CARTESIAN_POINT('Ctrl Pts',(73.7806920591657,9.54198166994406,-8.5));
#4888=CARTESIAN_POINT('Ctrl Pts',(73.9954635612838,9.59162604159422,-8.5));
#4889=CARTESIAN_POINT('Ctrl Pts',(74.3656844678881,9.7228786828392,-8.49999999999999));
#4890=CARTESIAN_POINT('Ctrl Pts',(75.3682261471057,10.2439742505804,-8.50000000000001));
#4891=CARTESIAN_POINT('Ctrl Pts',(76.7340833036995,11.3367954052955,-8.49999999999999));
#4892=CARTESIAN_POINT('Ctrl Pts',(78.065081083817,12.7546791253191,-8.50000000000001));
#4893=CARTESIAN_POINT('Ctrl Pts',(78.8471328855777,13.8920078361285,-8.49999999999999));
#4894=CARTESIAN_POINT('Ctrl Pts',(79.1768006097722,14.5350240560451,-8.5));
#4895=CARTESIAN_POINT('Ctrl Pts',(79.3084516038006,14.9044686038752,-8.49999999999999));
#4896=CARTESIAN_POINT('Ctrl Pts',(79.3579586811523,15.1191120252043,-8.5));
#4897=CARTESIAN_POINT('Ctrl Pts',(79.3757439802393,15.2657650764911,-8.5));
#4898=CARTESIAN_POINT('Ctrl Pts',(79.3786272988419,15.3540219585935,-8.5));
#4899=CARTESIAN_POINT('Ctrl Pts',(79.3737391200944,15.4151730028523,-8.5));
#4900=CARTESIAN_POINT('Ctrl Pts',(73.4848260495526,9.52625943440319,-8.63089969389957));
#4901=CARTESIAN_POINT('Ctrl Pts',(73.5460794895754,9.52136307574511,-8.63089969389957));
#4902=CARTESIAN_POINT('Ctrl Pts',(73.6343673629959,9.52426150152381,-8.63089969389958));
#4903=CARTESIAN_POINT('Ctrl Pts',(73.7809365285733,9.54198915875469,-8.63089969389958));
#4904=CARTESIAN_POINT('Ctrl Pts',(73.9957641482564,9.59165246436505,-8.63089969389957));
#4905=CARTESIAN_POINT('Ctrl Pts',(74.3660081703757,9.72293560874542,-8.63089969389957));
#4906=CARTESIAN_POINT('Ctrl Pts',(75.3682485256032,10.2439839546433,-8.63089969389958));
#4907=CARTESIAN_POINT('Ctrl Pts',(76.7340987207855,11.3368035180441,-8.63089969389957));
#4908=CARTESIAN_POINT('Ctrl Pts',(78.0650742472747,12.7546682281908,-8.63089969389959));
#4909=CARTESIAN_POINT('Ctrl Pts',(78.8470957016954,13.8918724048814,-8.63089969389957));
#4910=CARTESIAN_POINT('Ctrl Pts',(79.1767483470973,14.5347115966669,-8.63089969389958));
#4911=CARTESIAN_POINT('Ctrl Pts',(79.3084248199674,14.9041681176458,-8.63089969389957));
#4912=CARTESIAN_POINT('Ctrl Pts',(79.3579513882783,15.1188681034638,-8.63089969389957));
#4913=CARTESIAN_POINT('Ctrl Pts',(79.3757478305309,15.2656134136529,-8.63089969389957));
#4914=CARTESIAN_POINT('Ctrl Pts',(79.3786336517603,15.3539424836779,-8.63089969389957));
#4915=CARTESIAN_POINT('Ctrl Pts',(79.3737391200944,15.4151730028523,-8.63089969389957));
#4916=CARTESIAN_POINT('Ctrl Pts',(73.4934697249538,9.6343918016859,-8.89152271215318));
#4917=CARTESIAN_POINT('Ctrl Pts',(73.5464131316822,9.63015971434801,-8.89152271215318));
#4918=CARTESIAN_POINT('Ctrl Pts',(73.6256333269502,9.6326349387306,-8.89152271215318));
#4919=CARTESIAN_POINT('Ctrl Pts',(73.7604217490564,9.64891749450682,-8.89152271215318));
#4920=CARTESIAN_POINT('Ctrl Pts',(73.9632787140585,9.69561897394281,-8.89152271215318));
#4921=CARTESIAN_POINT('Ctrl Pts',(74.3203667527929,9.82197110633167,-8.89152271215317));
#4922=CARTESIAN_POINT('Ctrl Pts',(75.3044501205079,10.3327130515925,-8.89152271215318));
#4923=CARTESIAN_POINT('Ctrl Pts',(76.6607357455356,11.4167475836146,-8.89152271215318));
#4924=CARTESIAN_POINT('Ctrl Pts',(77.9812151011292,12.8243743938461,-8.89152271215318));
#4925=CARTESIAN_POINT('Ctrl Pts',(78.7549276132652,13.9496456288605,-8.89152271215318));
#4926=CARTESIAN_POINT('Ctrl Pts',(79.0776543322063,14.5802325977557,-8.89152271215318));
#4927=CARTESIAN_POINT('Ctrl Pts',(79.2044694955887,14.9366675713233,-8.89152271215317));
#4928=CARTESIAN_POINT('Ctrl Pts',(79.2510244620571,15.1393908124271,-8.89152271215317));
#4929=CARTESIAN_POINT('Ctrl Pts',(79.2673755456153,15.2743506218312,-8.89152271215318));
#4930=CARTESIAN_POINT('Ctrl Pts',(79.2698372617497,15.3536057228397,-8.89152271215318));
#4931=CARTESIAN_POINT('Ctrl Pts',(79.2656067535426,15.4065293183085,-8.89152271215318));
#4932=CARTESIAN_POINT('Ctrl Pts',(73.5142366598263,9.89418612814361,-9.));
#4933=CARTESIAN_POINT('Ctrl Pts',(73.5475267143969,9.8915250523434,-9.));
#4934=CARTESIAN_POINT('Ctrl Pts',(73.6052445615022,9.89299324857006,-9.));
#4935=CARTESIAN_POINT('Ctrl Pts',(73.71209312749,9.90584845210735,-9.));
#4936=CARTESIAN_POINT('Ctrl Pts',(73.886410109258,9.94550827087338,-9.));
#4937=CARTESIAN_POINT('Ctrl Pts',(74.2119808384067,10.0601330578369,-8.99999999999999));
#4938=CARTESIAN_POINT('Ctrl Pts',(75.1512585434873,10.5459279682572,-9.00000000000001));
#4939=CARTESIAN_POINT('Ctrl Pts',(76.4845374126155,11.6088497048642,-8.99999999999999));
#4940=CARTESIAN_POINT('Ctrl Pts',(77.7797117782116,12.9918047651692,-9.00000000000001));
#4941=CARTESIAN_POINT('Ctrl Pts',(78.5333424838811,14.0879177207134,-8.99999999999999));
#4942=CARTESIAN_POINT('Ctrl Pts',(78.8393700886689,14.6883733241082,-9.));
#4943=CARTESIAN_POINT('Ctrl Pts',(78.9546056548896,15.0135702540735,-8.99999999999999));
#4944=CARTESIAN_POINT('Ctrl Pts',(78.9940976598212,15.187740634078,-8.99999999999999));
#4945=CARTESIAN_POINT('Ctrl Pts',(79.0070199121492,15.2947471272488,-9.));
#4946=CARTESIAN_POINT('Ctrl Pts',(79.0084725117061,15.3524847639356,-9.));
#4947=CARTESIAN_POINT('Ctrl Pts',(79.0058124288407,15.3857623614704,-9.));
#4948=CARTESIAN_POINT('Ctrl Pts',(73.5246669949374,10.0246696059194,-9.));
#4949=CARTESIAN_POINT('Ctrl Pts',(73.5480434447836,10.0228009846215,-9.));
#4950=CARTESIAN_POINT('Ctrl Pts',(73.5949229340612,10.0237620652243,-9.));
#4951=CARTESIAN_POINT('Ctrl Pts',(73.6876888351543,10.034889773084,-9.));
#4952=CARTESIAN_POINT('Ctrl Pts',(73.8476413645609,10.0710027306118,-9.));
#4953=CARTESIAN_POINT('Ctrl Pts',(74.1573699311689,10.1797210439068,-8.99999999999999));
#4954=CARTESIAN_POINT('Ctrl Pts',(75.0743050423931,10.6530114223516,-9.00000000000001));
#4955=CARTESIAN_POINT('Ctrl Pts',(76.3960323387599,11.7053299651606,-8.99999999999999));
#4956=CARTESIAN_POINT('Ctrl Pts',(77.6785090166627,13.0759036499259,-9.00000000000001));
#4957=CARTESIAN_POINT('Ctrl Pts',(78.4220697484223,14.1574383472105,-8.99999999999999));
#4958=CARTESIAN_POINT('Ctrl Pts',(78.719718183464,14.7428550633783,-9.));
#4959=CARTESIAN_POINT('Ctrl Pts',(78.8291241740638,15.0523560607067,-8.99999999999999));
#4960=CARTESIAN_POINT('Ctrl Pts',(78.8650583209823,15.2121552810296,-8.99999999999999));
#4961=CARTESIAN_POINT('Ctrl Pts',(78.8762524522863,15.3050726259397,-9.));
#4962=CARTESIAN_POINT('Ctrl Pts',(78.8771968760007,15.3519643128762,-9.));
#4963=CARTESIAN_POINT('Ctrl Pts',(78.8753289519467,15.3753320153269,-9.));
#4964=CARTESIAN_POINT('',(73.4848260495526,9.52625943440319,-8.5));
#4965=CARTESIAN_POINT('Origin',(73.5246669949374,10.0246696059194,-8.5));
#4966=CARTESIAN_POINT('Ctrl Pts',(78.8753289519467,15.3753320153269,-9.));
#4967=CARTESIAN_POINT('Ctrl Pts',(78.8771968760007,15.3519643128762,-9.));
#4968=CARTESIAN_POINT('Ctrl Pts',(78.8762524522863,15.3050726259397,-9.));
#4969=CARTESIAN_POINT('Ctrl Pts',(78.8650583209823,15.2121552810296,-8.99999999999999));
#4970=CARTESIAN_POINT('Ctrl Pts',(78.8291241740638,15.0523560607067,-8.99999999999999));
#4971=CARTESIAN_POINT('Ctrl Pts',(78.719718183464,14.7428550633783,-9.));
#4972=CARTESIAN_POINT('Ctrl Pts',(78.4220697484223,14.1574383472105,-8.99999999999999));
#4973=CARTESIAN_POINT('Ctrl Pts',(77.6785090166627,13.0759036499259,-9.00000000000001));
#4974=CARTESIAN_POINT('Ctrl Pts',(76.3960323387599,11.7053299651606,-8.99999999999999));
#4975=CARTESIAN_POINT('Ctrl Pts',(75.0743050423931,10.6530114223516,-9.00000000000001));
#4976=CARTESIAN_POINT('Ctrl Pts',(74.1573699311689,10.1797210439068,-8.99999999999999));
#4977=CARTESIAN_POINT('Ctrl Pts',(73.8476413645609,10.0710027306118,-9.));
#4978=CARTESIAN_POINT('Ctrl Pts',(73.6876888351543,10.034889773084,-9.));
#4979=CARTESIAN_POINT('Ctrl Pts',(73.5949229340612,10.0237620652243,-9.));
#4980=CARTESIAN_POINT('Ctrl Pts',(73.5480434447836,10.0228009846215,-9.));
#4981=CARTESIAN_POINT('Ctrl Pts',(73.5246669949374,10.0246696059194,-9.));
#4982=CARTESIAN_POINT('',(79.3737391200944,15.4151730028523,-8.5));
#4983=CARTESIAN_POINT('Origin',(78.8753289519467,15.3753320153269,-8.5));
#4984=CARTESIAN_POINT('Ctrl Pts',(73.4848260495526,9.52625943440319,-8.5));
#4985=CARTESIAN_POINT('Ctrl Pts',(73.5459999849093,9.52136943103487,-8.5));
#4986=CARTESIAN_POINT('Ctrl Pts',(73.6342156698999,9.52426537527874,-8.5));
#4987=CARTESIAN_POINT('Ctrl Pts',(73.7806920591657,9.54198166994406,-8.5));
#4988=CARTESIAN_POINT('Ctrl Pts',(73.9954635612838,9.59162604159422,-8.5));
#4989=CARTESIAN_POINT('Ctrl Pts',(74.3656844678881,9.7228786828392,-8.49999999999999));
#4990=CARTESIAN_POINT('Ctrl Pts',(75.3682261471057,10.2439742505804,-8.50000000000001));
#4991=CARTESIAN_POINT('Ctrl Pts',(76.7340833036995,11.3367954052955,-8.49999999999999));
#4992=CARTESIAN_POINT('Ctrl Pts',(78.065081083817,12.7546791253191,-8.50000000000001));
#4993=CARTESIAN_POINT('Ctrl Pts',(78.8471328855777,13.8920078361285,-8.49999999999999));
#4994=CARTESIAN_POINT('Ctrl Pts',(79.1768006097722,14.5350240560451,-8.5));
#4995=CARTESIAN_POINT('Ctrl Pts',(79.3084516038006,14.9044686038752,-8.49999999999999));
#4996=CARTESIAN_POINT('Ctrl Pts',(79.3579586811523,15.1191120252043,-8.5));
#4997=CARTESIAN_POINT('Ctrl Pts',(79.3757439802393,15.2657650764911,-8.5));
#4998=CARTESIAN_POINT('Ctrl Pts',(79.3786272988419,15.3540219585935,-8.5));
#4999=CARTESIAN_POINT('Ctrl Pts',(79.3737391200944,15.4151730028523,-8.5));
#5000=CARTESIAN_POINT('Ctrl Pts',(79.3737391200944,15.4151730028523,-8.5));
#5001=CARTESIAN_POINT('Ctrl Pts',(79.3515918538867,15.6922349774727,-8.5));
#5002=CARTESIAN_POINT('Ctrl Pts',(79.1922318738245,15.851594944061,-8.5));
#5003=CARTESIAN_POINT('Ctrl Pts',(78.9151698973315,15.8737421868432,-8.5));
#5004=CARTESIAN_POINT('Ctrl Pts',(79.3737391200944,15.4151730028523,-8.64959965017094));
#5005=CARTESIAN_POINT('Ctrl Pts',(79.3574220296665,15.6710329820948,-8.64524809473971));
#5006=CARTESIAN_POINT('Ctrl Pts',(79.1710298779536,15.8574251180482,-8.64524809473971));
#5007=CARTESIAN_POINT('Ctrl Pts',(78.9151698973315,15.8737421868432,-8.64959965017094));
#5008=CARTESIAN_POINT('Ctrl Pts',(79.2485073237621,15.4051624558083,-8.90851996839571));
#5009=CARTESIAN_POINT('Ctrl Pts',(79.2244441325468,15.5473947450163,-8.93305712080451));
#5010=CARTESIAN_POINT('Ctrl Pts',(79.0473916521184,15.7244472104748,-8.93305712080451));
#5011=CARTESIAN_POINT('Ctrl Pts',(78.9051593608758,15.7485103896644,-8.90851996839571));
#5012=CARTESIAN_POINT('Ctrl Pts',(78.9871719321415,15.3842723120213,-9.));
#5013=CARTESIAN_POINT('Ctrl Pts',(78.9548154952799,15.4123663087909,-9.00344629632249));
#5014=CARTESIAN_POINT('Ctrl Pts',(78.9123632386901,15.4548185617913,-9.00344629632249));
#5015=CARTESIAN_POINT('Ctrl Pts',(78.8842692391848,15.4871749962776,-9.));
#5016=CARTESIAN_POINT('Ctrl Pts',(78.8753289519467,15.3753320153269,-9.));
#5017=CARTESIAN_POINT('Ctrl Pts',(78.8753289519467,15.3753320153269,-9.));
#5018=CARTESIAN_POINT('Ctrl Pts',(78.8753289519467,15.3753320153269,-9.));
#5019=CARTESIAN_POINT('Ctrl Pts',(78.8753289519467,15.3753320153269,-9.));
#5020=CARTESIAN_POINT('Ctrl Pts',(79.3737391200944,15.4151730028523,-8.5));
#5021=CARTESIAN_POINT('Ctrl Pts',(79.3515918538867,15.6922349774727,-8.5));
#5022=CARTESIAN_POINT('Ctrl Pts',(79.1922318738245,15.851594944061,-8.5));
#5023=CARTESIAN_POINT('Ctrl Pts',(78.9151698973315,15.8737421868432,-8.5));
#5024=CARTESIAN_POINT('Ctrl Pts',(73.0262568267897,9.98482861839409,-8.5));
#5025=CARTESIAN_POINT('Ctrl Pts',(73.0484040929974,9.70776664377366,-8.5));
#5026=CARTESIAN_POINT('Ctrl Pts',(73.2077640730596,9.54840667718534,-8.5));
#5027=CARTESIAN_POINT('Ctrl Pts',(73.4848260495526,9.52625943440319,-8.5));
#5028=CARTESIAN_POINT('Ctrl Pts',(73.0262568267897,9.98482861839409,-8.64959965017094));
#5029=CARTESIAN_POINT('Ctrl Pts',(73.0425739172176,9.7289686391516,-8.64524809473971));
#5030=CARTESIAN_POINT('Ctrl Pts',(73.2289660689305,9.54257650319818,-8.64524809473971));
#5031=CARTESIAN_POINT('Ctrl Pts',(73.4848260495526,9.52625943440319,-8.64959965017094));
#5032=CARTESIAN_POINT('Ctrl Pts',(73.1514837523805,9.99483877608979,-8.90852583124058));
#5033=CARTESIAN_POINT('Ctrl Pts',(73.1755469435958,9.85260648688172,-8.93306298364938));
#5034=CARTESIAN_POINT('Ctrl Pts',(73.3526039054178,9.67554954002988,-8.93306298364939));
#5035=CARTESIAN_POINT('Ctrl Pts',(73.4948361966604,9.65148636084034,-8.90852583124058));
#5036=CARTESIAN_POINT('Ctrl Pts',(73.4128240147426,10.0157293092251,-9.));
#5037=CARTESIAN_POINT('Ctrl Pts',(73.4451804516043,9.98763531245545,-9.00344629632249));
#5038=CARTESIAN_POINT('Ctrl Pts',(73.487632708194,9.94518305945504,-9.00344629632249));
#5039=CARTESIAN_POINT('Ctrl Pts',(73.5157267076993,9.91282662496873,-9.));
#5040=CARTESIAN_POINT('Ctrl Pts',(73.5246669949374,10.0246696059194,-9.));
#5041=CARTESIAN_POINT('Ctrl Pts',(73.5246669949374,10.0246696059194,-9.));
#5042=CARTESIAN_POINT('Ctrl Pts',(73.5246669949374,10.0246696059194,-9.));
#5043=CARTESIAN_POINT('Ctrl Pts',(73.5246669949374,10.0246696059194,-9.));
#5044=CARTESIAN_POINT('',(73.1599484218142,9.65995100195928,-8.5));
#5045=CARTESIAN_POINT('Ctrl Pts',(73.1599484218142,9.65995100195928,-8.5));
#5046=CARTESIAN_POINT('Ctrl Pts',(73.2371895721673,9.58270985813688,-8.5));
#5047=CARTESIAN_POINT('Ctrl Pts',(73.3462950613061,9.53733305579427,-8.5));
#5048=CARTESIAN_POINT('Ctrl Pts',(73.4848260495526,9.52625943440319,-8.5));
#5049=CARTESIAN_POINT('Ctrl Pts',(73.0262568267897,9.98482861839409,-8.5));
#5050=CARTESIAN_POINT('Ctrl Pts',(73.0373304598936,9.84629763108387,-8.5));
#5051=CARTESIAN_POINT('Ctrl Pts',(73.0827072714611,9.73719214578168,-8.5));
#5052=CARTESIAN_POINT('Ctrl Pts',(73.1599484218142,9.65995100195928,-8.5));
#5053=CARTESIAN_POINT('Origin',(76.1999979734421,12.7000008106232,-9.));
#5054=CARTESIAN_POINT('Ctrl Pts',(73.1594389428795,9.65944152298148,-7.));
#5055=CARTESIAN_POINT('Ctrl Pts',(74.0786777972828,8.74020274629976,-7.));
#5056=CARTESIAN_POINT('Ctrl Pts',(77.1192368278454,11.7807620339415,-7.));
#5057=CARTESIAN_POINT('Ctrl Pts',(80.159795858408,14.8213213215831,-7.));
#5058=CARTESIAN_POINT('Ctrl Pts',(79.2405570040047,15.7405600982649,-7.));
#5059=CARTESIAN_POINT('Ctrl Pts',(78.3213181496014,16.6597988749466,-7.));
#5060=CARTESIAN_POINT('Ctrl Pts',(75.2807591190388,13.6192395873049,-7.));
#5061=CARTESIAN_POINT('Ctrl Pts',(72.2402000884762,10.5786802996632,-7.));
#5062=CARTESIAN_POINT('Ctrl Pts',(73.1594389428795,9.65944152298148,-7.));
#5063=CARTESIAN_POINT('Ctrl Pts',(73.1594389428795,9.65944152298148,-8.5));
#5064=CARTESIAN_POINT('Ctrl Pts',(74.0786777972828,8.74020274629976,-8.5));
#5065=CARTESIAN_POINT('Ctrl Pts',(77.1192368278454,11.7807620339415,-8.5));
#5066=CARTESIAN_POINT('Ctrl Pts',(80.159795858408,14.8213213215831,-8.5));
#5067=CARTESIAN_POINT('Ctrl Pts',(79.2405570040047,15.7405600982649,-8.5));
#5068=CARTESIAN_POINT('Ctrl Pts',(78.3213181496014,16.6597988749466,-8.5));
#5069=CARTESIAN_POINT('Ctrl Pts',(75.2807591190388,13.6192395873049,-8.5));
#5070=CARTESIAN_POINT('Ctrl Pts',(72.2402000884762,10.5786802996632,-8.5));
#5071=CARTESIAN_POINT('Ctrl Pts',(73.1594389428795,9.65944152298148,-8.5));
#5072=CARTESIAN_POINT('',(73.1594389428795,9.65944152298148,-7.));
#5073=CARTESIAN_POINT('',(73.1594389428795,9.65944152298148,0.));
#5074=CARTESIAN_POINT('Origin',(76.1999979734421,12.7000008106232,-7.));
#5075=CARTESIAN_POINT('Origin',(71.709872226064,17.1901279418215,-1.));
#5076=CARTESIAN_POINT('',(68.809872226064,17.1901279418215,-1.));
#5077=CARTESIAN_POINT('Origin',(67.809872226064,17.1901279418215,-1.));
#5078=CARTESIAN_POINT('',(74.609872226064,17.1901279418215,-1.));
#5079=CARTESIAN_POINT('Origin',(71.709872226064,17.1901279418215,-1.));
#5080=CARTESIAN_POINT('Origin',(71.709872226064,17.1901279418215,-1.));
#5081=CARTESIAN_POINT('Origin',(71.709872226064,17.1901279418215,0.));
#5082=CARTESIAN_POINT('',(74.609872226064,17.1901279418215,-2.5));
#5083=CARTESIAN_POINT('',(74.609872226064,17.1901279418215,0.));
#5084=CARTESIAN_POINT('Origin',(71.709872226064,17.1901279418215,-2.5));
#5085=CARTESIAN_POINT('Origin',(80.6901289898708,8.20987246349003,-1.));
#5086=CARTESIAN_POINT('',(77.7901289898708,8.20987246349003,-1.));
#5087=CARTESIAN_POINT('Origin',(76.7901289898708,8.20987246349003,-1.));
#5088=CARTESIAN_POINT('',(83.5901289898707,8.20987246349003,-1.));
#5089=CARTESIAN_POINT('Origin',(80.6901289898708,8.20987246349003,-1.));
#5090=CARTESIAN_POINT('Origin',(80.6901289898708,8.20987246349003,-1.));
#5091=CARTESIAN_POINT('Origin',(80.6901289898708,8.20987246349003,0.));
#5092=CARTESIAN_POINT('',(83.5901289898707,8.20987246349003,-2.5));
#5093=CARTESIAN_POINT('',(83.5901289898707,8.20987246349003,0.));
#5094=CARTESIAN_POINT('Origin',(80.6901289898708,8.20987246349003,-2.5));
#5095=CARTESIAN_POINT('Origin',(71.709872226064,17.1901279418215,-2.5));
#5096=CARTESIAN_POINT('',(73.259872226064,17.1901279418215,-2.5));
#5097=CARTESIAN_POINT('Origin',(71.709872226064,17.1901279418215,-2.5));
#5098=CARTESIAN_POINT('Origin',(80.6901289898708,8.20987246349003,-2.5));
#5099=CARTESIAN_POINT('',(82.2401289898708,8.20987246349003,-2.5));
#5100=CARTESIAN_POINT('Origin',(80.6901289898708,8.20987246349003,-2.5));
#5101=CARTESIAN_POINT('Origin',(71.709872226064,17.1901279418215,0.));
#5102=CARTESIAN_POINT('',(73.259872226064,17.1901279418215,-7.));
#5103=CARTESIAN_POINT('Origin',(71.709872226064,17.1901279418215,-7.));
#5104=CARTESIAN_POINT('',(73.259872226064,17.1901279418215,0.));
#5105=CARTESIAN_POINT('Origin',(80.6901289898708,8.20987246349003,-7.));
#5106=CARTESIAN_POINT('',(82.2401289898708,8.20987246349003,-7.));
#5107=CARTESIAN_POINT('Origin',(80.6901289898708,8.20987246349003,-7.));
#5108=CARTESIAN_POINT('Origin',(80.6901289898708,8.20987246349003,0.));
#5109=CARTESIAN_POINT('',(82.2401289898708,8.20987246349003,0.));
#5110=CARTESIAN_POINT('Origin',(-3.17500050663948,0.,-4.5));
#5111=CARTESIAN_POINT('Ctrl Pts',(-35.424667400249,-10.0246696059194,-9.));
#5112=CARTESIAN_POINT('Ctrl Pts',(-35.4228047030304,-10.0479719207366,-9.));
#5113=CARTESIAN_POINT('Ctrl Pts',(-35.4237331115989,-10.0946263981309,-9.));
#5114=CARTESIAN_POINT('Ctrl Pts',(-35.4348621225352,-10.1874677589212,-9.));
#5115=CARTESIAN_POINT('Ctrl Pts',(-35.4709263515663,-10.3477747287114,-9.));
#5116=CARTESIAN_POINT('Ctrl Pts',(-35.5795626732064,-10.6551569187991,-9.));
#5117=CARTESIAN_POINT('Ctrl Pts',(-35.877617360405,-11.2433063365247,-9.00000000000001));
#5118=CARTESIAN_POINT('Ctrl Pts',(-36.6211254881176,-12.3194130807673,-9.));
#5119=CARTESIAN_POINT('Ctrl Pts',(-37.6439306613024,-13.4233858886054,-9.));
#5120=CARTESIAN_POINT('Ctrl Pts',(-38.7876216663765,-14.3927570701422,-9.));
#5121=CARTESIAN_POINT('Ctrl Pts',(-39.5588877017039,-14.9231821643783,-8.99999999999999));
#5122=CARTESIAN_POINT('Ctrl Pts',(-40.143551389053,-15.2200029702356,-9.));
#5123=CARTESIAN_POINT('Ctrl Pts',(-40.4528022053507,-15.3292794221232,-9.));
#5124=CARTESIAN_POINT('Ctrl Pts',(-40.6122090499795,-15.3650902490627,-9.));
#5125=CARTESIAN_POINT('Ctrl Pts',(-40.7054192025405,-15.3762974275499,-9.));
#5126=CARTESIAN_POINT('Ctrl Pts',(-40.7519917830512,-15.3771975290595,-9.));
#5127=CARTESIAN_POINT('Ctrl Pts',(-40.7753293572583,-15.3753320153269,-9.));
#5128=CARTESIAN_POINT('Ctrl Pts',(-35.294183923355,-10.014239259776,-9.));
#5129=CARTESIAN_POINT('Ctrl Pts',(-35.2915312839481,-10.0474237397542,-9.));
#5130=CARTESIAN_POINT('Ctrl Pts',(-35.2929578536779,-10.1049004759932,-9.));
#5131=CARTESIAN_POINT('Ctrl Pts',(-35.3058085536882,-10.211871991305,-9.));
#5132=CARTESIAN_POINT('Ctrl Pts',(-35.3454243511339,-10.3866353819318,-9.));
#5133=CARTESIAN_POINT('Ctrl Pts',(-35.4598704805062,-10.7096896311907,-9.));
#5134=CARTESIAN_POINT('Ctrl Pts',(-35.7661797782473,-11.313123577547,-9.00000000000001));
#5135=CARTESIAN_POINT('Ctrl Pts',(-36.5202794357191,-12.4038156921649,-9.));
#5136=CARTESIAN_POINT('Ctrl Pts',(-37.5519745406226,-13.5171749697016,-9.));
#5137=CARTESIAN_POINT('Ctrl Pts',(-38.7073193480322,-14.4966696708058,-9.));
#5138=CARTESIAN_POINT('Ctrl Pts',(-39.4891275616158,-15.0346345727813,-8.99999999999999));
#5139=CARTESIAN_POINT('Ctrl Pts',(-40.0889400662785,-15.3396813738865,-9.));
#5140=CARTESIAN_POINT('Ctrl Pts',(-40.4139590620364,-15.4547945048073,-9.));
#5141=CARTESIAN_POINT('Ctrl Pts',(-40.5877507325966,-15.4941406797931,-9.));
#5142=CARTESIAN_POINT('Ctrl Pts',(-40.6951305780278,-15.5070763994299,-9.));
#5143=CARTESIAN_POINT('Ctrl Pts',(-40.7525250000183,-15.5084721434652,-9.));
#5144=CARTESIAN_POINT('Ctrl Pts',(-40.7857596923694,-15.5058154931027,-9.));
#5145=CARTESIAN_POINT('Ctrl Pts',(-35.0343536558838,-9.99346942981143,-8.89155876957306));
#5146=CARTESIAN_POINT('Ctrl Pts',(-35.030134985508,-10.0462449341842,-8.89155876957306));
#5147=CARTESIAN_POINT('Ctrl Pts',(-35.0325499018387,-10.1251796755808,-8.89155876957306));
#5148=CARTESIAN_POINT('Ctrl Pts',(-35.0488155237162,-10.2601697206181,-8.89155876957306));
#5149=CARTESIAN_POINT('Ctrl Pts',(-35.0954757545985,-10.4636069205413,-8.89155876957306));
#5150=CARTESIAN_POINT('Ctrl Pts',(-35.2214607503688,-10.8177896643494,-8.89155876957306));
#5151=CARTESIAN_POINT('Ctrl Pts',(-35.5441751628498,-11.4516620573193,-8.89155876957306));
#5152=CARTESIAN_POINT('Ctrl Pts',(-36.3194520934161,-12.5715780157636,-8.89155876957306));
#5153=CARTESIAN_POINT('Ctrl Pts',(-37.3689536583901,-13.7038445042845,-8.89155876957306));
#5154=CARTESIAN_POINT('Ctrl Pts',(-38.5478177802622,-14.7036571944317,-8.89155876957306));
#5155=CARTESIAN_POINT('Ctrl Pts',(-39.3506784383936,-15.2566546720306,-8.89155876957305));
#5156=CARTESIAN_POINT('Ctrl Pts',(-39.9806877853925,-15.5780662427597,-8.89155876957306));
#5157=CARTESIAN_POINT('Ctrl Pts',(-40.337021276809,-15.7047685033474,-8.89155876957306));
#5158=CARTESIAN_POINT('Ctrl Pts',(-40.5393458671416,-15.7511275644746,-8.89155876957306));
#5159=CARTESIAN_POINT('Ctrl Pts',(-40.6748224510489,-15.7674916663162,-8.89155876957306));
#5160=CARTESIAN_POINT('Ctrl Pts',(-40.753674139888,-15.7698708115976,-8.89155876957306));
#5161=CARTESIAN_POINT('Ctrl Pts',(-40.8065295003653,-15.7656457623301,-8.89155876957306));
#5162=CARTESIAN_POINT('Ctrl Pts',(-34.9262572321013,-9.98482861839408,-8.63089969389957));
#5163=CARTESIAN_POINT('Ctrl Pts',(-34.9213763963409,-10.0458878019928,-8.63089969389957));
#5164=CARTESIAN_POINT('Ctrl Pts',(-34.9242080480299,-10.1338906040139,-8.63089969389957));
#5165=CARTESIAN_POINT('Ctrl Pts',(-34.9419149356256,-10.280718485637,-8.63089969389958));
#5166=CARTESIAN_POINT('Ctrl Pts',(-34.9915482694631,-10.4962575951669,-8.63089969389958));
#5167=CARTESIAN_POINT('Ctrl Pts',(-35.1223798007981,-10.8635115097332,-8.63089969389958));
#5168=CARTESIAN_POINT('Ctrl Pts',(-35.4519683874683,-11.5100432417284,-8.63089969389958));
#5169=CARTESIAN_POINT('Ctrl Pts',(-36.2359234832455,-12.6418417985919,-8.63089969389957));
#5170=CARTESIAN_POINT('Ctrl Pts',(-37.2926740300671,-13.7816440587504,-8.63089969389958));
#5171=CARTESIAN_POINT('Ctrl Pts',(-38.4808441639698,-14.7896663950571,-8.63089969389958));
#5172=CARTESIAN_POINT('Ctrl Pts',(-39.292371635714,-15.3488893434065,-8.63089969389957));
#5173=CARTESIAN_POINT('Ctrl Pts',(-39.934896047808,-15.6771328812308,-8.63089969389958));
#5174=CARTESIAN_POINT('Ctrl Pts',(-40.3043863466916,-15.808707547456,-8.63089969389957));
#5175=CARTESIAN_POINT('Ctrl Pts',(-40.5187516706984,-15.8580254376349,-8.63089969389957));
#5176=CARTESIAN_POINT('Ctrl Pts',(-40.6660994281518,-15.8758366864244,-8.63089969389957));
#5177=CARTESIAN_POINT('Ctrl Pts',(-40.7540187286711,-15.8786304027305,-8.63089969389957));
#5178=CARTESIAN_POINT('Ctrl Pts',(-40.8151703026431,-15.8737421868432,-8.63089969389957));
#5179=CARTESIAN_POINT('Ctrl Pts',(-34.9262572321013,-9.98482861839408,-8.5));
#5180=CARTESIAN_POINT('Ctrl Pts',(-34.9213827314825,-10.0458085494643,-8.5));
#5181=CARTESIAN_POINT('Ctrl Pts',(-34.9242110792165,-10.1337275400891,-8.5));
#5182=CARTESIAN_POINT('Ctrl Pts',(-34.9419057379965,-10.2804475757041,-8.5));
#5183=CARTESIAN_POINT('Ctrl Pts',(-34.9915138433417,-10.4958839178782,-8.5));
#5184=CARTESIAN_POINT('Ctrl Pts',(-35.1223179895885,-10.8630659581429,-8.5));
#5185=CARTESIAN_POINT('Ctrl Pts',(-35.451877319544,-11.5095999964321,-8.5));
#5186=CARTESIAN_POINT('Ctrl Pts',(-36.2359109963732,-12.6415622588428,-8.5));
#5187=CARTESIAN_POINT('Ctrl Pts',(-37.2927560802054,-13.7815608265024,-8.5));
#5188=CARTESIAN_POINT('Ctrl Pts',(-38.481210834144,-14.789727766587,-8.5));
#5189=CARTESIAN_POINT('Ctrl Pts',(-39.2927927570225,-15.3489676541965,-8.49999999999999));
#5190=CARTESIAN_POINT('Ctrl Pts',(-39.935345495953,-15.677197051973,-8.5));
#5191=CARTESIAN_POINT('Ctrl Pts',(-40.3047590118269,-15.808741384279,-8.5));
#5192=CARTESIAN_POINT('Ctrl Pts',(-40.5190230919381,-15.8580347294059,-8.5));
#5193=CARTESIAN_POINT('Ctrl Pts',(-40.6662625276862,-15.8758335820748,-8.5));
#5194=CARTESIAN_POINT('Ctrl Pts',(-40.7540981011188,-15.8786240580097,-8.5));
#5195=CARTESIAN_POINT('Ctrl Pts',(-40.8151703026431,-15.8737421868432,-8.5));
#5196=CARTESIAN_POINT('',(-34.9262572321013,-9.98482861839409,-8.5));
#5197=CARTESIAN_POINT('',(-35.424667400249,-10.0246696059194,-9.));
#5198=CARTESIAN_POINT('Ctrl Pts',(-34.9262572321013,-9.98482861839408,-8.5));
#5199=CARTESIAN_POINT('Ctrl Pts',(-34.9262572321013,-9.98482861839408,-8.63089969389957));
#5200=CARTESIAN_POINT('Ctrl Pts',(-35.0343536558838,-9.99346942981143,-8.89155876957306));
#5201=CARTESIAN_POINT('Ctrl Pts',(-35.294183923355,-10.014239259776,-9.));
#5202=CARTESIAN_POINT('Ctrl Pts',(-35.424667400249,-10.0246696059194,-9.));
#5203=CARTESIAN_POINT('',(-40.8151703026431,-15.8737421868432,-8.5));
#5204=CARTESIAN_POINT('Ctrl Pts',(-40.8151703026431,-15.8737421868432,-8.5));
#5205=CARTESIAN_POINT('Ctrl Pts',(-40.7540981011188,-15.8786240580097,-8.5));
#5206=CARTESIAN_POINT('Ctrl Pts',(-40.6662625276862,-15.8758335820748,-8.5));
#5207=CARTESIAN_POINT('Ctrl Pts',(-40.5190230919381,-15.8580347294059,-8.5));
#5208=CARTESIAN_POINT('Ctrl Pts',(-40.3047590118269,-15.808741384279,-8.5));
#5209=CARTESIAN_POINT('Ctrl Pts',(-39.935345495953,-15.677197051973,-8.5));
#5210=CARTESIAN_POINT('Ctrl Pts',(-39.2927927570225,-15.3489676541965,-8.49999999999999));
#5211=CARTESIAN_POINT('Ctrl Pts',(-38.481210834144,-14.789727766587,-8.5));
#5212=CARTESIAN_POINT('Ctrl Pts',(-37.2927560802054,-13.7815608265024,-8.5));
#5213=CARTESIAN_POINT('Ctrl Pts',(-36.2359109963732,-12.6415622588428,-8.5));
#5214=CARTESIAN_POINT('Ctrl Pts',(-35.451877319544,-11.5095999964321,-8.5));
#5215=CARTESIAN_POINT('Ctrl Pts',(-35.1223179895885,-10.8630659581429,-8.5));
#5216=CARTESIAN_POINT('Ctrl Pts',(-34.9915138433417,-10.4958839178782,-8.5));
#5217=CARTESIAN_POINT('Ctrl Pts',(-34.9419057379965,-10.2804475757041,-8.5));
#5218=CARTESIAN_POINT('Ctrl Pts',(-34.9242110792165,-10.1337275400891,-8.5));
#5219=CARTESIAN_POINT('Ctrl Pts',(-34.9213827314825,-10.0458085494643,-8.5));
#5220=CARTESIAN_POINT('Ctrl Pts',(-34.9262572321013,-9.98482861839408,-8.5));
#5221=CARTESIAN_POINT('',(-40.7753293572583,-15.3753320153269,-9.));
#5222=CARTESIAN_POINT('Ctrl Pts',(-40.7753293572583,-15.3753320153269,-9.));
#5223=CARTESIAN_POINT('Ctrl Pts',(-40.7857596923694,-15.5058154931027,-9.));
#5224=CARTESIAN_POINT('Ctrl Pts',(-40.8065295003653,-15.7656457623301,-8.89155876957306));
#5225=CARTESIAN_POINT('Ctrl Pts',(-40.8151703026431,-15.8737421868432,-8.63089969389957));
#5226=CARTESIAN_POINT('Ctrl Pts',(-40.8151703026431,-15.8737421868432,-8.5));
#5227=CARTESIAN_POINT('Ctrl Pts',(-35.424667400249,-10.0246696059194,-9.));
#5228=CARTESIAN_POINT('Ctrl Pts',(-35.4228047030304,-10.0479719207366,-9.));
#5229=CARTESIAN_POINT('Ctrl Pts',(-35.4237331115989,-10.0946263981309,-9.));
#5230=CARTESIAN_POINT('Ctrl Pts',(-35.4348621225352,-10.1874677589212,-9.));
#5231=CARTESIAN_POINT('Ctrl Pts',(-35.4709263515663,-10.3477747287114,-9.));
#5232=CARTESIAN_POINT('Ctrl Pts',(-35.5795626732064,-10.6551569187991,-9.));
#5233=CARTESIAN_POINT('Ctrl Pts',(-35.877617360405,-11.2433063365247,-9.00000000000001));
#5234=CARTESIAN_POINT('Ctrl Pts',(-36.6211254881176,-12.3194130807673,-9.));
#5235=CARTESIAN_POINT('Ctrl Pts',(-37.6439306613024,-13.4233858886054,-9.));
#5236=CARTESIAN_POINT('Ctrl Pts',(-38.7876216663765,-14.3927570701422,-9.));
#5237=CARTESIAN_POINT('Ctrl Pts',(-39.5588877017039,-14.9231821643783,-8.99999999999999));
#5238=CARTESIAN_POINT('Ctrl Pts',(-40.143551389053,-15.2200029702356,-9.));
#5239=CARTESIAN_POINT('Ctrl Pts',(-40.4528022053507,-15.3292794221232,-9.));
#5240=CARTESIAN_POINT('Ctrl Pts',(-40.6122090499795,-15.3650902490627,-9.));
#5241=CARTESIAN_POINT('Ctrl Pts',(-40.7054192025405,-15.3762974275499,-9.));
#5242=CARTESIAN_POINT('Ctrl Pts',(-40.7519917830512,-15.3771975290595,-9.));
#5243=CARTESIAN_POINT('Ctrl Pts',(-40.7753293572583,-15.3753320153269,-9.));
#5244=CARTESIAN_POINT('Ctrl Pts',(-35.3848264548642,-9.5262594344032,-8.5));
#5245=CARTESIAN_POINT('Ctrl Pts',(-35.4460003902209,-9.52136943103487,-8.5));
#5246=CARTESIAN_POINT('Ctrl Pts',(-35.5341959635155,-9.52427205385508,-8.5));
#5247=CARTESIAN_POINT('Ctrl Pts',(-35.680659323575,-9.54199342175818,-8.5));
#5248=CARTESIAN_POINT('Ctrl Pts',(-35.8953970157586,-9.59164306873536,-8.5));
#5249=CARTESIAN_POINT('Ctrl Pts',(-36.2657079404499,-9.72287501130725,-8.5));
#5250=CARTESIAN_POINT('Ctrl Pts',(-37.2675608828143,-10.2442851376718,-8.5));
#5251=CARTESIAN_POINT('Ctrl Pts',(-38.6345539923368,-11.3366305942759,-8.49999999999999));
#5252=CARTESIAN_POINT('Ctrl Pts',(-39.9649214468732,-12.7546844675719,-8.5));
#5253=CARTESIAN_POINT('Ctrl Pts',(-40.7471606112737,-13.8921262800621,-8.5));
#5254=CARTESIAN_POINT('Ctrl Pts',(-41.0767757402519,-14.5350859697323,-8.5));
#5255=CARTESIAN_POINT('Ctrl Pts',(-41.2084150119691,-14.9045574654648,-8.5));
#5256=CARTESIAN_POINT('Ctrl Pts',(-41.2579438690797,-15.1191509240974,-8.5));
#5257=CARTESIAN_POINT('Ctrl Pts',(-41.2757355390962,-15.2657873185063,-8.5));
#5258=CARTESIAN_POINT('Ctrl Pts',(-41.2786277041535,-15.3540219585935,-8.5));
#5259=CARTESIAN_POINT('Ctrl Pts',(-41.273739525406,-15.4151730028523,-8.5));
#5260=CARTESIAN_POINT('Ctrl Pts',(-35.3848264548642,-9.5262594344032,-8.63089969389957));
#5261=CARTESIAN_POINT('Ctrl Pts',(-35.4460798948869,-9.52136307574512,-8.63089969389957));
#5262=CARTESIAN_POINT('Ctrl Pts',(-35.5343437436441,-9.52426810159231,-8.63089969389957));
#5263=CARTESIAN_POINT('Ctrl Pts',(-35.6808947455177,-9.54200044017466,-8.63089969389957));
#5264=CARTESIAN_POINT('Ctrl Pts',(-35.8956795041024,-9.59166875176194,-8.63089969389958));
#5265=CARTESIAN_POINT('Ctrl Pts',(-36.2660049440014,-9.7229295984281,-8.63089969389957));
#5266=CARTESIAN_POINT('Ctrl Pts',(-37.2675066660545,-10.2442684586523,-8.63089969389957));
#5267=CARTESIAN_POINT('Ctrl Pts',(-38.6346145204644,-11.3366660967108,-8.63089969389957));
#5268=CARTESIAN_POINT('Ctrl Pts',(-39.9648885812237,-12.7546446366726,-8.63089969389958));
#5269=CARTESIAN_POINT('Ctrl Pts',(-40.7471539545629,-13.8920924305743,-8.63089969389957));
#5270=CARTESIAN_POINT('Ctrl Pts',(-41.0767235269962,-14.5347913285321,-8.63089969389958));
#5271=CARTESIAN_POINT('Ctrl Pts',(-41.208389392784,-14.9042761419954,-8.63089969389957));
#5272=CARTESIAN_POINT('Ctrl Pts',(-41.2579369646634,-15.1189156684792,-8.63089969389958));
#5273=CARTESIAN_POINT('Ctrl Pts',(-41.2757395041665,-15.265639648501,-8.63089969389958));
#5274=CARTESIAN_POINT('Ctrl Pts',(-41.2786340570719,-15.3539424836779,-8.63089969389957));
#5275=CARTESIAN_POINT('Ctrl Pts',(-41.273739525406,-15.4151730028523,-8.63089969389957));
#5276=CARTESIAN_POINT('Ctrl Pts',(-35.393467257142,-9.63435585891628,-8.89155876957302));
#5277=CARTESIAN_POINT('Ctrl Pts',(-35.4464106638703,-9.63012377157839,-8.89155876957302));
#5278=CARTESIAN_POINT('Ctrl Pts',(-35.5256176282326,-9.63260408182903,-8.89155876957302));
#5279=CARTESIAN_POINT('Ctrl Pts',(-35.6603992083808,-9.64889049078604,-8.89155876957302));
#5280=CARTESIAN_POINT('Ctrl Pts',(-35.8632374277596,-9.69559390054353,-8.89155876957302));
#5281=CARTESIAN_POINT('Ctrl Pts',(-36.2204105309085,-9.8219239911643,-8.89155876957301));
#5282=CARTESIAN_POINT('Ctrl Pts',(-37.2039170434093,-10.3330255452368,-8.89155876957302));
#5283=CARTESIAN_POINT('Ctrl Pts',(-38.5611662042852,-11.4165355772994,-8.89155876957301));
#5284=CARTESIAN_POINT('Ctrl Pts',(-39.8810968951425,-12.8243562806928,-8.89155876957302));
#5285=CARTESIAN_POINT('Ctrl Pts',(-40.6549990787755,-13.9497162767522,-8.89155876957301));
#5286=CARTESIAN_POINT('Ctrl Pts',(-40.9776673348716,-14.5802655636375,-8.89155876957302));
#5287=CARTESIAN_POINT('Ctrl Pts',(-41.1044727187655,-14.9367266995099,-8.89155876957301));
#5288=CARTESIAN_POINT('Ctrl Pts',(-41.1510478877998,-15.139418733961,-8.89155876957302));
#5289=CARTESIAN_POINT('Ctrl Pts',(-41.1674043815557,-15.2743684143139,-8.89155876957301));
#5290=CARTESIAN_POINT('Ctrl Pts',(-41.1698736098306,-15.3536085959661,-8.89155876957301));
#5291=CARTESIAN_POINT('Ctrl Pts',(-41.1656431016235,-15.4065321914349,-8.89155876957301));
#5292=CARTESIAN_POINT('Ctrl Pts',(-35.4142370651379,-9.89418612814361,-9.));
#5293=CARTESIAN_POINT('Ctrl Pts',(-35.4475271197084,-9.8915250523434,-9.));
#5294=CARTESIAN_POINT('Ctrl Pts',(-35.5052401406123,-9.89299419206257,-9.));
#5295=CARTESIAN_POINT('Ctrl Pts',(-35.6120859656618,-9.90584938267371,-9.));
#5296=CARTESIAN_POINT('Ctrl Pts',(-35.786398672337,-9.94550153810548,-9.));
#5297=CARTESIAN_POINT('Ctrl Pts',(-36.112016314559,-10.060096462854,-9.));
#5298=CARTESIAN_POINT('Ctrl Pts',(-37.0508481523656,-10.5463026225239,-9.));
#5299=CARTESIAN_POINT('Ctrl Pts',(-38.3848639174557,-11.6086605454328,-8.99999999999999));
#5300=CARTESIAN_POINT('Ctrl Pts',(-39.6795548207569,-12.9917604334148,-9.00000000000001));
#5301=CARTESIAN_POINT('Ctrl Pts',(-40.4334604379563,-14.0880892927897,-8.99999999999999));
#5302=CARTESIAN_POINT('Ctrl Pts',(-40.7393559127414,-14.688380458962,-9.));
#5303=CARTESIAN_POINT('Ctrl Pts',(-40.854585709978,-15.0135905499282,-9.));
#5304=CARTESIAN_POINT('Ctrl Pts',(-40.8940917973344,-15.1877507448364,-9.));
#5305=CARTESIAN_POINT('Ctrl Pts',(-40.9070163845619,-15.2947527178398,-9.));
#5306=CARTESIAN_POINT('Ctrl Pts',(-40.9084729170177,-15.3524847639356,-9.));
#5307=CARTESIAN_POINT('Ctrl Pts',(-40.9058128341523,-15.3857623614704,-9.));
#5308=CARTESIAN_POINT('Ctrl Pts',(-35.424667400249,-10.0246696059194,-9.));
#5309=CARTESIAN_POINT('Ctrl Pts',(-35.4480438500952,-10.0228009846215,-9.));
#5310=CARTESIAN_POINT('Ctrl Pts',(-35.4949251505961,-10.0237609992034,-9.));
#5311=CARTESIAN_POINT('Ctrl Pts',(-35.5876935556922,-10.0348870121856,-9.));
#5312=CARTESIAN_POINT('Ctrl Pts',(-35.7476550983004,-10.0709878014814,-9.));
#5313=CARTESIAN_POINT('Ctrl Pts',(-36.0574179647255,-10.1796734998773,-9.));
#5314=CARTESIAN_POINT('Ctrl Pts',(-36.9740088534171,-10.6534168935401,-9.));
#5315=CARTESIAN_POINT('Ctrl Pts',(-38.2962936849964,-11.7051236555457,-8.99999999999999));
#5316=CARTESIAN_POINT('Ctrl Pts',(-39.5783611016217,-13.0758506966889,-9.00000000000001));
#5317=CARTESIAN_POINT('Ctrl Pts',(-40.3222102110285,-14.1575971803519,-8.99999999999999));
#5318=CARTESIAN_POINT('Ctrl Pts',(-40.6197077846053,-14.7428372317123,-9.));
#5319=CARTESIAN_POINT('Ctrl Pts',(-40.7291097708289,-15.0523460825667,-9.));
#5320=CARTESIAN_POINT('Ctrl Pts',(-40.7650555116573,-15.2121524880148,-9.));
#5321=CARTESIAN_POINT('Ctrl Pts',(-40.7762506315852,-15.305071069856,-9.));
#5322=CARTESIAN_POINT('Ctrl Pts',(-40.7771972813123,-15.3519643128762,-9.));
#5323=CARTESIAN_POINT('Ctrl Pts',(-40.7753293572583,-15.3753320153269,-9.));
#5324=CARTESIAN_POINT('',(-35.3848264548642,-9.52625943440319,-8.5));
#5325=CARTESIAN_POINT('Origin',(-35.424667400249,-10.0246696059194,-8.5));
#5326=CARTESIAN_POINT('Ctrl Pts',(-40.7753293572583,-15.3753320153269,-9.));
#5327=CARTESIAN_POINT('Ctrl Pts',(-40.7771972813123,-15.3519643128762,-9.));
#5328=CARTESIAN_POINT('Ctrl Pts',(-40.7762506315852,-15.305071069856,-9.));
#5329=CARTESIAN_POINT('Ctrl Pts',(-40.7650555116573,-15.2121524880148,-9.));
#5330=CARTESIAN_POINT('Ctrl Pts',(-40.7291097708289,-15.0523460825667,-9.));
#5331=CARTESIAN_POINT('Ctrl Pts',(-40.6197077846053,-14.7428372317123,-9.));
#5332=CARTESIAN_POINT('Ctrl Pts',(-40.3222102110285,-14.1575971803519,-8.99999999999999));
#5333=CARTESIAN_POINT('Ctrl Pts',(-39.5783611016217,-13.0758506966889,-9.00000000000001));
#5334=CARTESIAN_POINT('Ctrl Pts',(-38.2962936849964,-11.7051236555457,-8.99999999999999));
#5335=CARTESIAN_POINT('Ctrl Pts',(-36.9740088534171,-10.6534168935401,-9.));
#5336=CARTESIAN_POINT('Ctrl Pts',(-36.0574179647255,-10.1796734998773,-9.));
#5337=CARTESIAN_POINT('Ctrl Pts',(-35.7476550983004,-10.0709878014814,-9.));
#5338=CARTESIAN_POINT('Ctrl Pts',(-35.5876935556922,-10.0348870121856,-9.));
#5339=CARTESIAN_POINT('Ctrl Pts',(-35.4949251505961,-10.0237609992034,-9.));
#5340=CARTESIAN_POINT('Ctrl Pts',(-35.4480438500952,-10.0228009846215,-9.));
#5341=CARTESIAN_POINT('Ctrl Pts',(-35.424667400249,-10.0246696059194,-9.));
#5342=CARTESIAN_POINT('',(-41.273739525406,-15.4151730028523,-8.5));
#5343=CARTESIAN_POINT('Origin',(-40.7753293572583,-15.3753320153269,-8.5));
#5344=CARTESIAN_POINT('Ctrl Pts',(-35.3848264548642,-9.5262594344032,-8.5));
#5345=CARTESIAN_POINT('Ctrl Pts',(-35.4460003902209,-9.52136943103487,-8.5));
#5346=CARTESIAN_POINT('Ctrl Pts',(-35.5341959635155,-9.52427205385508,-8.5));
#5347=CARTESIAN_POINT('Ctrl Pts',(-35.680659323575,-9.54199342175818,-8.5));
#5348=CARTESIAN_POINT('Ctrl Pts',(-35.8953970157586,-9.59164306873536,-8.5));
#5349=CARTESIAN_POINT('Ctrl Pts',(-36.2657079404499,-9.72287501130725,-8.5));
#5350=CARTESIAN_POINT('Ctrl Pts',(-37.2675608828143,-10.2442851376718,-8.5));
#5351=CARTESIAN_POINT('Ctrl Pts',(-38.6345539923368,-11.3366305942759,-8.49999999999999));
#5352=CARTESIAN_POINT('Ctrl Pts',(-39.9649214468732,-12.7546844675719,-8.5));
#5353=CARTESIAN_POINT('Ctrl Pts',(-40.7471606112737,-13.8921262800621,-8.5));
#5354=CARTESIAN_POINT('Ctrl Pts',(-41.0767757402519,-14.5350859697323,-8.5));
#5355=CARTESIAN_POINT('Ctrl Pts',(-41.2084150119691,-14.9045574654648,-8.5));
#5356=CARTESIAN_POINT('Ctrl Pts',(-41.2579438690797,-15.1191509240974,-8.5));
#5357=CARTESIAN_POINT('Ctrl Pts',(-41.2757355390962,-15.2657873185063,-8.5));
#5358=CARTESIAN_POINT('Ctrl Pts',(-41.2786277041535,-15.3540219585935,-8.5));
#5359=CARTESIAN_POINT('Ctrl Pts',(-41.273739525406,-15.4151730028523,-8.5));
#5360=CARTESIAN_POINT('Ctrl Pts',(-41.273739525406,-15.4151730028523,-8.5));
#5361=CARTESIAN_POINT('Ctrl Pts',(-41.2515922591983,-15.6922349774727,-8.5));
#5362=CARTESIAN_POINT('Ctrl Pts',(-41.0922322791361,-15.851594944061,-8.5));
#5363=CARTESIAN_POINT('Ctrl Pts',(-40.8151703026431,-15.8737421868432,-8.5));
#5364=CARTESIAN_POINT('Ctrl Pts',(-41.273739525406,-15.4151730028523,-8.64959965017094));
#5365=CARTESIAN_POINT('Ctrl Pts',(-41.2574224349781,-15.6710329820948,-8.64524809473971));
#5366=CARTESIAN_POINT('Ctrl Pts',(-41.0710302832652,-15.8574251180482,-8.64524809473971));
#5367=CARTESIAN_POINT('Ctrl Pts',(-40.8151703026431,-15.8737421868432,-8.64959965017094));
#5368=CARTESIAN_POINT('Ctrl Pts',(-41.1485304222735,-15.4051642698152,-8.90854728388928));
#5369=CARTESIAN_POINT('Ctrl Pts',(-41.1244672310582,-15.5473965590233,-8.93308443629808));
#5370=CARTESIAN_POINT('Ctrl Pts',(-40.947393871435,-15.7244699036749,-8.93308443629808));
#5371=CARTESIAN_POINT('Ctrl Pts',(-40.8051615801924,-15.7485330828644,-8.90854728388928));
#5372=CARTESIAN_POINT('Ctrl Pts',(-40.8871723374531,-15.3842723120213,-9.));
#5373=CARTESIAN_POINT('Ctrl Pts',(-40.8548159005915,-15.4123663087909,-9.00344629632249));
#5374=CARTESIAN_POINT('Ctrl Pts',(-40.8123636440017,-15.4548185617913,-9.00344629632249));
#5375=CARTESIAN_POINT('Ctrl Pts',(-40.7842696444964,-15.4871749962776,-9.));
#5376=CARTESIAN_POINT('Ctrl Pts',(-40.7753293572583,-15.3753320153269,-9.));
#5377=CARTESIAN_POINT('Ctrl Pts',(-40.7753293572583,-15.3753320153269,-9.));
#5378=CARTESIAN_POINT('Ctrl Pts',(-40.7753293572583,-15.3753320153269,-9.));
#5379=CARTESIAN_POINT('Ctrl Pts',(-40.7753293572583,-15.3753320153269,-9.));
#5380=CARTESIAN_POINT('Ctrl Pts',(-41.273739525406,-15.4151730028523,-8.5));
#5381=CARTESIAN_POINT('Ctrl Pts',(-41.2515922591983,-15.6922349774727,-8.5));
#5382=CARTESIAN_POINT('Ctrl Pts',(-41.0922322791361,-15.851594944061,-8.5));
#5383=CARTESIAN_POINT('Ctrl Pts',(-40.8151703026431,-15.8737421868432,-8.5));
#5384=CARTESIAN_POINT('Ctrl Pts',(-34.9262572321013,-9.98482861839408,-8.5));
#5385=CARTESIAN_POINT('Ctrl Pts',(-34.948404498309,-9.70776664377365,-8.5));
#5386=CARTESIAN_POINT('Ctrl Pts',(-35.1077644783712,-9.54840667718534,-8.5));
#5387=CARTESIAN_POINT('Ctrl Pts',(-35.3848264548642,-9.52625943440319,-8.5));
#5388=CARTESIAN_POINT('Ctrl Pts',(-34.9262572321013,-9.98482861839408,-8.64959965017094));
#5389=CARTESIAN_POINT('Ctrl Pts',(-34.9425743225292,-9.7289686391516,-8.64524809473971));
#5390=CARTESIAN_POINT('Ctrl Pts',(-35.1289664742421,-9.54257650319818,-8.64524809473971));
#5391=CARTESIAN_POINT('Ctrl Pts',(-35.3848264548642,-9.52625943440319,-8.64959965017094));
#5392=CARTESIAN_POINT('Ctrl Pts',(-35.0514548019562,-9.99483642950543,-8.90856116633733));
#5393=CARTESIAN_POINT('Ctrl Pts',(-35.0755179931715,-9.85260414029736,-8.93309831874613));
#5394=CARTESIAN_POINT('Ctrl Pts',(-35.2526019641475,-9.67552018429385,-8.93309831874613));
#5395=CARTESIAN_POINT('Ctrl Pts',(-35.3948342553901,-9.6514570051043,-8.90856116633733));
#5396=CARTESIAN_POINT('Ctrl Pts',(-35.3128244200542,-10.015729309225,-9.));
#5397=CARTESIAN_POINT('Ctrl Pts',(-35.3451808569158,-9.98763531245545,-9.00344629632249));
#5398=CARTESIAN_POINT('Ctrl Pts',(-35.3876331135056,-9.94518305945504,-9.00344629632249));
#5399=CARTESIAN_POINT('Ctrl Pts',(-35.4157271130109,-9.91282662496873,-9.));
#5400=CARTESIAN_POINT('Ctrl Pts',(-35.424667400249,-10.0246696059194,-9.));
#5401=CARTESIAN_POINT('Ctrl Pts',(-35.424667400249,-10.0246696059194,-9.));
#5402=CARTESIAN_POINT('Ctrl Pts',(-35.424667400249,-10.0246696059194,-9.));
#5403=CARTESIAN_POINT('Ctrl Pts',(-35.424667400249,-10.0246696059194,-9.));
#5404=CARTESIAN_POINT('',(-35.0599488271258,-9.65995100195928,-8.5));
#5405=CARTESIAN_POINT('Ctrl Pts',(-35.0599488271258,-9.65995100195928,-8.5));
#5406=CARTESIAN_POINT('Ctrl Pts',(-35.1371899774789,-9.58270985813688,-8.5));
#5407=CARTESIAN_POINT('Ctrl Pts',(-35.2462954666177,-9.53733305579427,-8.5));
#5408=CARTESIAN_POINT('Ctrl Pts',(-35.3848264548642,-9.52625943440319,-8.5));
#5409=CARTESIAN_POINT('Ctrl Pts',(-34.9262572321013,-9.98482861839408,-8.5));
#5410=CARTESIAN_POINT('Ctrl Pts',(-34.9373308652052,-9.84629763108387,-8.5));
#5411=CARTESIAN_POINT('Ctrl Pts',(-34.9827076767726,-9.73719214578168,-8.5));
#5412=CARTESIAN_POINT('Ctrl Pts',(-35.0599488271258,-9.65995100195928,-8.5));
#5413=CARTESIAN_POINT('Origin',(-38.0999983787537,-12.7000008106232,-9.));
#5414=CARTESIAN_POINT('Ctrl Pts',(-35.059439348191,-9.65944152298148,-7.));
#5415=CARTESIAN_POINT('Ctrl Pts',(-35.9786782025943,-8.74020274629976,-7.));
#5416=CARTESIAN_POINT('Ctrl Pts',(-39.019237233157,-11.7807620339415,-7.));
#5417=CARTESIAN_POINT('Ctrl Pts',(-42.0597962637196,-14.8213213215831,-7.));
#5418=CARTESIAN_POINT('Ctrl Pts',(-41.1405574093163,-15.7405600982649,-7.));
#5419=CARTESIAN_POINT('Ctrl Pts',(-40.221318554913,-16.6597988749466,-7.));
#5420=CARTESIAN_POINT('Ctrl Pts',(-37.1807595243503,-13.6192395873049,-7.));
#5421=CARTESIAN_POINT('Ctrl Pts',(-34.1402004937877,-10.5786802996632,-7.));
#5422=CARTESIAN_POINT('Ctrl Pts',(-35.059439348191,-9.65944152298148,-7.));
#5423=CARTESIAN_POINT('Ctrl Pts',(-35.059439348191,-9.65944152298148,-8.5));
#5424=CARTESIAN_POINT('Ctrl Pts',(-35.9786782025943,-8.74020274629976,-8.5));
#5425=CARTESIAN_POINT('Ctrl Pts',(-39.019237233157,-11.7807620339415,-8.5));
#5426=CARTESIAN_POINT('Ctrl Pts',(-42.0597962637196,-14.8213213215831,-8.5));
#5427=CARTESIAN_POINT('Ctrl Pts',(-41.1405574093163,-15.7405600982649,-8.5));
#5428=CARTESIAN_POINT('Ctrl Pts',(-40.221318554913,-16.6597988749466,-8.5));
#5429=CARTESIAN_POINT('Ctrl Pts',(-37.1807595243503,-13.6192395873049,-8.5));
#5430=CARTESIAN_POINT('Ctrl Pts',(-34.1402004937877,-10.5786802996632,-8.5));
#5431=CARTESIAN_POINT('Ctrl Pts',(-35.059439348191,-9.65944152298148,-8.5));
#5432=CARTESIAN_POINT('',(-35.059439348191,-9.65944152298148,0.));
#5433=CARTESIAN_POINT('Origin',(-33.6098726313756,-17.1901279418215,-1.));
#5434=CARTESIAN_POINT('',(-30.7098726313755,-17.1901279418215,-1.));
#5435=CARTESIAN_POINT('Origin',(-29.7098726313755,-17.1901279418215,-1.));
#5436=CARTESIAN_POINT('',(-36.5098726313756,-17.1901279418215,-1.));
#5437=CARTESIAN_POINT('Origin',(-33.6098726313756,-17.1901279418215,-1.));
#5438=CARTESIAN_POINT('Origin',(-33.6098726313756,-17.1901279418215,-1.));
#5439=CARTESIAN_POINT('Origin',(-33.6098726313756,-17.1901279418215,0.));
#5440=CARTESIAN_POINT('',(-36.5098726313756,-17.1901279418215,-2.5));
#5441=CARTESIAN_POINT('',(-36.5098726313756,-17.1901279418215,0.));
#5442=CARTESIAN_POINT('Origin',(-33.6098726313756,-17.1901279418215,-2.5));
#5443=CARTESIAN_POINT('Origin',(-42.5901293951823,-8.20987246349003,-1.));
#5444=CARTESIAN_POINT('',(-39.6901293951823,-8.20987246349003,-1.));
#5445=CARTESIAN_POINT('Origin',(-38.6901293951823,-8.20987246349003,-1.));
#5446=CARTESIAN_POINT('',(-45.4901293951823,-8.20987246349003,-1.));
#5447=CARTESIAN_POINT('Origin',(-42.5901293951823,-8.20987246349003,-1.));
#5448=CARTESIAN_POINT('Origin',(-42.5901293951823,-8.20987246349003,-1.));
#5449=CARTESIAN_POINT('Origin',(-42.5901293951823,-8.20987246349003,0.));
#5450=CARTESIAN_POINT('',(-45.4901293951823,-8.20987246349003,-2.5));
#5451=CARTESIAN_POINT('',(-45.4901293951823,-8.20987246349003,0.));
#5452=CARTESIAN_POINT('Origin',(-42.5901293951823,-8.20987246349003,-2.5));
#5453=CARTESIAN_POINT('Origin',(-33.6098726313756,-17.1901279418215,-2.5));
#5454=CARTESIAN_POINT('',(-35.1598726313755,-17.1901279418215,-2.5));
#5455=CARTESIAN_POINT('Origin',(-33.6098726313756,-17.1901279418215,-2.5));
#5456=CARTESIAN_POINT('Origin',(-42.5901293951823,-8.20987246349003,-2.5));
#5457=CARTESIAN_POINT('',(-44.1401293951823,-8.20987246349003,-2.5));
#5458=CARTESIAN_POINT('Origin',(-42.5901293951823,-8.20987246349003,-2.5));
#5459=CARTESIAN_POINT('Origin',(-38.1000016212463,-12.7000008106232,0.));
#5460=CARTESIAN_POINT('Origin',(-33.6098726313756,-17.1901279418215,0.));
#5461=CARTESIAN_POINT('',(-35.1598726313755,-17.1901279418215,0.));
#5462=CARTESIAN_POINT('Origin',(-42.5901293951823,-8.20987246349003,0.));
#5463=CARTESIAN_POINT('',(-44.1401293951823,-8.20987246349003,0.));
#5464=CARTESIAN_POINT('Ctrl Pts',(-35.424667400249,10.0246696059194,-9.));
#5465=CARTESIAN_POINT('Ctrl Pts',(-35.4228047030304,10.0479719207366,-9.));
#5466=CARTESIAN_POINT('Ctrl Pts',(-35.4237331115989,10.0946263981309,-9.));
#5467=CARTESIAN_POINT('Ctrl Pts',(-35.4348621225352,10.1874677589212,-9.));
#5468=CARTESIAN_POINT('Ctrl Pts',(-35.4709263515663,10.3477747287114,-9.));
#5469=CARTESIAN_POINT('Ctrl Pts',(-35.5795626732064,10.6551569187991,-9.));
#5470=CARTESIAN_POINT('Ctrl Pts',(-35.877617360405,11.2433063365247,-9.00000000000001));
#5471=CARTESIAN_POINT('Ctrl Pts',(-36.6211254881176,12.3194130807673,-9.));
#5472=CARTESIAN_POINT('Ctrl Pts',(-37.6439306613024,13.4233858886054,-9.));
#5473=CARTESIAN_POINT('Ctrl Pts',(-38.7876216663765,14.3927570701422,-9.));
#5474=CARTESIAN_POINT('Ctrl Pts',(-39.5588877017039,14.9231821643783,-8.99999999999999));
#5475=CARTESIAN_POINT('Ctrl Pts',(-40.143551389053,15.2200029702356,-9.));
#5476=CARTESIAN_POINT('Ctrl Pts',(-40.4528022053507,15.3292794221232,-9.));
#5477=CARTESIAN_POINT('Ctrl Pts',(-40.6122090499795,15.3650902490627,-9.));
#5478=CARTESIAN_POINT('Ctrl Pts',(-40.7054192025405,15.3762974275499,-9.));
#5479=CARTESIAN_POINT('Ctrl Pts',(-40.7519917830512,15.3771975290595,-9.));
#5480=CARTESIAN_POINT('Ctrl Pts',(-40.7753293572583,15.3753320153269,-9.));
#5481=CARTESIAN_POINT('Ctrl Pts',(-35.294183923355,10.014239259776,-9.));
#5482=CARTESIAN_POINT('Ctrl Pts',(-35.2915312839481,10.0474237397542,-9.));
#5483=CARTESIAN_POINT('Ctrl Pts',(-35.2929578536779,10.1049004759932,-9.));
#5484=CARTESIAN_POINT('Ctrl Pts',(-35.3058085536882,10.211871991305,-9.));
#5485=CARTESIAN_POINT('Ctrl Pts',(-35.3454243511339,10.3866353819318,-9.));
#5486=CARTESIAN_POINT('Ctrl Pts',(-35.4598704805062,10.7096896311907,-9.));
#5487=CARTESIAN_POINT('Ctrl Pts',(-35.7661797782473,11.313123577547,-9.00000000000001));
#5488=CARTESIAN_POINT('Ctrl Pts',(-36.5202794357191,12.4038156921649,-9.));
#5489=CARTESIAN_POINT('Ctrl Pts',(-37.5519745406226,13.5171749697016,-9.));
#5490=CARTESIAN_POINT('Ctrl Pts',(-38.7073193480322,14.4966696708058,-9.));
#5491=CARTESIAN_POINT('Ctrl Pts',(-39.4891275616158,15.0346345727813,-8.99999999999999));
#5492=CARTESIAN_POINT('Ctrl Pts',(-40.0889400662785,15.3396813738865,-9.));
#5493=CARTESIAN_POINT('Ctrl Pts',(-40.4139590620364,15.4547945048073,-9.));
#5494=CARTESIAN_POINT('Ctrl Pts',(-40.5877507325966,15.4941406797931,-9.));
#5495=CARTESIAN_POINT('Ctrl Pts',(-40.6951305780278,15.5070763994299,-9.));
#5496=CARTESIAN_POINT('Ctrl Pts',(-40.7525250000183,15.5084721434652,-9.));
#5497=CARTESIAN_POINT('Ctrl Pts',(-40.7857596923694,15.5058154931027,-9.));
#5498=CARTESIAN_POINT('Ctrl Pts',(-35.0343536558838,9.99346942981143,-8.89155876957306));
#5499=CARTESIAN_POINT('Ctrl Pts',(-35.030134985508,10.0462449341842,-8.89155876957306));
#5500=CARTESIAN_POINT('Ctrl Pts',(-35.0325499018387,10.1251796755808,-8.89155876957306));
#5501=CARTESIAN_POINT('Ctrl Pts',(-35.0488155237162,10.2601697206181,-8.89155876957306));
#5502=CARTESIAN_POINT('Ctrl Pts',(-35.0954757545985,10.4636069205413,-8.89155876957306));
#5503=CARTESIAN_POINT('Ctrl Pts',(-35.2214607503688,10.8177896643494,-8.89155876957306));
#5504=CARTESIAN_POINT('Ctrl Pts',(-35.5441751628498,11.4516620573193,-8.89155876957306));
#5505=CARTESIAN_POINT('Ctrl Pts',(-36.3194520934161,12.5715780157636,-8.89155876957306));
#5506=CARTESIAN_POINT('Ctrl Pts',(-37.3689536583901,13.7038445042845,-8.89155876957306));
#5507=CARTESIAN_POINT('Ctrl Pts',(-38.5478177802622,14.7036571944317,-8.89155876957306));
#5508=CARTESIAN_POINT('Ctrl Pts',(-39.3506784383936,15.2566546720306,-8.89155876957305));
#5509=CARTESIAN_POINT('Ctrl Pts',(-39.9806877853925,15.5780662427597,-8.89155876957306));
#5510=CARTESIAN_POINT('Ctrl Pts',(-40.337021276809,15.7047685033474,-8.89155876957306));
#5511=CARTESIAN_POINT('Ctrl Pts',(-40.5393458671416,15.7511275644746,-8.89155876957306));
#5512=CARTESIAN_POINT('Ctrl Pts',(-40.6748224510489,15.7674916663162,-8.89155876957306));
#5513=CARTESIAN_POINT('Ctrl Pts',(-40.753674139888,15.7698708115976,-8.89155876957306));
#5514=CARTESIAN_POINT('Ctrl Pts',(-40.8065295003653,15.7656457623301,-8.89155876957306));
#5515=CARTESIAN_POINT('Ctrl Pts',(-34.9262572321013,9.98482861839408,-8.63089969389957));
#5516=CARTESIAN_POINT('Ctrl Pts',(-34.9213763963409,10.0458878019928,-8.63089969389957));
#5517=CARTESIAN_POINT('Ctrl Pts',(-34.9242080480299,10.1338906040139,-8.63089969389957));
#5518=CARTESIAN_POINT('Ctrl Pts',(-34.9419149356256,10.280718485637,-8.63089969389958));
#5519=CARTESIAN_POINT('Ctrl Pts',(-34.9915482694631,10.4962575951669,-8.63089969389958));
#5520=CARTESIAN_POINT('Ctrl Pts',(-35.1223798007981,10.8635115097332,-8.63089969389958));
#5521=CARTESIAN_POINT('Ctrl Pts',(-35.4519683874683,11.5100432417284,-8.63089969389958));
#5522=CARTESIAN_POINT('Ctrl Pts',(-36.2359234832455,12.6418417985919,-8.63089969389957));
#5523=CARTESIAN_POINT('Ctrl Pts',(-37.2926740300671,13.7816440587504,-8.63089969389958));
#5524=CARTESIAN_POINT('Ctrl Pts',(-38.4808441639698,14.7896663950571,-8.63089969389958));
#5525=CARTESIAN_POINT('Ctrl Pts',(-39.292371635714,15.3488893434065,-8.63089969389957));
#5526=CARTESIAN_POINT('Ctrl Pts',(-39.934896047808,15.6771328812308,-8.63089969389958));
#5527=CARTESIAN_POINT('Ctrl Pts',(-40.3043863466916,15.808707547456,-8.63089969389957));
#5528=CARTESIAN_POINT('Ctrl Pts',(-40.5187516706984,15.8580254376349,-8.63089969389957));
#5529=CARTESIAN_POINT('Ctrl Pts',(-40.6660994281518,15.8758366864244,-8.63089969389957));
#5530=CARTESIAN_POINT('Ctrl Pts',(-40.7540187286711,15.8786304027305,-8.63089969389957));
#5531=CARTESIAN_POINT('Ctrl Pts',(-40.8151703026431,15.8737421868432,-8.63089969389957));
#5532=CARTESIAN_POINT('Ctrl Pts',(-34.9262572321013,9.98482861839408,-8.5));
#5533=CARTESIAN_POINT('Ctrl Pts',(-34.9213827314825,10.0458085494643,-8.5));
#5534=CARTESIAN_POINT('Ctrl Pts',(-34.9242110792165,10.1337275400891,-8.5));
#5535=CARTESIAN_POINT('Ctrl Pts',(-34.9419057379965,10.2804475757041,-8.5));
#5536=CARTESIAN_POINT('Ctrl Pts',(-34.9915138433417,10.4958839178782,-8.5));
#5537=CARTESIAN_POINT('Ctrl Pts',(-35.1223179895885,10.8630659581429,-8.5));
#5538=CARTESIAN_POINT('Ctrl Pts',(-35.451877319544,11.5095999964321,-8.5));
#5539=CARTESIAN_POINT('Ctrl Pts',(-36.2359109963732,12.6415622588428,-8.5));
#5540=CARTESIAN_POINT('Ctrl Pts',(-37.2927560802054,13.7815608265024,-8.5));
#5541=CARTESIAN_POINT('Ctrl Pts',(-38.481210834144,14.789727766587,-8.5));
#5542=CARTESIAN_POINT('Ctrl Pts',(-39.2927927570225,15.3489676541965,-8.49999999999999));
#5543=CARTESIAN_POINT('Ctrl Pts',(-39.935345495953,15.677197051973,-8.5));
#5544=CARTESIAN_POINT('Ctrl Pts',(-40.3047590118269,15.808741384279,-8.5));
#5545=CARTESIAN_POINT('Ctrl Pts',(-40.5190230919381,15.8580347294059,-8.5));
#5546=CARTESIAN_POINT('Ctrl Pts',(-40.6662625276862,15.8758335820748,-8.5));
#5547=CARTESIAN_POINT('Ctrl Pts',(-40.7540981011188,15.8786240580097,-8.5));
#5548=CARTESIAN_POINT('Ctrl Pts',(-40.8151703026431,15.8737421868432,-8.5));
#5549=CARTESIAN_POINT('',(-34.9262572321013,9.98482861839409,-8.5));
#5550=CARTESIAN_POINT('',(-35.424667400249,10.0246696059194,-9.));
#5551=CARTESIAN_POINT('Ctrl Pts',(-34.9262572321013,9.98482861839408,-8.5));
#5552=CARTESIAN_POINT('Ctrl Pts',(-34.9262572321013,9.98482861839408,-8.63089969389957));
#5553=CARTESIAN_POINT('Ctrl Pts',(-35.0343536558838,9.99346942981143,-8.89155876957306));
#5554=CARTESIAN_POINT('Ctrl Pts',(-35.294183923355,10.014239259776,-9.));
#5555=CARTESIAN_POINT('Ctrl Pts',(-35.424667400249,10.0246696059194,-9.));
#5556=CARTESIAN_POINT('',(-40.7753293572583,15.3753320153269,-9.));
#5557=CARTESIAN_POINT('Ctrl Pts',(-35.424667400249,10.0246696059194,-9.));
#5558=CARTESIAN_POINT('Ctrl Pts',(-35.4228047030304,10.0479719207366,-9.));
#5559=CARTESIAN_POINT('Ctrl Pts',(-35.4237331115989,10.0946263981309,-9.));
#5560=CARTESIAN_POINT('Ctrl Pts',(-35.4348621225352,10.1874677589212,-9.));
#5561=CARTESIAN_POINT('Ctrl Pts',(-35.4709263515663,10.3477747287114,-9.));
#5562=CARTESIAN_POINT('Ctrl Pts',(-35.5795626732064,10.6551569187991,-9.));
#5563=CARTESIAN_POINT('Ctrl Pts',(-35.877617360405,11.2433063365247,-9.00000000000001));
#5564=CARTESIAN_POINT('Ctrl Pts',(-36.6211254881176,12.3194130807673,-9.));
#5565=CARTESIAN_POINT('Ctrl Pts',(-37.6439306613024,13.4233858886054,-9.));
#5566=CARTESIAN_POINT('Ctrl Pts',(-38.7876216663765,14.3927570701422,-9.));
#5567=CARTESIAN_POINT('Ctrl Pts',(-39.5588877017039,14.9231821643783,-8.99999999999999));
#5568=CARTESIAN_POINT('Ctrl Pts',(-40.143551389053,15.2200029702356,-9.));
#5569=CARTESIAN_POINT('Ctrl Pts',(-40.4528022053507,15.3292794221232,-9.));
#5570=CARTESIAN_POINT('Ctrl Pts',(-40.6122090499795,15.3650902490627,-9.));
#5571=CARTESIAN_POINT('Ctrl Pts',(-40.7054192025405,15.3762974275499,-9.));
#5572=CARTESIAN_POINT('Ctrl Pts',(-40.7519917830512,15.3771975290595,-9.));
#5573=CARTESIAN_POINT('Ctrl Pts',(-40.7753293572583,15.3753320153269,-9.));
#5574=CARTESIAN_POINT('',(-40.8151703026431,15.8737421868432,-8.5));
#5575=CARTESIAN_POINT('Ctrl Pts',(-40.7753293572583,15.3753320153269,-9.));
#5576=CARTESIAN_POINT('Ctrl Pts',(-40.7857596923694,15.5058154931027,-9.));
#5577=CARTESIAN_POINT('Ctrl Pts',(-40.8065295003653,15.7656457623301,-8.89155876957306));
#5578=CARTESIAN_POINT('Ctrl Pts',(-40.8151703026431,15.8737421868432,-8.63089969389957));
#5579=CARTESIAN_POINT('Ctrl Pts',(-40.8151703026431,15.8737421868432,-8.5));
#5580=CARTESIAN_POINT('Ctrl Pts',(-40.8151703026431,15.8737421868432,-8.5));
#5581=CARTESIAN_POINT('Ctrl Pts',(-40.7540981011188,15.8786240580097,-8.5));
#5582=CARTESIAN_POINT('Ctrl Pts',(-40.6662625276862,15.8758335820748,-8.5));
#5583=CARTESIAN_POINT('Ctrl Pts',(-40.5190230919381,15.8580347294059,-8.5));
#5584=CARTESIAN_POINT('Ctrl Pts',(-40.3047590118269,15.808741384279,-8.5));
#5585=CARTESIAN_POINT('Ctrl Pts',(-39.935345495953,15.677197051973,-8.5));
#5586=CARTESIAN_POINT('Ctrl Pts',(-39.2927927570225,15.3489676541965,-8.49999999999999));
#5587=CARTESIAN_POINT('Ctrl Pts',(-38.481210834144,14.789727766587,-8.5));
#5588=CARTESIAN_POINT('Ctrl Pts',(-37.2927560802054,13.7815608265024,-8.5));
#5589=CARTESIAN_POINT('Ctrl Pts',(-36.2359109963732,12.6415622588428,-8.5));
#5590=CARTESIAN_POINT('Ctrl Pts',(-35.451877319544,11.5095999964321,-8.5));
#5591=CARTESIAN_POINT('Ctrl Pts',(-35.1223179895885,10.8630659581429,-8.5));
#5592=CARTESIAN_POINT('Ctrl Pts',(-34.9915138433417,10.4958839178782,-8.5));
#5593=CARTESIAN_POINT('Ctrl Pts',(-34.9419057379965,10.2804475757041,-8.5));
#5594=CARTESIAN_POINT('Ctrl Pts',(-34.9242110792165,10.1337275400891,-8.5));
#5595=CARTESIAN_POINT('Ctrl Pts',(-34.9213827314825,10.0458085494643,-8.5));
#5596=CARTESIAN_POINT('Ctrl Pts',(-34.9262572321013,9.98482861839408,-8.5));
#5597=CARTESIAN_POINT('Ctrl Pts',(-35.3848264548642,9.5262594344032,-8.5));
#5598=CARTESIAN_POINT('Ctrl Pts',(-35.4460003902209,9.52136943103487,-8.5));
#5599=CARTESIAN_POINT('Ctrl Pts',(-35.5341959635155,9.52427205385508,-8.5));
#5600=CARTESIAN_POINT('Ctrl Pts',(-35.680659323575,9.54199342175818,-8.5));
#5601=CARTESIAN_POINT('Ctrl Pts',(-35.8953970157586,9.59164306873536,-8.5));
#5602=CARTESIAN_POINT('Ctrl Pts',(-36.2657079404499,9.72287501130725,-8.5));
#5603=CARTESIAN_POINT('Ctrl Pts',(-37.2675608828143,10.2442851376718,-8.5));
#5604=CARTESIAN_POINT('Ctrl Pts',(-38.6345539923368,11.3366305942759,-8.49999999999999));
#5605=CARTESIAN_POINT('Ctrl Pts',(-39.9649214468732,12.7546844675719,-8.5));
#5606=CARTESIAN_POINT('Ctrl Pts',(-40.7471606112737,13.8921262800621,-8.5));
#5607=CARTESIAN_POINT('Ctrl Pts',(-41.0767757402519,14.5350859697323,-8.5));
#5608=CARTESIAN_POINT('Ctrl Pts',(-41.2084150119691,14.9045574654648,-8.5));
#5609=CARTESIAN_POINT('Ctrl Pts',(-41.2579438690797,15.1191509240974,-8.5));
#5610=CARTESIAN_POINT('Ctrl Pts',(-41.2757355390962,15.2657873185063,-8.5));
#5611=CARTESIAN_POINT('Ctrl Pts',(-41.2786277041535,15.3540219585935,-8.5));
#5612=CARTESIAN_POINT('Ctrl Pts',(-41.273739525406,15.4151730028523,-8.5));
#5613=CARTESIAN_POINT('Ctrl Pts',(-35.3848264548642,9.5262594344032,-8.63089969389957));
#5614=CARTESIAN_POINT('Ctrl Pts',(-35.4460798948869,9.52136307574512,-8.63089969389957));
#5615=CARTESIAN_POINT('Ctrl Pts',(-35.5343437436441,9.52426810159231,-8.63089969389957));
#5616=CARTESIAN_POINT('Ctrl Pts',(-35.6808947455177,9.54200044017466,-8.63089969389957));
#5617=CARTESIAN_POINT('Ctrl Pts',(-35.8956795041024,9.59166875176194,-8.63089969389958));
#5618=CARTESIAN_POINT('Ctrl Pts',(-36.2660049440014,9.7229295984281,-8.63089969389957));
#5619=CARTESIAN_POINT('Ctrl Pts',(-37.2675066660545,10.2442684586523,-8.63089969389957));
#5620=CARTESIAN_POINT('Ctrl Pts',(-38.6346145204644,11.3366660967108,-8.63089969389957));
#5621=CARTESIAN_POINT('Ctrl Pts',(-39.9648885812237,12.7546446366726,-8.63089969389958));
#5622=CARTESIAN_POINT('Ctrl Pts',(-40.7471539545629,13.8920924305743,-8.63089969389957));
#5623=CARTESIAN_POINT('Ctrl Pts',(-41.0767235269962,14.5347913285321,-8.63089969389958));
#5624=CARTESIAN_POINT('Ctrl Pts',(-41.208389392784,14.9042761419954,-8.63089969389957));
#5625=CARTESIAN_POINT('Ctrl Pts',(-41.2579369646634,15.1189156684792,-8.63089969389958));
#5626=CARTESIAN_POINT('Ctrl Pts',(-41.2757395041665,15.265639648501,-8.63089969389958));
#5627=CARTESIAN_POINT('Ctrl Pts',(-41.2786340570719,15.3539424836779,-8.63089969389957));
#5628=CARTESIAN_POINT('Ctrl Pts',(-41.273739525406,15.4151730028523,-8.63089969389957));
#5629=CARTESIAN_POINT('Ctrl Pts',(-35.393467257142,9.63435585891628,-8.89155876957302));
#5630=CARTESIAN_POINT('Ctrl Pts',(-35.4464106638703,9.63012377157839,-8.89155876957302));
#5631=CARTESIAN_POINT('Ctrl Pts',(-35.5256176282326,9.63260408182903,-8.89155876957302));
#5632=CARTESIAN_POINT('Ctrl Pts',(-35.6603992083808,9.64889049078604,-8.89155876957302));
#5633=CARTESIAN_POINT('Ctrl Pts',(-35.8632374277596,9.69559390054353,-8.89155876957302));
#5634=CARTESIAN_POINT('Ctrl Pts',(-36.2204105309085,9.8219239911643,-8.89155876957301));
#5635=CARTESIAN_POINT('Ctrl Pts',(-37.2039170434093,10.3330255452368,-8.89155876957302));
#5636=CARTESIAN_POINT('Ctrl Pts',(-38.5611662042852,11.4165355772994,-8.89155876957301));
#5637=CARTESIAN_POINT('Ctrl Pts',(-39.8810968951425,12.8243562806928,-8.89155876957302));
#5638=CARTESIAN_POINT('Ctrl Pts',(-40.6549990787755,13.9497162767522,-8.89155876957301));
#5639=CARTESIAN_POINT('Ctrl Pts',(-40.9776673348716,14.5802655636375,-8.89155876957302));
#5640=CARTESIAN_POINT('Ctrl Pts',(-41.1044727187655,14.9367266995099,-8.89155876957301));
#5641=CARTESIAN_POINT('Ctrl Pts',(-41.1510478877998,15.139418733961,-8.89155876957302));
#5642=CARTESIAN_POINT('Ctrl Pts',(-41.1674043815557,15.2743684143139,-8.89155876957301));
#5643=CARTESIAN_POINT('Ctrl Pts',(-41.1698736098306,15.3536085959661,-8.89155876957301));
#5644=CARTESIAN_POINT('Ctrl Pts',(-41.1656431016235,15.4065321914349,-8.89155876957301));
#5645=CARTESIAN_POINT('Ctrl Pts',(-35.4142370651379,9.89418612814361,-9.));
#5646=CARTESIAN_POINT('Ctrl Pts',(-35.4475271197084,9.8915250523434,-9.));
#5647=CARTESIAN_POINT('Ctrl Pts',(-35.5052401406123,9.89299419206257,-9.));
#5648=CARTESIAN_POINT('Ctrl Pts',(-35.6120859656618,9.90584938267371,-9.));
#5649=CARTESIAN_POINT('Ctrl Pts',(-35.786398672337,9.94550153810548,-9.));
#5650=CARTESIAN_POINT('Ctrl Pts',(-36.112016314559,10.060096462854,-9.));
#5651=CARTESIAN_POINT('Ctrl Pts',(-37.0508481523656,10.5463026225239,-9.));
#5652=CARTESIAN_POINT('Ctrl Pts',(-38.3848639174557,11.6086605454328,-8.99999999999999));
#5653=CARTESIAN_POINT('Ctrl Pts',(-39.6795548207569,12.9917604334148,-9.00000000000001));
#5654=CARTESIAN_POINT('Ctrl Pts',(-40.4334604379563,14.0880892927897,-8.99999999999999));
#5655=CARTESIAN_POINT('Ctrl Pts',(-40.7393559127414,14.688380458962,-9.));
#5656=CARTESIAN_POINT('Ctrl Pts',(-40.854585709978,15.0135905499282,-9.));
#5657=CARTESIAN_POINT('Ctrl Pts',(-40.8940917973344,15.1877507448364,-9.));
#5658=CARTESIAN_POINT('Ctrl Pts',(-40.9070163845619,15.2947527178398,-9.));
#5659=CARTESIAN_POINT('Ctrl Pts',(-40.9084729170177,15.3524847639356,-9.));
#5660=CARTESIAN_POINT('Ctrl Pts',(-40.9058128341523,15.3857623614704,-9.));
#5661=CARTESIAN_POINT('Ctrl Pts',(-35.424667400249,10.0246696059194,-9.));
#5662=CARTESIAN_POINT('Ctrl Pts',(-35.4480438500952,10.0228009846215,-9.));
#5663=CARTESIAN_POINT('Ctrl Pts',(-35.4949251505961,10.0237609992034,-9.));
#5664=CARTESIAN_POINT('Ctrl Pts',(-35.5876935556922,10.0348870121856,-9.));
#5665=CARTESIAN_POINT('Ctrl Pts',(-35.7476550983004,10.0709878014814,-9.));
#5666=CARTESIAN_POINT('Ctrl Pts',(-36.0574179647255,10.1796734998773,-9.));
#5667=CARTESIAN_POINT('Ctrl Pts',(-36.9740088534171,10.6534168935401,-9.));
#5668=CARTESIAN_POINT('Ctrl Pts',(-38.2962936849964,11.7051236555457,-8.99999999999999));
#5669=CARTESIAN_POINT('Ctrl Pts',(-39.5783611016217,13.0758506966889,-9.00000000000001));
#5670=CARTESIAN_POINT('Ctrl Pts',(-40.3222102110285,14.1575971803519,-8.99999999999999));
#5671=CARTESIAN_POINT('Ctrl Pts',(-40.6197077846053,14.7428372317123,-9.));
#5672=CARTESIAN_POINT('Ctrl Pts',(-40.7291097708289,15.0523460825667,-9.));
#5673=CARTESIAN_POINT('Ctrl Pts',(-40.7650555116573,15.2121524880148,-9.));
#5674=CARTESIAN_POINT('Ctrl Pts',(-40.7762506315852,15.305071069856,-9.));
#5675=CARTESIAN_POINT('Ctrl Pts',(-40.7771972813123,15.3519643128762,-9.));
#5676=CARTESIAN_POINT('Ctrl Pts',(-40.7753293572583,15.3753320153269,-9.));
#5677=CARTESIAN_POINT('',(-35.3848264548642,9.52625943440319,-8.5));
#5678=CARTESIAN_POINT('Origin',(-35.424667400249,10.0246696059194,-8.5));
#5679=CARTESIAN_POINT('',(-41.273739525406,15.4151730028523,-8.5));
#5680=CARTESIAN_POINT('Ctrl Pts',(-35.3848264548642,9.5262594344032,-8.5));
#5681=CARTESIAN_POINT('Ctrl Pts',(-35.4460003902209,9.52136943103487,-8.5));
#5682=CARTESIAN_POINT('Ctrl Pts',(-35.5341959635155,9.52427205385508,-8.5));
#5683=CARTESIAN_POINT('Ctrl Pts',(-35.680659323575,9.54199342175818,-8.5));
#5684=CARTESIAN_POINT('Ctrl Pts',(-35.8953970157586,9.59164306873536,-8.5));
#5685=CARTESIAN_POINT('Ctrl Pts',(-36.2657079404499,9.72287501130725,-8.5));
#5686=CARTESIAN_POINT('Ctrl Pts',(-37.2675608828143,10.2442851376718,-8.5));
#5687=CARTESIAN_POINT('Ctrl Pts',(-38.6345539923368,11.3366305942759,-8.49999999999999));
#5688=CARTESIAN_POINT('Ctrl Pts',(-39.9649214468732,12.7546844675719,-8.5));
#5689=CARTESIAN_POINT('Ctrl Pts',(-40.7471606112737,13.8921262800621,-8.5));
#5690=CARTESIAN_POINT('Ctrl Pts',(-41.0767757402519,14.5350859697323,-8.5));
#5691=CARTESIAN_POINT('Ctrl Pts',(-41.2084150119691,14.9045574654648,-8.5));
#5692=CARTESIAN_POINT('Ctrl Pts',(-41.2579438690797,15.1191509240974,-8.5));
#5693=CARTESIAN_POINT('Ctrl Pts',(-41.2757355390962,15.2657873185063,-8.5));
#5694=CARTESIAN_POINT('Ctrl Pts',(-41.2786277041535,15.3540219585935,-8.5));
#5695=CARTESIAN_POINT('Ctrl Pts',(-41.273739525406,15.4151730028523,-8.5));
#5696=CARTESIAN_POINT('Origin',(-40.7753293572583,15.3753320153269,-8.5));
#5697=CARTESIAN_POINT('Ctrl Pts',(-40.7753293572583,15.3753320153269,-9.));
#5698=CARTESIAN_POINT('Ctrl Pts',(-40.7771972813123,15.3519643128762,-9.));
#5699=CARTESIAN_POINT('Ctrl Pts',(-40.7762506315852,15.305071069856,-9.));
#5700=CARTESIAN_POINT('Ctrl Pts',(-40.7650555116573,15.2121524880148,-9.));
#5701=CARTESIAN_POINT('Ctrl Pts',(-40.7291097708289,15.0523460825667,-9.));
#5702=CARTESIAN_POINT('Ctrl Pts',(-40.6197077846053,14.7428372317123,-9.));
#5703=CARTESIAN_POINT('Ctrl Pts',(-40.3222102110285,14.1575971803519,-8.99999999999999));
#5704=CARTESIAN_POINT('Ctrl Pts',(-39.5783611016217,13.0758506966889,-9.00000000000001));
#5705=CARTESIAN_POINT('Ctrl Pts',(-38.2962936849964,11.7051236555457,-8.99999999999999));
#5706=CARTESIAN_POINT('Ctrl Pts',(-36.9740088534171,10.6534168935401,-9.));
#5707=CARTESIAN_POINT('Ctrl Pts',(-36.0574179647255,10.1796734998773,-9.));
#5708=CARTESIAN_POINT('Ctrl Pts',(-35.7476550983004,10.0709878014814,-9.));
#5709=CARTESIAN_POINT('Ctrl Pts',(-35.5876935556922,10.0348870121856,-9.));
#5710=CARTESIAN_POINT('Ctrl Pts',(-35.4949251505961,10.0237609992034,-9.));
#5711=CARTESIAN_POINT('Ctrl Pts',(-35.4480438500952,10.0228009846215,-9.));
#5712=CARTESIAN_POINT('Ctrl Pts',(-35.424667400249,10.0246696059194,-9.));
#5713=CARTESIAN_POINT('Ctrl Pts',(-41.273739525406,15.4151730028523,-8.5));
#5714=CARTESIAN_POINT('Ctrl Pts',(-41.2515922591983,15.6922349774727,-8.5));
#5715=CARTESIAN_POINT('Ctrl Pts',(-41.0922322791361,15.851594944061,-8.5));
#5716=CARTESIAN_POINT('Ctrl Pts',(-40.8151703026431,15.8737421868432,-8.5));
#5717=CARTESIAN_POINT('Ctrl Pts',(-41.273739525406,15.4151730028523,-8.64959965017094));
#5718=CARTESIAN_POINT('Ctrl Pts',(-41.2574224349781,15.6710329820948,-8.64524809473971));
#5719=CARTESIAN_POINT('Ctrl Pts',(-41.0710302832652,15.8574251180482,-8.64524809473971));
#5720=CARTESIAN_POINT('Ctrl Pts',(-40.8151703026431,15.8737421868432,-8.64959965017094));
#5721=CARTESIAN_POINT('Ctrl Pts',(-41.1485304222735,15.4051642698152,-8.90854728388928));
#5722=CARTESIAN_POINT('Ctrl Pts',(-41.1244672310582,15.5473965590233,-8.93308443629808));
#5723=CARTESIAN_POINT('Ctrl Pts',(-40.947393871435,15.7244699036749,-8.93308443629808));
#5724=CARTESIAN_POINT('Ctrl Pts',(-40.8051615801924,15.7485330828644,-8.90854728388928));
#5725=CARTESIAN_POINT('Ctrl Pts',(-40.8871723374531,15.3842723120213,-9.));
#5726=CARTESIAN_POINT('Ctrl Pts',(-40.8548159005915,15.4123663087909,-9.00344629632249));
#5727=CARTESIAN_POINT('Ctrl Pts',(-40.8123636440017,15.4548185617913,-9.00344629632249));
#5728=CARTESIAN_POINT('Ctrl Pts',(-40.7842696444964,15.4871749962776,-9.));
#5729=CARTESIAN_POINT('Ctrl Pts',(-40.7753293572583,15.3753320153269,-9.));
#5730=CARTESIAN_POINT('Ctrl Pts',(-40.7753293572583,15.3753320153269,-9.));
#5731=CARTESIAN_POINT('Ctrl Pts',(-40.7753293572583,15.3753320153269,-9.));
#5732=CARTESIAN_POINT('Ctrl Pts',(-40.7753293572583,15.3753320153269,-9.));
#5733=CARTESIAN_POINT('Ctrl Pts',(-41.273739525406,15.4151730028523,-8.5));
#5734=CARTESIAN_POINT('Ctrl Pts',(-41.2515922591983,15.6922349774727,-8.5));
#5735=CARTESIAN_POINT('Ctrl Pts',(-41.0922322791361,15.851594944061,-8.5));
#5736=CARTESIAN_POINT('Ctrl Pts',(-40.8151703026431,15.8737421868432,-8.5));
#5737=CARTESIAN_POINT('Ctrl Pts',(-34.9262572321013,9.98482861839408,-8.5));
#5738=CARTESIAN_POINT('Ctrl Pts',(-34.948404498309,9.70776664377365,-8.5));
#5739=CARTESIAN_POINT('Ctrl Pts',(-35.1077644783712,9.54840667718534,-8.5));
#5740=CARTESIAN_POINT('Ctrl Pts',(-35.3848264548642,9.52625943440319,-8.5));
#5741=CARTESIAN_POINT('Ctrl Pts',(-34.9262572321013,9.98482861839408,-8.64959965017094));
#5742=CARTESIAN_POINT('Ctrl Pts',(-34.9425743225292,9.7289686391516,-8.64524809473971));
#5743=CARTESIAN_POINT('Ctrl Pts',(-35.1289664742421,9.54257650319818,-8.64524809473971));
#5744=CARTESIAN_POINT('Ctrl Pts',(-35.3848264548642,9.52625943440319,-8.64959965017094));
#5745=CARTESIAN_POINT('Ctrl Pts',(-35.0514548019562,9.99483642950543,-8.90856116633733));
#5746=CARTESIAN_POINT('Ctrl Pts',(-35.0755179931715,9.85260414029736,-8.93309831874613));
#5747=CARTESIAN_POINT('Ctrl Pts',(-35.2526019641475,9.67552018429385,-8.93309831874613));
#5748=CARTESIAN_POINT('Ctrl Pts',(-35.3948342553901,9.6514570051043,-8.90856116633733));
#5749=CARTESIAN_POINT('Ctrl Pts',(-35.3128244200542,10.015729309225,-9.));
#5750=CARTESIAN_POINT('Ctrl Pts',(-35.3451808569158,9.98763531245545,-9.00344629632249));
#5751=CARTESIAN_POINT('Ctrl Pts',(-35.3876331135056,9.94518305945504,-9.00344629632249));
#5752=CARTESIAN_POINT('Ctrl Pts',(-35.4157271130109,9.91282662496873,-9.));
#5753=CARTESIAN_POINT('Ctrl Pts',(-35.424667400249,10.0246696059194,-9.));
#5754=CARTESIAN_POINT('Ctrl Pts',(-35.424667400249,10.0246696059194,-9.));
#5755=CARTESIAN_POINT('Ctrl Pts',(-35.424667400249,10.0246696059194,-9.));
#5756=CARTESIAN_POINT('Ctrl Pts',(-35.424667400249,10.0246696059194,-9.));
#5757=CARTESIAN_POINT('',(-35.0599488271258,9.65995100195928,-8.5));
#5758=CARTESIAN_POINT('Ctrl Pts',(-34.9262572321013,9.98482861839408,-8.5));
#5759=CARTESIAN_POINT('Ctrl Pts',(-34.9373308652052,9.84629763108387,-8.5));
#5760=CARTESIAN_POINT('Ctrl Pts',(-34.9827076767726,9.73719214578168,-8.5));
#5761=CARTESIAN_POINT('Ctrl Pts',(-35.0599488271258,9.65995100195928,-8.5));
#5762=CARTESIAN_POINT('Ctrl Pts',(-35.0599488271258,9.65995100195928,-8.5));
#5763=CARTESIAN_POINT('Ctrl Pts',(-35.1371899774789,9.58270985813688,-8.5));
#5764=CARTESIAN_POINT('Ctrl Pts',(-35.2462954666177,9.53733305579427,-8.5));
#5765=CARTESIAN_POINT('Ctrl Pts',(-35.3848264548642,9.52625943440319,-8.5));
#5766=CARTESIAN_POINT('Origin',(-38.0999983787537,12.7000008106232,-9.));
#5767=CARTESIAN_POINT('Ctrl Pts',(-35.059439348191,9.65944152298148,-7.));
#5768=CARTESIAN_POINT('Ctrl Pts',(-35.9786782025943,8.74020274629976,-7.));
#5769=CARTESIAN_POINT('Ctrl Pts',(-39.019237233157,11.7807620339415,-7.));
#5770=CARTESIAN_POINT('Ctrl Pts',(-42.0597962637196,14.8213213215831,-7.));
#5771=CARTESIAN_POINT('Ctrl Pts',(-41.1405574093163,15.7405600982649,-7.));
#5772=CARTESIAN_POINT('Ctrl Pts',(-40.221318554913,16.6597988749466,-7.));
#5773=CARTESIAN_POINT('Ctrl Pts',(-37.1807595243503,13.6192395873049,-7.));
#5774=CARTESIAN_POINT('Ctrl Pts',(-34.1402004937877,10.5786802996632,-7.));
#5775=CARTESIAN_POINT('Ctrl Pts',(-35.059439348191,9.65944152298148,-7.));
#5776=CARTESIAN_POINT('Ctrl Pts',(-35.059439348191,9.65944152298148,-8.5));
#5777=CARTESIAN_POINT('Ctrl Pts',(-35.9786782025943,8.74020274629976,-8.5));
#5778=CARTESIAN_POINT('Ctrl Pts',(-39.019237233157,11.7807620339415,-8.5));
#5779=CARTESIAN_POINT('Ctrl Pts',(-42.0597962637196,14.8213213215831,-8.5));
#5780=CARTESIAN_POINT('Ctrl Pts',(-41.1405574093163,15.7405600982649,-8.5));
#5781=CARTESIAN_POINT('Ctrl Pts',(-40.221318554913,16.6597988749466,-8.5));
#5782=CARTESIAN_POINT('Ctrl Pts',(-37.1807595243503,13.6192395873049,-8.5));
#5783=CARTESIAN_POINT('Ctrl Pts',(-34.1402004937877,10.5786802996632,-8.5));
#5784=CARTESIAN_POINT('Ctrl Pts',(-35.059439348191,9.65944152298148,-8.5));
#5785=CARTESIAN_POINT('',(-35.059439348191,9.65944152298148,0.));
#5786=CARTESIAN_POINT('Origin',(-33.6098726313756,17.1901279418215,-1.));
#5787=CARTESIAN_POINT('',(-30.7098726313755,17.1901279418215,-1.));
#5788=CARTESIAN_POINT('Origin',(-29.7098726313755,17.1901279418215,-1.));
#5789=CARTESIAN_POINT('',(-36.5098726313756,17.1901279418215,-1.));
#5790=CARTESIAN_POINT('Origin',(-33.6098726313756,17.1901279418215,-1.));
#5791=CARTESIAN_POINT('Origin',(-33.6098726313756,17.1901279418215,-1.));
#5792=CARTESIAN_POINT('Origin',(-33.6098726313756,17.1901279418215,0.));
#5793=CARTESIAN_POINT('',(-36.5098726313756,17.1901279418215,-2.5));
#5794=CARTESIAN_POINT('',(-36.5098726313756,17.1901279418215,0.));
#5795=CARTESIAN_POINT('Origin',(-33.6098726313756,17.1901279418215,-2.5));
#5796=CARTESIAN_POINT('Origin',(-42.5901293951823,8.20987246349003,-1.));
#5797=CARTESIAN_POINT('',(-39.6901293951823,8.20987246349003,-1.));
#5798=CARTESIAN_POINT('Origin',(-38.6901293951823,8.20987246349003,-1.));
#5799=CARTESIAN_POINT('',(-45.4901293951823,8.20987246349003,-1.));
#5800=CARTESIAN_POINT('Origin',(-42.5901293951823,8.20987246349003,-1.));
#5801=CARTESIAN_POINT('Origin',(-42.5901293951823,8.20987246349003,-1.));
#5802=CARTESIAN_POINT('Origin',(-42.5901293951823,8.20987246349003,0.));
#5803=CARTESIAN_POINT('',(-45.4901293951823,8.20987246349003,-2.5));
#5804=CARTESIAN_POINT('',(-45.4901293951823,8.20987246349003,0.));
#5805=CARTESIAN_POINT('Origin',(-42.5901293951823,8.20987246349003,-2.5));
#5806=CARTESIAN_POINT('Origin',(-33.6098726313756,17.1901279418215,-2.5));
#5807=CARTESIAN_POINT('',(-35.1598726313755,17.1901279418215,-2.5));
#5808=CARTESIAN_POINT('Origin',(-33.6098726313756,17.1901279418215,-2.5));
#5809=CARTESIAN_POINT('Origin',(-42.5901293951823,8.20987246349003,-2.5));
#5810=CARTESIAN_POINT('',(-44.1401293951823,8.20987246349003,-2.5));
#5811=CARTESIAN_POINT('Origin',(-42.5901293951823,8.20987246349003,-2.5));
#5812=CARTESIAN_POINT('Origin',(-33.6098726313756,17.1901279418215,0.));
#5813=CARTESIAN_POINT('',(-35.1598726313755,17.1901279418215,0.));
#5814=CARTESIAN_POINT('Origin',(-42.5901293951823,8.20987246349003,0.));
#5815=CARTESIAN_POINT('',(-44.1401293951823,8.20987246349003,0.));
#5816=CARTESIAN_POINT('',(0.,0.,0.));
#5817=CARTESIAN_POINT('',(0.,0.,0.));
#5818=CARTESIAN_POINT('',(0.,0.,0.));
#5819=CARTESIAN_POINT('',(0.,0.,0.));
#5820=CARTESIAN_POINT('',(0.,0.,0.));
#5821=CARTESIAN_POINT('',(0.,0.,0.));
#5822=CARTESIAN_POINT('',(0.,0.,0.));
#5823=CARTESIAN_POINT('',(0.,0.,0.));
#5824=CARTESIAN_POINT('',(0.,0.,0.));
#5825=CARTESIAN_POINT('',(0.,0.,0.));
#5826=CARTESIAN_POINT('',(0.,0.,0.));
#5827=CARTESIAN_POINT('',(0.,0.,0.));
#5828=CARTESIAN_POINT('',(0.,0.,0.));
#5829=CARTESIAN_POINT('',(0.,0.,0.));
#5830=CARTESIAN_POINT('',(0.,0.,0.));
#5831=CARTESIAN_POINT('',(0.,0.,0.));
#5832=CARTESIAN_POINT('',(-160.976464548013,-461.76051901449,36.4197626373058));
#5833=CARTESIAN_POINT('',(-23.892134303384,-186.818024872545,29.4197626373057));
#5834=CARTESIAN_POINT('',(235.570043520118,-316.036731153943,36.4197626373062));
#5835=CARTESIAN_POINT('',(-278.711090192539,-19.7833106159069,36.4197626373057));
#5836=CARTESIAN_POINT('',(117.835417875581,125.940477244634,36.4197626373058));
#5837=CARTESIAN_POINT('',(97.2270065755689,-35.6446216395191,54.7269551437683));
#5838=CARTESIAN_POINT('',(0.,0.,0.));
#5839=CARTESIAN_POINT('',(0.,0.,0.));
#5840=CARTESIAN_POINT('',(-24.6158060442045,-185.71694632054,57.2974390583706));
#5841=CARTESIAN_POINT('',(0.,0.,0.));
#5842=CARTESIAN_POINT('',(0.,0.,0.));
#5843=CARTESIAN_POINT('',(0.,0.,0.));
#5844=CARTESIAN_POINT('',(0.,0.,0.));
#5845=CARTESIAN_POINT('',(0.,0.,0.));
#5846=CARTESIAN_POINT('',(0.,0.,0.));
#5847=CARTESIAN_POINT('',(0.,0.,0.));
#5848=CARTESIAN_POINT('',(0.,0.,0.));
#5849=CARTESIAN_POINT('',(0.,0.,0.));
#5850=CARTESIAN_POINT('',(0.,0.,0.));
#5851=CARTESIAN_POINT('',(0.,0.,0.));
#5852=CARTESIAN_POINT('',(0.,0.,0.));
#5853=CARTESIAN_POINT('',(0.,0.,0.));
#5854=CARTESIAN_POINT('',(0.,0.,0.));
#5855=CARTESIAN_POINT('',(0.,0.,0.));
#5856=CARTESIAN_POINT('Origin',(0.,0.,0.));
#5857=UNCERTAINTY_MEASURE_WITH_UNIT(LENGTH_MEASURE(0.01),#5903,
'DISTANCE_ACCURACY_VALUE',
'Maximum model space distance between geometric entities at asserted c
onnectivities');
#5858=UNCERTAINTY_MEASURE_WITH_UNIT(LENGTH_MEASURE(0.01),#5903,
'DISTANCE_ACCURACY_VALUE',
'Maximum model space distance between geometric entities at asserted c
onnectivities');
#5859=UNCERTAINTY_MEASURE_WITH_UNIT(LENGTH_MEASURE(0.01),#5903,
'DISTANCE_ACCURACY_VALUE',
'Maximum model space distance between geometric entities at asserted c
onnectivities');
#5860=UNCERTAINTY_MEASURE_WITH_UNIT(LENGTH_MEASURE(0.01),#5903,
'DISTANCE_ACCURACY_VALUE',
'Maximum model space distance between geometric entities at asserted c
onnectivities');
#5861=UNCERTAINTY_MEASURE_WITH_UNIT(LENGTH_MEASURE(0.01),#5903,
'DISTANCE_ACCURACY_VALUE',
'Maximum model space distance between geometric entities at asserted c
onnectivities');
#5862=UNCERTAINTY_MEASURE_WITH_UNIT(LENGTH_MEASURE(0.01),#5903,
'DISTANCE_ACCURACY_VALUE',
'Maximum model space distance between geometric entities at asserted c
onnectivities');
#5863=UNCERTAINTY_MEASURE_WITH_UNIT(LENGTH_MEASURE(0.01),#5903,
'DISTANCE_ACCURACY_VALUE',
'Maximum model space distance between geometric entities at asserted c
onnectivities');
#5864=UNCERTAINTY_MEASURE_WITH_UNIT(LENGTH_MEASURE(0.01),#5903,
'DISTANCE_ACCURACY_VALUE',
'Maximum model space distance between geometric entities at asserted c
onnectivities');
#5865=UNCERTAINTY_MEASURE_WITH_UNIT(LENGTH_MEASURE(0.01),#5903,
'DISTANCE_ACCURACY_VALUE',
'Maximum model space distance between geometric entities at asserted c
onnectivities');
#5866=UNCERTAINTY_MEASURE_WITH_UNIT(LENGTH_MEASURE(0.01),#5903,
'DISTANCE_ACCURACY_VALUE',
'Maximum model space distance between geometric entities at asserted c
onnectivities');
#5867=UNCERTAINTY_MEASURE_WITH_UNIT(LENGTH_MEASURE(0.01),#5903,
'DISTANCE_ACCURACY_VALUE',
'Maximum model space distance between geometric entities at asserted c
onnectivities');
#5868=UNCERTAINTY_MEASURE_WITH_UNIT(LENGTH_MEASURE(0.01),#5903,
'DISTANCE_ACCURACY_VALUE',
'Maximum model space distance between geometric entities at asserted c
onnectivities');
#5869=UNCERTAINTY_MEASURE_WITH_UNIT(LENGTH_MEASURE(0.01),#5903,
'DISTANCE_ACCURACY_VALUE',
'Maximum model space distance between geometric entities at asserted c
onnectivities');
#5870=UNCERTAINTY_MEASURE_WITH_UNIT(LENGTH_MEASURE(0.01),#5903,
'DISTANCE_ACCURACY_VALUE',
'Maximum model space distance between geometric entities at asserted c
onnectivities');
#5871=UNCERTAINTY_MEASURE_WITH_UNIT(LENGTH_MEASURE(0.01),#5903,
'DISTANCE_ACCURACY_VALUE',
'Maximum model space distance between geometric entities at asserted c
onnectivities');
#5872=UNCERTAINTY_MEASURE_WITH_UNIT(LENGTH_MEASURE(0.01),#5903,
'DISTANCE_ACCURACY_VALUE',
'Maximum model space distance between geometric entities at asserted c
onnectivities');
#5873=UNCERTAINTY_MEASURE_WITH_UNIT(LENGTH_MEASURE(0.01),#5903,
'DISTANCE_ACCURACY_VALUE',
'Maximum model space distance between geometric entities at asserted c
onnectivities');
#5874=UNCERTAINTY_MEASURE_WITH_UNIT(LENGTH_MEASURE(0.01),#5903,
'DISTANCE_ACCURACY_VALUE',
'Maximum model space distance between geometric entities at asserted c
onnectivities');
#5875=UNCERTAINTY_MEASURE_WITH_UNIT(LENGTH_MEASURE(0.01),#5903,
'DISTANCE_ACCURACY_VALUE',
'Maximum model space distance between geometric entities at asserted c
onnectivities');
#5876=UNCERTAINTY_MEASURE_WITH_UNIT(LENGTH_MEASURE(0.01),#5903,
'DISTANCE_ACCURACY_VALUE',
'Maximum model space distance between geometric entities at asserted c
onnectivities');
#5877=UNCERTAINTY_MEASURE_WITH_UNIT(LENGTH_MEASURE(0.01),#5903,
'DISTANCE_ACCURACY_VALUE',
'Maximum model space distance between geometric entities at asserted c
onnectivities');
#5878=UNCERTAINTY_MEASURE_WITH_UNIT(LENGTH_MEASURE(0.01),#5903,
'DISTANCE_ACCURACY_VALUE',
'Maximum model space distance between geometric entities at asserted c
onnectivities');
#5879=UNCERTAINTY_MEASURE_WITH_UNIT(LENGTH_MEASURE(0.01),#5903,
'DISTANCE_ACCURACY_VALUE',
'Maximum model space distance between geometric entities at asserted c
onnectivities');
#5880=(
GEOMETRIC_REPRESENTATION_CONTEXT(3)
GLOBAL_UNCERTAINTY_ASSIGNED_CONTEXT((#5857))
GLOBAL_UNIT_ASSIGNED_CONTEXT((#5903,#5905,#5906))
REPRESENTATION_CONTEXT('','3D')
);
#5881=(
GEOMETRIC_REPRESENTATION_CONTEXT(3)
GLOBAL_UNCERTAINTY_ASSIGNED_CONTEXT((#5858))
GLOBAL_UNIT_ASSIGNED_CONTEXT((#5903,#5905,#5906))
REPRESENTATION_CONTEXT('','3D')
);
#5882=(
GEOMETRIC_REPRESENTATION_CONTEXT(3)
GLOBAL_UNCERTAINTY_ASSIGNED_CONTEXT((#5859))
GLOBAL_UNIT_ASSIGNED_CONTEXT((#5903,#5905,#5906))
REPRESENTATION_CONTEXT('','3D')
);
#5883=(
GEOMETRIC_REPRESENTATION_CONTEXT(3)
GLOBAL_UNCERTAINTY_ASSIGNED_CONTEXT((#5860))
GLOBAL_UNIT_ASSIGNED_CONTEXT((#5903,#5905,#5906))
REPRESENTATION_CONTEXT('','3D')
);
#5884=(
GEOMETRIC_REPRESENTATION_CONTEXT(3)
GLOBAL_UNCERTAINTY_ASSIGNED_CONTEXT((#5861))
GLOBAL_UNIT_ASSIGNED_CONTEXT((#5903,#5905,#5906))
REPRESENTATION_CONTEXT('','3D')
);
#5885=(
GEOMETRIC_REPRESENTATION_CONTEXT(3)
GLOBAL_UNCERTAINTY_ASSIGNED_CONTEXT((#5862))
GLOBAL_UNIT_ASSIGNED_CONTEXT((#5903,#5905,#5906))
REPRESENTATION_CONTEXT('','3D')
);
#5886=(
GEOMETRIC_REPRESENTATION_CONTEXT(3)
GLOBAL_UNCERTAINTY_ASSIGNED_CONTEXT((#5863))
GLOBAL_UNIT_ASSIGNED_CONTEXT((#5903,#5905,#5906))
REPRESENTATION_CONTEXT('','3D')
);
#5887=(
GEOMETRIC_REPRESENTATION_CONTEXT(3)
GLOBAL_UNCERTAINTY_ASSIGNED_CONTEXT((#5864))
GLOBAL_UNIT_ASSIGNED_CONTEXT((#5903,#5905,#5906))
REPRESENTATION_CONTEXT('','3D')
);
#5888=(
GEOMETRIC_REPRESENTATION_CONTEXT(3)
GLOBAL_UNCERTAINTY_ASSIGNED_CONTEXT((#5865))
GLOBAL_UNIT_ASSIGNED_CONTEXT((#5903,#5905,#5906))
REPRESENTATION_CONTEXT('','3D')
);
#5889=(
GEOMETRIC_REPRESENTATION_CONTEXT(3)
GLOBAL_UNCERTAINTY_ASSIGNED_CONTEXT((#5866))
GLOBAL_UNIT_ASSIGNED_CONTEXT((#5903,#5905,#5906))
REPRESENTATION_CONTEXT('','3D')
);
#5890=(
GEOMETRIC_REPRESENTATION_CONTEXT(3)
GLOBAL_UNCERTAINTY_ASSIGNED_CONTEXT((#5867))
GLOBAL_UNIT_ASSIGNED_CONTEXT((#5903,#5905,#5906))
REPRESENTATION_CONTEXT('','3D')
);
#5891=(
GEOMETRIC_REPRESENTATION_CONTEXT(3)
GLOBAL_UNCERTAINTY_ASSIGNED_CONTEXT((#5868))
GLOBAL_UNIT_ASSIGNED_CONTEXT((#5903,#5905,#5906))
REPRESENTATION_CONTEXT('','3D')
);
#5892=(
GEOMETRIC_REPRESENTATION_CONTEXT(3)
GLOBAL_UNCERTAINTY_ASSIGNED_CONTEXT((#5869))
GLOBAL_UNIT_ASSIGNED_CONTEXT((#5903,#5905,#5906))
REPRESENTATION_CONTEXT('','3D')
);
#5893=(
GEOMETRIC_REPRESENTATION_CONTEXT(3)
GLOBAL_UNCERTAINTY_ASSIGNED_CONTEXT((#5870))
GLOBAL_UNIT_ASSIGNED_CONTEXT((#5903,#5905,#5906))
REPRESENTATION_CONTEXT('','3D')
);
#5894=(
GEOMETRIC_REPRESENTATION_CONTEXT(3)
GLOBAL_UNCERTAINTY_ASSIGNED_CONTEXT((#5871))
GLOBAL_UNIT_ASSIGNED_CONTEXT((#5903,#5905,#5906))
REPRESENTATION_CONTEXT('','3D')
);
#5895=(
GEOMETRIC_REPRESENTATION_CONTEXT(3)
GLOBAL_UNCERTAINTY_ASSIGNED_CONTEXT((#5872))
GLOBAL_UNIT_ASSIGNED_CONTEXT((#5903,#5905,#5906))
REPRESENTATION_CONTEXT('','3D')
);
#5896=(
GEOMETRIC_REPRESENTATION_CONTEXT(3)
GLOBAL_UNCERTAINTY_ASSIGNED_CONTEXT((#5873))
GLOBAL_UNIT_ASSIGNED_CONTEXT((#5903,#5905,#5906))
REPRESENTATION_CONTEXT('','3D')
);
#5897=(
GEOMETRIC_REPRESENTATION_CONTEXT(3)
GLOBAL_UNCERTAINTY_ASSIGNED_CONTEXT((#5874))
GLOBAL_UNIT_ASSIGNED_CONTEXT((#5903,#5905,#5906))
REPRESENTATION_CONTEXT('','3D')
);
#5898=(
GEOMETRIC_REPRESENTATION_CONTEXT(3)
GLOBAL_UNCERTAINTY_ASSIGNED_CONTEXT((#5875))
GLOBAL_UNIT_ASSIGNED_CONTEXT((#5903,#5905,#5906))
REPRESENTATION_CONTEXT('','3D')
);
#5899=(
GEOMETRIC_REPRESENTATION_CONTEXT(3)
GLOBAL_UNCERTAINTY_ASSIGNED_CONTEXT((#5876))
GLOBAL_UNIT_ASSIGNED_CONTEXT((#5903,#5905,#5906))
REPRESENTATION_CONTEXT('','3D')
);
#5900=(
GEOMETRIC_REPRESENTATION_CONTEXT(3)
GLOBAL_UNCERTAINTY_ASSIGNED_CONTEXT((#5877))
GLOBAL_UNIT_ASSIGNED_CONTEXT((#5903,#5905,#5906))
REPRESENTATION_CONTEXT('','3D')
);
#5901=(
GEOMETRIC_REPRESENTATION_CONTEXT(3)
GLOBAL_UNCERTAINTY_ASSIGNED_CONTEXT((#5878))
GLOBAL_UNIT_ASSIGNED_CONTEXT((#5903,#5905,#5906))
REPRESENTATION_CONTEXT('','3D')
);
#5902=(
GEOMETRIC_REPRESENTATION_CONTEXT(3)
GLOBAL_UNCERTAINTY_ASSIGNED_CONTEXT((#5879))
GLOBAL_UNIT_ASSIGNED_CONTEXT((#5903,#5905,#5906))
REPRESENTATION_CONTEXT('','3D')
);
#5903=(
LENGTH_UNIT()
NAMED_UNIT(*)
SI_UNIT(.MILLI.,.METRE.)
);
#5904=(
LENGTH_UNIT()
NAMED_UNIT(*)
SI_UNIT($,.METRE.)
);
#5905=(
NAMED_UNIT(*)
PLANE_ANGLE_UNIT()
SI_UNIT($,.RADIAN.)
);
#5906=(
NAMED_UNIT(*)
SI_UNIT($,.STERADIAN.)
SOLID_ANGLE_UNIT()
);
#5907=SHAPE_DEFINITION_REPRESENTATION(#5929,#5976);
#5908=SHAPE_DEFINITION_REPRESENTATION(#5930,#5977);
#5909=SHAPE_DEFINITION_REPRESENTATION(#5931,#5978);
#5910=SHAPE_DEFINITION_REPRESENTATION(#5932,#5979);
#5911=SHAPE_DEFINITION_REPRESENTATION(#5933,#5980);
#5912=SHAPE_DEFINITION_REPRESENTATION(#5934,#5981);
#5913=SHAPE_DEFINITION_REPRESENTATION(#5935,#5982);
#5914=SHAPE_DEFINITION_REPRESENTATION(#5936,#5983);
#5915=SHAPE_DEFINITION_REPRESENTATION(#5937,#5984);
#5916=SHAPE_DEFINITION_REPRESENTATION(#5938,#5985);
#5917=SHAPE_DEFINITION_REPRESENTATION(#5939,#5986);
#5918=SHAPE_DEFINITION_REPRESENTATION(#5940,#5987);
#5919=SHAPE_DEFINITION_REPRESENTATION(#5941,#5988);
#5920=SHAPE_DEFINITION_REPRESENTATION(#5942,#5989);
#5921=SHAPE_DEFINITION_REPRESENTATION(#5943,#5990);
#5922=SHAPE_DEFINITION_REPRESENTATION(#5944,#5991);
#5923=SHAPE_DEFINITION_REPRESENTATION(#5945,#5992);
#5924=SHAPE_DEFINITION_REPRESENTATION(#5946,#5993);
#5925=SHAPE_DEFINITION_REPRESENTATION(#5947,#5994);
#5926=SHAPE_DEFINITION_REPRESENTATION(#5948,#5995);
#5927=SHAPE_DEFINITION_REPRESENTATION(#5949,#5996);
#5928=SHAPE_DEFINITION_REPRESENTATION(#5950,#5997);
#5929=PRODUCT_DEFINITION_SHAPE('',$,#5999);
#5930=PRODUCT_DEFINITION_SHAPE('',$,#6000);
#5931=PRODUCT_DEFINITION_SHAPE('',$,#6001);
#5932=PRODUCT_DEFINITION_SHAPE('',$,#6002);
#5933=PRODUCT_DEFINITION_SHAPE('',$,#6003);
#5934=PRODUCT_DEFINITION_SHAPE('',$,#6004);
#5935=PRODUCT_DEFINITION_SHAPE('',$,#6005);
#5936=PRODUCT_DEFINITION_SHAPE('',$,#6006);
#5937=PRODUCT_DEFINITION_SHAPE('',$,#6007);
#5938=PRODUCT_DEFINITION_SHAPE('',$,#6008);
#5939=PRODUCT_DEFINITION_SHAPE('',$,#6009);
#5940=PRODUCT_DEFINITION_SHAPE('',$,#6010);
#5941=PRODUCT_DEFINITION_SHAPE('',$,#6011);
#5942=PRODUCT_DEFINITION_SHAPE('',$,#6012);
#5943=PRODUCT_DEFINITION_SHAPE('',$,#6013);
#5944=PRODUCT_DEFINITION_SHAPE('',$,#6014);
#5945=PRODUCT_DEFINITION_SHAPE('',$,#6015);
#5946=PRODUCT_DEFINITION_SHAPE('',$,#6016);
#5947=PRODUCT_DEFINITION_SHAPE('',$,#6017);
#5948=PRODUCT_DEFINITION_SHAPE('',$,#6018);
#5949=PRODUCT_DEFINITION_SHAPE('',$,#6019);
#5950=PRODUCT_DEFINITION_SHAPE('',$,#6020);
#5951=PRODUCT_DEFINITION_SHAPE($,$,#96);
#5952=PRODUCT_DEFINITION_SHAPE($,$,#97);
#5953=PRODUCT_DEFINITION_SHAPE($,$,#98);
#5954=PRODUCT_DEFINITION_SHAPE($,$,#99);
#5955=PRODUCT_DEFINITION_SHAPE($,$,#100);
#5956=PRODUCT_DEFINITION_SHAPE($,$,#101);
#5957=PRODUCT_DEFINITION_SHAPE($,$,#102);
#5958=PRODUCT_DEFINITION_SHAPE($,$,#103);
#5959=PRODUCT_DEFINITION_SHAPE($,$,#104);
#5960=PRODUCT_DEFINITION_SHAPE($,$,#105);
#5961=PRODUCT_DEFINITION_SHAPE($,$,#106);
#5962=PRODUCT_DEFINITION_SHAPE($,$,#107);
#5963=PRODUCT_DEFINITION_SHAPE($,$,#108);
#5964=PRODUCT_DEFINITION_SHAPE($,$,#109);
#5965=PRODUCT_DEFINITION_SHAPE($,$,#110);
#5966=PRODUCT_DEFINITION_SHAPE($,$,#111);
#5967=PRODUCT_DEFINITION_SHAPE($,$,#112);
#5968=PRODUCT_DEFINITION_SHAPE($,$,#113);
#5969=PRODUCT_DEFINITION_SHAPE($,$,#114);
#5970=PRODUCT_DEFINITION_SHAPE($,$,#115);
#5971=PRODUCT_DEFINITION_SHAPE($,$,#116);
#5972=PRODUCT_DEFINITION_SHAPE($,$,#117);
#5973=PRODUCT_DEFINITION_SHAPE($,$,#118);
#5974=PRODUCT_DEFINITION_SHAPE($,$,#119);
#5975=PRODUCT_DEFINITION_SHAPE($,$,#120);
#5976=SHAPE_REPRESENTATION('',(#2571,#2871,#2872,#2873,#2874,#2875,#2876,
#2877,#2878,#2879,#2880,#2881,#2882,#2883,#2884,#2885,#2886,#2887,#2888,
#2889,#2890,#2891,#2892,#2893,#2894,#2895),#5880);
#5977=SHAPE_REPRESENTATION('',(#2572),#5881);
#5978=SHAPE_REPRESENTATION('',(#2573),#5882);
#5979=SHAPE_REPRESENTATION('',(#2640),#5883);
#5980=SHAPE_REPRESENTATION('',(#2641),#5884);
#5981=SHAPE_REPRESENTATION('',(#2642),#5885);
#5982=SHAPE_REPRESENTATION('',(#2643),#5886);
#5983=SHAPE_REPRESENTATION('',(#2856),#5887);
#5984=SHAPE_REPRESENTATION('',(#2857),#5888);
#5985=SHAPE_REPRESENTATION('',(#2858),#5889);
#5986=SHAPE_REPRESENTATION('',(#2859),#5890);
#5987=SHAPE_REPRESENTATION('',(#2860),#5891);
#5988=SHAPE_REPRESENTATION('',(#2861),#5892);
#5989=SHAPE_REPRESENTATION('',(#2862),#5893);
#5990=SHAPE_REPRESENTATION('',(#2863),#5894);
#5991=SHAPE_REPRESENTATION('',(#2864),#5895);
#5992=SHAPE_REPRESENTATION('',(#2865),#5896);
#5993=SHAPE_REPRESENTATION('',(#2866),#5897);
#5994=SHAPE_REPRESENTATION('',(#2867),#5898);
#5995=SHAPE_REPRESENTATION('',(#2868),#5899);
#5996=SHAPE_REPRESENTATION('',(#2869),#5900);
#5997=SHAPE_REPRESENTATION('',(#2870),#5901);
#5998=PRODUCT_DEFINITION_CONTEXT('part definition',#6066,'design');
#5999=PRODUCT_DEFINITION('Assembly','assembly',#6021,#5998);
#6000=PRODUCT_DEFINITION('Component1','Component1',#6022,#5998);
#6001=PRODUCT_DEFINITION('QUADCOPTER 2.0 (v10~recovered)','Motor Arm',#6023,
#5998);
#6002=PRODUCT_DEFINITION('Motor Mount (4)','Motor Mount (4)',#6024,#5998);
#6003=PRODUCT_DEFINITION('Motor Mount (1)','Motor Mount (1)',#6025,#5998);
#6004=PRODUCT_DEFINITION('ESC','ESC',#6026,#5998);
#6005=PRODUCT_DEFINITION('bottom plate (v8~recovered)','Center Plate',#6027,
#5998);
#6006=PRODUCT_DEFINITION('Motor (1)','Motor (1)',#6028,#5998);
#6007=PRODUCT_DEFINITION('Motor (2)','Motor (2)',#6029,#5998);
#6008=PRODUCT_DEFINITION('Motor (4)','Motor (4)',#6030,#5998);
#6009=PRODUCT_DEFINITION('Motor (3)','Motor (3)',#6031,#5998);
#6010=PRODUCT_DEFINITION('Propellers','Propellers',#6032,#5998);
#6011=PRODUCT_DEFINITION('Flight Controller','Flight Controller',#6033,
#5998);
#6012=PRODUCT_DEFINITION('Motor Mount (3)','Motor Mount (3)',#6034,#5998);
#6013=PRODUCT_DEFINITION('Motor Mount (2)','Motor Mount (2)',#6035,#5998);
#6014=PRODUCT_DEFINITION('Prop+7x4\X2\0445\X0\2.stl','Prop+7x4\X2\0445\X0\2.
stl',#6036,#5998);
#6015=PRODUCT_DEFINITION('Prop+7x4\X2\0445\X0\2.stl (1)',
'Prop+7x4\X2\0445\X0\2.stl (1)',#6037,#5998);
#6016=PRODUCT_DEFINITION('Prop+7x4\X2\0445\X0\2.stl (1) (1)',
'Prop+7x4\X2\0445\X0\2.stl (1) (1)',#6038,#5998);
#6017=PRODUCT_DEFINITION('Prop_Top_M5 (1) (1) (1)',
'Prop_Top_M5 (1) (1) (1)',#6039,#5998);
#6018=PRODUCT_DEFINITION('Prop_Top_M5 (1) (1)','Prop_Top_M5 (1) (1)',#6040,
#5998);
#6019=PRODUCT_DEFINITION('Prop_Top_M5 (1)','Prop_Top_M5 (1)',#6041,#5998);
#6020=PRODUCT_DEFINITION('Prop_Top_M5','Prop_Top_M5',#6042,#5998);
#6021=PRODUCT_DEFINITION_FORMATION('',$,#6068);
#6022=PRODUCT_DEFINITION_FORMATION('',$,#6069);
#6023=PRODUCT_DEFINITION_FORMATION('',$,#6070);
#6024=PRODUCT_DEFINITION_FORMATION('',$,#6071);
#6025=PRODUCT_DEFINITION_FORMATION('',$,#6072);
#6026=PRODUCT_DEFINITION_FORMATION('',$,#6073);
#6027=PRODUCT_DEFINITION_FORMATION('',$,#6074);
#6028=PRODUCT_DEFINITION_FORMATION('',$,#6075);
#6029=PRODUCT_DEFINITION_FORMATION('',$,#6076);
#6030=PRODUCT_DEFINITION_FORMATION('',$,#6077);
#6031=PRODUCT_DEFINITION_FORMATION('',$,#6078);
#6032=PRODUCT_DEFINITION_FORMATION('',$,#6079);
#6033=PRODUCT_DEFINITION_FORMATION('',$,#6080);
#6034=PRODUCT_DEFINITION_FORMATION('',$,#6081);
#6035=PRODUCT_DEFINITION_FORMATION('',$,#6082);
#6036=PRODUCT_DEFINITION_FORMATION('',$,#6083);
#6037=PRODUCT_DEFINITION_FORMATION('',$,#6084);
#6038=PRODUCT_DEFINITION_FORMATION('',$,#6085);
#6039=PRODUCT_DEFINITION_FORMATION('',$,#6086);
#6040=PRODUCT_DEFINITION_FORMATION('',$,#6087);
#6041=PRODUCT_DEFINITION_FORMATION('',$,#6088);
#6042=PRODUCT_DEFINITION_FORMATION('',$,#6089);
#6043=PRODUCT_RELATED_PRODUCT_CATEGORY('assembly','assembly',(#6068));
#6044=PRODUCT_RELATED_PRODUCT_CATEGORY('Component1','Component1',(#6069));
#6045=PRODUCT_RELATED_PRODUCT_CATEGORY('Motor Arm','Motor Arm',(#6070));
#6046=PRODUCT_RELATED_PRODUCT_CATEGORY('Motor Mount (4)',
'Motor Mount (4)',(#6071));
#6047=PRODUCT_RELATED_PRODUCT_CATEGORY('Motor Mount (1)',
'Motor Mount (1)',(#6072));
#6048=PRODUCT_RELATED_PRODUCT_CATEGORY('ESC','ESC',(#6073));
#6049=PRODUCT_RELATED_PRODUCT_CATEGORY('Center Plate','Center Plate',(#6074));
#6050=PRODUCT_RELATED_PRODUCT_CATEGORY('Motor (1)','Motor (1)',(#6075));
#6051=PRODUCT_RELATED_PRODUCT_CATEGORY('Motor (2)','Motor (2)',(#6076));
#6052=PRODUCT_RELATED_PRODUCT_CATEGORY('Motor (4)','Motor (4)',(#6077));
#6053=PRODUCT_RELATED_PRODUCT_CATEGORY('Motor (3)','Motor (3)',(#6078));
#6054=PRODUCT_RELATED_PRODUCT_CATEGORY('Propellers','Propellers',(#6079));
#6055=PRODUCT_RELATED_PRODUCT_CATEGORY('Flight Controller',
'Flight Controller',(#6080));
#6056=PRODUCT_RELATED_PRODUCT_CATEGORY('Motor Mount (3)',
'Motor Mount (3)',(#6081));
#6057=PRODUCT_RELATED_PRODUCT_CATEGORY('Motor Mount (2)',
'Motor Mount (2)',(#6082));
#6058=PRODUCT_RELATED_PRODUCT_CATEGORY('Prop+7x4\X2\0445\X0\2.stl',
'Prop+7x4\X2\0445\X0\2.stl',(#6083));
#6059=PRODUCT_RELATED_PRODUCT_CATEGORY('Prop+7x4\X2\0445\X0\2.stl (1)',
'Prop+7x4\X2\0445\X0\2.stl (1)',(#6084));
#6060=PRODUCT_RELATED_PRODUCT_CATEGORY('Prop+7x4\X2\0445\X0\2.stl (1) 
(1)','Prop+7x4\X2\0445\X0\2.stl (1) (1)',(#6085));
#6061=PRODUCT_RELATED_PRODUCT_CATEGORY('Prop_Top_M5 (1) (1) (1)',
'Prop_Top_M5 (1) (1) (1)',(#6086));
#6062=PRODUCT_RELATED_PRODUCT_CATEGORY('Prop_Top_M5 (1) (1)',
'Prop_Top_M5 (1) (1)',(#6087));
#6063=PRODUCT_RELATED_PRODUCT_CATEGORY('Prop_Top_M5 (1)',
'Prop_Top_M5 (1)',(#6088));
#6064=PRODUCT_RELATED_PRODUCT_CATEGORY('Prop_Top_M5','Prop_Top_M5',(#6089));
#6065=APPLICATION_PROTOCOL_DEFINITION('international standard',
'automotive_design',2009,#6066);
#6066=APPLICATION_CONTEXT(
'Core Data for Automotive Mechanical Design Process');
#6067=PRODUCT_CONTEXT('part definition',#6066,'mechanical');
#6068=PRODUCT('Assembly','assembly',$,(#6067));
#6069=PRODUCT('Component1','Component1',$,(#6067));
#6070=PRODUCT('QUADCOPTER 2.0 (v10~recovered)','Motor Arm',$,(#6067));
#6071=PRODUCT('Motor Mount (4)','Motor Mount (4)',$,(#6067));
#6072=PRODUCT('Motor Mount (1)','Motor Mount (1)',$,(#6067));
#6073=PRODUCT('ESC','ESC',$,(#6067));
#6074=PRODUCT('bottom plate (v8~recovered)','Center Plate',$,(#6067));
#6075=PRODUCT('Motor (1)','Motor (1)',$,(#6067));
#6076=PRODUCT('Motor (2)','Motor (2)',$,(#6067));
#6077=PRODUCT('Motor (4)','Motor (4)',$,(#6067));
#6078=PRODUCT('Motor (3)','Motor (3)',$,(#6067));
#6079=PRODUCT('Propellers','Propellers',$,(#6067));
#6080=PRODUCT('Flight Controller','Flight Controller',$,(#6067));
#6081=PRODUCT('Motor Mount (3)','Motor Mount (3)',$,(#6067));
#6082=PRODUCT('Motor Mount (2)','Motor Mount (2)',$,(#6067));
#6083=PRODUCT('Prop+7x4\X2\0445\X0\2.stl','Prop+7x4\X2\0445\X0\2.stl',$,
(#6067));
#6084=PRODUCT('Prop+7x4\X2\0445\X0\2.stl (1)','Prop+7x4\X2\0445\X0\2.s
tl (1)',$,(#6067));
#6085=PRODUCT('Prop+7x4\X2\0445\X0\2.stl (1) (1)',
'Prop+7x4\X2\0445\X0\2.stl (1) (1)',$,(#6067));
#6086=PRODUCT('Prop_Top_M5 (1) (1) (1)','Prop_Top_M5 (1) (1) (1)',$,(#6067));
#6087=PRODUCT('Prop_Top_M5 (1) (1)','Prop_Top_M5 (1) (1)',$,(#6067));
#6088=PRODUCT('Prop_Top_M5 (1)','Prop_Top_M5 (1)',$,(#6067));
#6089=PRODUCT('Prop_Top_M5','Prop_Top_M5',$,(#6067));
#6090=PRESENTATION_STYLE_ASSIGNMENT((#6094));
#6091=PRESENTATION_STYLE_ASSIGNMENT((#6095));
#6092=PRESENTATION_STYLE_ASSIGNMENT((#6096));
#6093=PRESENTATION_STYLE_ASSIGNMENT((NULL_STYLE(.NULL.)));
#6094=SURFACE_STYLE_USAGE(.BOTH.,#6097);
#6095=SURFACE_STYLE_USAGE(.BOTH.,#6098);
#6096=SURFACE_STYLE_USAGE(.BOTH.,#6099);
#6097=SURFACE_SIDE_STYLE('',(#6100));
#6098=SURFACE_SIDE_STYLE('',(#6101));
#6099=SURFACE_SIDE_STYLE('',(#6102));
#6100=SURFACE_STYLE_FILL_AREA(#6103);
#6101=SURFACE_STYLE_FILL_AREA(#6104);
#6102=SURFACE_STYLE_FILL_AREA(#6105);
#6103=FILL_AREA_STYLE('Steel - Satin',(#6106));
#6104=FILL_AREA_STYLE('Plastic - Matte (Black)',(#6107));
#6105=FILL_AREA_STYLE('Aluminum - Anodized Rough (Grey)',(#6108));
#6106=FILL_AREA_STYLE_COLOUR('Steel - Satin',#6109);
#6107=FILL_AREA_STYLE_COLOUR('Plastic - Matte (Black)',#6110);
#6108=FILL_AREA_STYLE_COLOUR('Aluminum - Anodized Rough (Grey)',#6111);
#6109=COLOUR_RGB('Steel - Satin',0.627450980392157,0.627450980392157,0.627450980392157);
#6110=COLOUR_RGB('Plastic - Matte (Black)',0.0980392156862745,0.0980392156862745,
0.0980392156862745);
#6111=COLOUR_RGB('Aluminum - Anodized Rough (Grey)',0.537254901960784,0.537254901960784,
0.537254901960784);
ENDSEC;
END-ISO-10303-21;
