ISO-10303-21;
HEADER;
/* Generated by software containing ST-Developer
 * from STEP Tools, Inc. (www.steptools.com) 
 */

FILE_DESCRIPTION(
/* description */ (''),
/* implementation_level */ '2;1');

FILE_NAME(
/* name */ 'Center Plate.step',
/* time_stamp */ '2026-08-23T17:55:45-04:00',
/* author */ (''),
/* organization */ (''),
/* preprocessor_version */ 'ST-DEVELOPER v20.1',
/* originating_system */ 'Autodesk Translation Framework v15.8.0.0',
/* authorisation */ '');

FILE_SCHEMA (('AUTOMOTIVE_DESIGN { 1 0 10303 214 3 1 1 }'));
ENDSEC;

DATA;
#10=MECHANICAL_DESIGN_GEOMETRIC_PRESENTATION_REPRESENTATION('',(#13),#4113);
#11=SHAPE_REPRESENTATION_RELATIONSHIP('SRR','None',#4120,#12);
#12=ADVANCED_BREP_SHAPE_REPRESENTATION('',(#14),#4112);
#13=STYLED_ITEM('',(#4129),#14);
#14=MANIFOLD_SOLID_BREP('Body58',#1661);
#15=(
BOUNDED_SURFACE()
B_SPLINE_SURFACE(1,2,((#2990,#2991,#2992,#2993,#2994,#2995,#2996,#2997,
#2998),(#2999,#3000,#3001,#3002,#3003,#3004,#3005,#3006,#3007)),
 .UNSPECIFIED.,.F.,.T.,.F.)
B_SPLINE_SURFACE_WITH_KNOTS((2,2),(3,2,2,2,3),(1.62790697674419,1.97674418604651),
(-3.14159265358979,-1.5707963267949,0.,1.5707963267949,3.14159265358979),
 .UNSPECIFIED.)
GEOMETRIC_REPRESENTATION_ITEM()
RATIONAL_B_SPLINE_SURFACE(((1.,0.707106781186548,1.,0.707106781186548,1.,
0.707106781186548,1.,0.707106781186548,1.),(1.,0.707106781186548,1.,0.707106781186548,
1.,0.707106781186548,1.,0.707106781186548,1.)))
REPRESENTATION_ITEM('')
SURFACE()
);
#16=(
BOUNDED_SURFACE()
B_SPLINE_SURFACE(1,2,((#3348,#3349,#3350,#3351,#3352,#3353,#3354,#3355,
#3356),(#3357,#3358,#3359,#3360,#3361,#3362,#3363,#3364,#3365)),
 .UNSPECIFIED.,.F.,.T.,.F.)
B_SPLINE_SURFACE_WITH_KNOTS((2,2),(3,2,2,2,3),(1.62790697674419,1.97674418604651),
(-3.14159265358979,-1.5707963267949,0.,1.5707963267949,3.14159265358979),
 .UNSPECIFIED.)
GEOMETRIC_REPRESENTATION_ITEM()
RATIONAL_B_SPLINE_SURFACE(((1.,0.707106781186548,1.,0.707106781186548,1.,
0.707106781186548,1.,0.707106781186548,1.),(1.,0.707106781186548,1.,0.707106781186548,
1.,0.707106781186548,1.,0.707106781186548,1.)))
REPRESENTATION_ITEM('')
SURFACE()
);
#17=(
BOUNDED_SURFACE()
B_SPLINE_SURFACE(1,2,((#3708,#3709,#3710,#3711,#3712,#3713,#3714,#3715,
#3716),(#3717,#3718,#3719,#3720,#3721,#3722,#3723,#3724,#3725)),
 .UNSPECIFIED.,.F.,.T.,.F.)
B_SPLINE_SURFACE_WITH_KNOTS((2,2),(3,2,2,2,3),(1.62790697674419,1.97674418604651),
(-3.14159265358979,-1.5707963267949,0.,1.5707963267949,3.14159265358979),
 .UNSPECIFIED.)
GEOMETRIC_REPRESENTATION_ITEM()
RATIONAL_B_SPLINE_SURFACE(((1.,0.707106781186548,1.,0.707106781186548,1.,
0.707106781186548,1.,0.707106781186548,1.),(1.,0.707106781186548,1.,0.707106781186548,
1.,0.707106781186548,1.,0.707106781186548,1.)))
REPRESENTATION_ITEM('')
SURFACE()
);
#18=(
BOUNDED_SURFACE()
B_SPLINE_SURFACE(1,2,((#4061,#4062,#4063,#4064,#4065,#4066,#4067,#4068,
#4069),(#4070,#4071,#4072,#4073,#4074,#4075,#4076,#4077,#4078)),
 .UNSPECIFIED.,.F.,.T.,.F.)
B_SPLINE_SURFACE_WITH_KNOTS((2,2),(3,2,2,2,3),(1.62790697674419,1.97674418604651),
(-3.14159265358979,-1.5707963267949,0.,1.5707963267949,3.14159265358979),
 .UNSPECIFIED.)
GEOMETRIC_REPRESENTATION_ITEM()
RATIONAL_B_SPLINE_SURFACE(((1.,0.707106781186548,1.,0.707106781186548,1.,
0.707106781186548,1.,0.707106781186548,1.),(1.,0.707106781186548,1.,0.707106781186548,
1.,0.707106781186548,1.,0.707106781186548,1.)))
REPRESENTATION_ITEM('')
SURFACE()
);
#19=B_SPLINE_SURFACE_WITH_KNOTS('',3,3,((#2687,#2688,#2689,#2690,#2691,
#2692,#2693,#2694,#2695,#2696,#2697,#2698,#2699,#2700,#2701,#2702,#2703),
(#2704,#2705,#2706,#2707,#2708,#2709,#2710,#2711,#2712,#2713,#2714,#2715,
#2716,#2717,#2718,#2719,#2720),(#2721,#2722,#2723,#2724,#2725,#2726,#2727,
#2728,#2729,#2730,#2731,#2732,#2733,#2734,#2735,#2736,#2737),(#2738,#2739,
#2740,#2741,#2742,#2743,#2744,#2745,#2746,#2747,#2748,#2749,#2750,#2751,
#2752,#2753,#2754),(#2755,#2756,#2757,#2758,#2759,#2760,#2761,#2762,#2763,
#2764,#2765,#2766,#2767,#2768,#2769,#2770,#2771)),.UNSPECIFIED.,.F.,.F.,
 .F.,(4,1,4),(4,1,1,1,1,1,1,1,1,1,1,1,1,1,4),(0.,0.5,1.),(0.00366923765856259,
0.0106643374061213,0.0176594371536799,0.0316496366487973,0.059630035639032,
0.115590833619501,0.22751242958044,0.451355621502317,0.563277217463256,
0.675198813424195,0.731159611404664,0.759140010394899,0.773130209890016,
0.780125309637575,0.787120409385134),.UNSPECIFIED.);
#20=B_SPLINE_SURFACE_WITH_KNOTS('',3,3,((#2820,#2821,#2822,#2823,#2824,
#2825,#2826,#2827,#2828,#2829,#2830,#2831,#2832,#2833,#2834,#2835),(#2836,
#2837,#2838,#2839,#2840,#2841,#2842,#2843,#2844,#2845,#2846,#2847,#2848,
#2849,#2850,#2851),(#2852,#2853,#2854,#2855,#2856,#2857,#2858,#2859,#2860,
#2861,#2862,#2863,#2864,#2865,#2866,#2867),(#2868,#2869,#2870,#2871,#2872,
#2873,#2874,#2875,#2876,#2877,#2878,#2879,#2880,#2881,#2882,#2883),(#2884,
#2885,#2886,#2887,#2888,#2889,#2890,#2891,#2892,#2893,#2894,#2895,#2896,
#2897,#2898,#2899)),.UNSPECIFIED.,.F.,.F.,.F.,(4,1,4),(4,1,1,1,1,1,1,1,
1,1,1,1,1,4),(0.,0.5,1.),(-3.11239492343242,-3.0568161513819,-3.00123737933137,
-2.89007983523032,-2.66776474702823,-2.22313457062404,-0.444613865007271,
1.3339068406095,2.22316719341788,2.66779736982207,2.89011245802417,3.00127000212521,
3.05684877417574,3.11242754622626),.UNSPECIFIED.);
#21=B_SPLINE_SURFACE_WITH_KNOTS('',3,3,((#2936,#2937,#2938,#2939),(#2940,
#2941,#2942,#2943),(#2944,#2945,#2946,#2947),(#2948,#2949,#2950,#2951),
(#2952,#2953,#2954,#2955)),.UNSPECIFIED.,.F.,.F.,.F.,(4,1,4),(4,4),(0.,
0.571428571428571,1.),(0.,1.),.UNSPECIFIED.);
#22=B_SPLINE_SURFACE_WITH_KNOTS('',3,3,((#2960,#2961,#2962,#2963),(#2964,
#2965,#2966,#2967),(#2968,#2969,#2970,#2971),(#2972,#2973,#2974,#2975),
(#2976,#2977,#2978,#2979)),.UNSPECIFIED.,.F.,.F.,.F.,(4,1,4),(4,4),(0.,
0.571428571428571,1.),(0.,1.),.UNSPECIFIED.);
#23=B_SPLINE_SURFACE_WITH_KNOTS('',3,3,((#3045,#3046,#3047,#3048,#3049,
#3050,#3051,#3052,#3053,#3054,#3055,#3056,#3057,#3058,#3059,#3060,#3061),
(#3062,#3063,#3064,#3065,#3066,#3067,#3068,#3069,#3070,#3071,#3072,#3073,
#3074,#3075,#3076,#3077,#3078),(#3079,#3080,#3081,#3082,#3083,#3084,#3085,
#3086,#3087,#3088,#3089,#3090,#3091,#3092,#3093,#3094,#3095),(#3096,#3097,
#3098,#3099,#3100,#3101,#3102,#3103,#3104,#3105,#3106,#3107,#3108,#3109,
#3110,#3111,#3112),(#3113,#3114,#3115,#3116,#3117,#3118,#3119,#3120,#3121,
#3122,#3123,#3124,#3125,#3126,#3127,#3128,#3129)),.UNSPECIFIED.,.F.,.F.,
 .F.,(4,1,4),(4,1,1,1,1,1,1,1,1,1,1,1,1,1,4),(0.,0.5,1.),(0.00366923765856259,
0.0106643374061213,0.0176594371536799,0.0316496366487973,0.059630035639032,
0.115590833619501,0.22751242958044,0.451355621502317,0.563277217463256,
0.675198813424195,0.731159611404664,0.759140010394899,0.773130209890016,
0.780125309637575,0.787120409385134),.UNSPECIFIED.);
#24=B_SPLINE_SURFACE_WITH_KNOTS('',3,3,((#3178,#3179,#3180,#3181,#3182,
#3183,#3184,#3185,#3186,#3187,#3188,#3189,#3190,#3191,#3192,#3193),(#3194,
#3195,#3196,#3197,#3198,#3199,#3200,#3201,#3202,#3203,#3204,#3205,#3206,
#3207,#3208,#3209),(#3210,#3211,#3212,#3213,#3214,#3215,#3216,#3217,#3218,
#3219,#3220,#3221,#3222,#3223,#3224,#3225),(#3226,#3227,#3228,#3229,#3230,
#3231,#3232,#3233,#3234,#3235,#3236,#3237,#3238,#3239,#3240,#3241),(#3242,
#3243,#3244,#3245,#3246,#3247,#3248,#3249,#3250,#3251,#3252,#3253,#3254,
#3255,#3256,#3257)),.UNSPECIFIED.,.F.,.F.,.F.,(4,1,4),(4,1,1,1,1,1,1,1,
1,1,1,1,1,4),(0.,0.5,1.),(-3.11239492343242,-3.0568161513819,-3.00123737933137,
-2.89007983523032,-2.66776474702823,-2.22313457062404,-0.444613865007271,
1.3339068406095,2.22316719341788,2.66779736982207,2.89011245802417,3.00127000212521,
3.05684877417574,3.11242754622626),.UNSPECIFIED.);
#25=B_SPLINE_SURFACE_WITH_KNOTS('',3,3,((#3294,#3295,#3296,#3297),(#3298,
#3299,#3300,#3301),(#3302,#3303,#3304,#3305),(#3306,#3307,#3308,#3309),
(#3310,#3311,#3312,#3313)),.UNSPECIFIED.,.F.,.F.,.F.,(4,1,4),(4,4),(0.,
0.571428571428571,1.),(0.,1.),.UNSPECIFIED.);
#26=B_SPLINE_SURFACE_WITH_KNOTS('',3,3,((#3318,#3319,#3320,#3321),(#3322,
#3323,#3324,#3325),(#3326,#3327,#3328,#3329),(#3330,#3331,#3332,#3333),
(#3334,#3335,#3336,#3337)),.UNSPECIFIED.,.F.,.F.,.F.,(4,1,4),(4,4),(0.,
0.571428571428571,1.),(0.,1.),.UNSPECIFIED.);
#27=B_SPLINE_SURFACE_WITH_KNOTS('',3,3,((#3405,#3406,#3407,#3408,#3409,
#3410,#3411,#3412,#3413,#3414,#3415,#3416,#3417,#3418,#3419,#3420,#3421),
(#3422,#3423,#3424,#3425,#3426,#3427,#3428,#3429,#3430,#3431,#3432,#3433,
#3434,#3435,#3436,#3437,#3438),(#3439,#3440,#3441,#3442,#3443,#3444,#3445,
#3446,#3447,#3448,#3449,#3450,#3451,#3452,#3453,#3454,#3455),(#3456,#3457,
#3458,#3459,#3460,#3461,#3462,#3463,#3464,#3465,#3466,#3467,#3468,#3469,
#3470,#3471,#3472),(#3473,#3474,#3475,#3476,#3477,#3478,#3479,#3480,#3481,
#3482,#3483,#3484,#3485,#3486,#3487,#3488,#3489)),.UNSPECIFIED.,.F.,.F.,
 .F.,(4,1,4),(4,1,1,1,1,1,1,1,1,1,1,1,1,1,4),(0.,0.5,1.),(0.00366923765856259,
0.0106643374061213,0.0176594371536799,0.0316496366487973,0.059630035639032,
0.115590833619501,0.22751242958044,0.451355621502317,0.563277217463256,
0.675198813424195,0.731159611404664,0.759140010394899,0.773130209890016,
0.780125309637575,0.787120409385134),.UNSPECIFIED.);
#28=B_SPLINE_SURFACE_WITH_KNOTS('',3,3,((#3538,#3539,#3540,#3541,#3542,
#3543,#3544,#3545,#3546,#3547,#3548,#3549,#3550,#3551,#3552,#3553),(#3554,
#3555,#3556,#3557,#3558,#3559,#3560,#3561,#3562,#3563,#3564,#3565,#3566,
#3567,#3568,#3569),(#3570,#3571,#3572,#3573,#3574,#3575,#3576,#3577,#3578,
#3579,#3580,#3581,#3582,#3583,#3584,#3585),(#3586,#3587,#3588,#3589,#3590,
#3591,#3592,#3593,#3594,#3595,#3596,#3597,#3598,#3599,#3600,#3601),(#3602,
#3603,#3604,#3605,#3606,#3607,#3608,#3609,#3610,#3611,#3612,#3613,#3614,
#3615,#3616,#3617)),.UNSPECIFIED.,.F.,.F.,.F.,(4,1,4),(4,1,1,1,1,1,1,1,
1,1,1,1,1,4),(0.,0.5,1.),(-3.11239492343242,-3.0568161513819,-3.00123737933137,
-2.89007983523032,-2.66776474702823,-2.22313457062404,-0.444613865007271,
1.3339068406095,2.22316719341788,2.66779736982207,2.89011245802417,3.00127000212521,
3.05684877417574,3.11242754622626),.UNSPECIFIED.);
#29=B_SPLINE_SURFACE_WITH_KNOTS('',3,3,((#3654,#3655,#3656,#3657),(#3658,
#3659,#3660,#3661),(#3662,#3663,#3664,#3665),(#3666,#3667,#3668,#3669),
(#3670,#3671,#3672,#3673)),.UNSPECIFIED.,.F.,.F.,.F.,(4,1,4),(4,4),(0.,
0.571428571428571,1.),(0.,1.),.UNSPECIFIED.);
#30=B_SPLINE_SURFACE_WITH_KNOTS('',3,3,((#3678,#3679,#3680,#3681),(#3682,
#3683,#3684,#3685),(#3686,#3687,#3688,#3689),(#3690,#3691,#3692,#3693),
(#3694,#3695,#3696,#3697)),.UNSPECIFIED.,.F.,.F.,.F.,(4,1,4),(4,4),(0.,
0.571428571428571,1.),(0.,1.),.UNSPECIFIED.);
#31=B_SPLINE_SURFACE_WITH_KNOTS('',3,3,((#3758,#3759,#3760,#3761,#3762,
#3763,#3764,#3765,#3766,#3767,#3768,#3769,#3770,#3771,#3772,#3773,#3774),
(#3775,#3776,#3777,#3778,#3779,#3780,#3781,#3782,#3783,#3784,#3785,#3786,
#3787,#3788,#3789,#3790,#3791),(#3792,#3793,#3794,#3795,#3796,#3797,#3798,
#3799,#3800,#3801,#3802,#3803,#3804,#3805,#3806,#3807,#3808),(#3809,#3810,
#3811,#3812,#3813,#3814,#3815,#3816,#3817,#3818,#3819,#3820,#3821,#3822,
#3823,#3824,#3825),(#3826,#3827,#3828,#3829,#3830,#3831,#3832,#3833,#3834,
#3835,#3836,#3837,#3838,#3839,#3840,#3841,#3842)),.UNSPECIFIED.,.F.,.F.,
 .F.,(4,1,4),(4,1,1,1,1,1,1,1,1,1,1,1,1,1,4),(0.,0.5,1.),(0.00366923765856259,
0.0106643374061213,0.0176594371536799,0.0316496366487973,0.059630035639032,
0.115590833619501,0.22751242958044,0.451355621502317,0.563277217463256,
0.675198813424195,0.731159611404664,0.759140010394899,0.773130209890016,
0.780125309637575,0.787120409385134),.UNSPECIFIED.);
#32=B_SPLINE_SURFACE_WITH_KNOTS('',3,3,((#3891,#3892,#3893,#3894,#3895,
#3896,#3897,#3898,#3899,#3900,#3901,#3902,#3903,#3904,#3905,#3906),(#3907,
#3908,#3909,#3910,#3911,#3912,#3913,#3914,#3915,#3916,#3917,#3918,#3919,
#3920,#3921,#3922),(#3923,#3924,#3925,#3926,#3927,#3928,#3929,#3930,#3931,
#3932,#3933,#3934,#3935,#3936,#3937,#3938),(#3939,#3940,#3941,#3942,#3943,
#3944,#3945,#3946,#3947,#3948,#3949,#3950,#3951,#3952,#3953,#3954),(#3955,
#3956,#3957,#3958,#3959,#3960,#3961,#3962,#3963,#3964,#3965,#3966,#3967,
#3968,#3969,#3970)),.UNSPECIFIED.,.F.,.F.,.F.,(4,1,4),(4,1,1,1,1,1,1,1,
1,1,1,1,1,4),(0.,0.5,1.),(-3.11239492343242,-3.0568161513819,-3.00123737933137,
-2.89007983523032,-2.66776474702823,-2.22313457062404,-0.444613865007271,
1.3339068406095,2.22316719341788,2.66779736982207,2.89011245802417,3.00127000212521,
3.05684877417574,3.11242754622626),.UNSPECIFIED.);
#33=B_SPLINE_SURFACE_WITH_KNOTS('',3,3,((#4007,#4008,#4009,#4010),(#4011,
#4012,#4013,#4014),(#4015,#4016,#4017,#4018),(#4019,#4020,#4021,#4022),
(#4023,#4024,#4025,#4026)),.UNSPECIFIED.,.F.,.F.,.F.,(4,1,4),(4,4),(0.,
0.571428571428571,1.),(0.,1.),.UNSPECIFIED.);
#34=B_SPLINE_SURFACE_WITH_KNOTS('',3,3,((#4031,#4032,#4033,#4034),(#4035,
#4036,#4037,#4038),(#4039,#4040,#4041,#4042),(#4043,#4044,#4045,#4046),
(#4047,#4048,#4049,#4050)),.UNSPECIFIED.,.F.,.F.,.F.,(4,1,4),(4,4),(0.,
0.571428571428571,1.),(0.,1.),.UNSPECIFIED.);
#35=ELLIPSE('',#1733,4.3,1.3);
#36=ELLIPSE('',#1734,4.3,1.3);
#37=ELLIPSE('',#1797,4.3,1.3);
#38=ELLIPSE('',#1821,4.3,1.3);
#39=FACE_BOUND('',#411,.T.);
#40=FACE_BOUND('',#412,.T.);
#41=FACE_BOUND('',#413,.T.);
#42=FACE_BOUND('',#414,.T.);
#43=FACE_BOUND('',#415,.T.);
#44=FACE_BOUND('',#416,.T.);
#45=FACE_BOUND('',#432,.T.);
#46=FACE_BOUND('',#433,.T.);
#47=FACE_BOUND('',#434,.T.);
#48=FACE_BOUND('',#435,.T.);
#49=FACE_BOUND('',#436,.T.);
#50=FACE_BOUND('',#437,.T.);
#51=FACE_BOUND('',#438,.T.);
#52=FACE_BOUND('',#439,.T.);
#53=FACE_BOUND('',#461,.T.);
#54=FACE_BOUND('',#463,.T.);
#55=FACE_BOUND('',#477,.T.);
#56=FACE_BOUND('',#479,.T.);
#57=FACE_BOUND('',#482,.T.);
#58=FACE_BOUND('',#483,.T.);
#59=FACE_BOUND('',#484,.T.);
#60=FACE_BOUND('',#485,.T.);
#61=FACE_BOUND('',#486,.T.);
#62=FACE_BOUND('',#487,.T.);
#63=FACE_BOUND('',#490,.T.);
#64=FACE_BOUND('',#491,.T.);
#65=FACE_BOUND('',#492,.T.);
#66=FACE_BOUND('',#493,.T.);
#67=FACE_BOUND('',#505,.T.);
#68=FACE_BOUND('',#507,.T.);
#69=FACE_BOUND('',#522,.T.);
#70=FACE_BOUND('',#524,.T.);
#71=PLANE('',#1725);
#72=PLANE('',#1726);
#73=PLANE('',#1729);
#74=PLANE('',#1730);
#75=PLANE('',#1764);
#76=PLANE('',#1765);
#77=PLANE('',#1767);
#78=PLANE('',#1777);
#79=PLANE('',#1781);
#80=PLANE('',#1785);
#81=PLANE('',#1789);
#82=PLANE('',#1793);
#83=PLANE('',#1796);
#84=PLANE('',#1810);
#85=PLANE('',#1812);
#86=PLANE('',#1820);
#87=PLANE('',#1834);
#88=PLANE('',#1836);
#89=PLANE('',#1840);
#90=PLANE('',#1843);
#91=PLANE('',#1846);
#92=PLANE('',#1859);
#93=PLANE('',#1861);
#94=PLANE('',#1868);
#95=PLANE('',#1881);
#96=PLANE('',#1883);
#97=LINE('',#2409,#167);
#98=LINE('',#2426,#168);
#99=LINE('',#2451,#169);
#100=LINE('',#2452,#170);
#101=LINE('',#2463,#171);
#102=LINE('',#2464,#172);
#103=LINE('',#2467,#173);
#104=LINE('',#2470,#174);
#105=LINE('',#2481,#175);
#106=LINE('',#2482,#176);
#107=LINE('',#2503,#177);
#108=LINE('',#2504,#178);
#109=LINE('',#2509,#179);
#110=LINE('',#2510,#180);
#111=LINE('',#2521,#181);
#112=LINE('',#2522,#182);
#113=LINE('',#2525,#183);
#114=LINE('',#2528,#184);
#115=LINE('',#2539,#185);
#116=LINE('',#2540,#186);
#117=LINE('',#2546,#187);
#118=LINE('',#2549,#188);
#119=LINE('',#2552,#189);
#120=LINE('',#2553,#190);
#121=LINE('',#2556,#191);
#122=LINE('',#2557,#192);
#123=LINE('',#2560,#193);
#124=LINE('',#2564,#194);
#125=LINE('',#2565,#195);
#126=LINE('',#2567,#196);
#127=LINE('',#2581,#197);
#128=LINE('',#2591,#198);
#129=LINE('',#2594,#199);
#130=LINE('',#2604,#200);
#131=LINE('',#2605,#201);
#132=LINE('',#2616,#202);
#133=LINE('',#2617,#203);
#134=LINE('',#2620,#204);
#135=LINE('',#2623,#205);
#136=LINE('',#2630,#206);
#137=LINE('',#2632,#207);
#138=LINE('',#2633,#208);
#139=LINE('',#2635,#209);
#140=LINE('',#2655,#210);
#141=LINE('',#2656,#211);
#142=LINE('',#2658,#212);
#143=LINE('',#2663,#213);
#144=LINE('',#2670,#214);
#145=LINE('',#2677,#215);
#146=LINE('',#2684,#216);
#147=LINE('',#3009,#217);
#148=LINE('',#3019,#218);
#149=LINE('',#3029,#219);
#150=LINE('',#3040,#220);
#151=LINE('',#3044,#221);
#152=LINE('',#3367,#222);
#153=LINE('',#3377,#223);
#154=LINE('',#3387,#224);
#155=LINE('',#3398,#225);
#156=LINE('',#3403,#226);
#157=LINE('',#3726,#227);
#158=LINE('',#3735,#228);
#159=LINE('',#3745,#229);
#160=LINE('',#3755,#230);
#161=LINE('',#3757,#231);
#162=LINE('',#4079,#232);
#163=LINE('',#4088,#233);
#164=LINE('',#4098,#234);
#165=LINE('',#4107,#235);
#166=LINE('',#4109,#236);
#167=VECTOR('',#1899,10.);
#168=VECTOR('',#1900,10.);
#169=VECTOR('',#1913,10.);
#170=VECTOR('',#1914,10.);
#171=VECTOR('',#1927,10.);
#172=VECTOR('',#1928,10.);
#173=VECTOR('',#1931,10.);
#174=VECTOR('',#1934,10.);
#175=VECTOR('',#1947,10.);
#176=VECTOR('',#1948,10.);
#177=VECTOR('',#1957,10.);
#178=VECTOR('',#1958,10.);
#179=VECTOR('',#1963,10.);
#180=VECTOR('',#1964,10.);
#181=VECTOR('',#1977,10.);
#182=VECTOR('',#1978,10.);
#183=VECTOR('',#1981,10.);
#184=VECTOR('',#1984,10.);
#185=VECTOR('',#1997,10.);
#186=VECTOR('',#1998,10.);
#187=VECTOR('',#2007,10.);
#188=VECTOR('',#2010,10.);
#189=VECTOR('',#2013,10.);
#190=VECTOR('',#2014,10.);
#191=VECTOR('',#2017,10.);
#192=VECTOR('',#2018,10.);
#193=VECTOR('',#2021,10.);
#194=VECTOR('',#2026,10.);
#195=VECTOR('',#2027,10.);
#196=VECTOR('',#2030,5.);
#197=VECTOR('',#2045,10.);
#198=VECTOR('',#2058,10.);
#199=VECTOR('',#2061,10.);
#200=VECTOR('',#2074,10.);
#201=VECTOR('',#2075,10.);
#202=VECTOR('',#2088,10.);
#203=VECTOR('',#2089,10.);
#204=VECTOR('',#2092,10.);
#205=VECTOR('',#2095,10.);
#206=VECTOR('',#2106,10.);
#207=VECTOR('',#2109,10.);
#208=VECTOR('',#2110,10.);
#209=VECTOR('',#2113,10.);
#210=VECTOR('',#2136,10.);
#211=VECTOR('',#2137,5.);
#212=VECTOR('',#2140,10.);
#213=VECTOR('',#2145,2.15);
#214=VECTOR('',#2154,2.15);
#215=VECTOR('',#2163,2.15);
#216=VECTOR('',#2172,2.15);
#217=VECTOR('',#2183,4.3);
#218=VECTOR('',#2196,2.9);
#219=VECTOR('',#2209,2.9);
#220=VECTOR('',#2224,1.55);
#221=VECTOR('',#2229,1.55);
#222=VECTOR('',#2236,4.3);
#223=VECTOR('',#2249,2.9);
#224=VECTOR('',#2262,2.9);
#225=VECTOR('',#2277,1.55);
#226=VECTOR('',#2284,1.55);
#227=VECTOR('',#2293,4.3);
#228=VECTOR('',#2304,2.9);
#229=VECTOR('',#2317,2.9);
#230=VECTOR('',#2332,1.55);
#231=VECTOR('',#2335,1.55);
#232=VECTOR('',#2342,4.3);
#233=VECTOR('',#2353,2.9);
#234=VECTOR('',#2366,2.9);
#235=VECTOR('',#2379,1.55);
#236=VECTOR('',#2382,1.55);
#237=CYLINDRICAL_SURFACE('',#1679,1.);
#238=CYLINDRICAL_SURFACE('',#1684,1.);
#239=CYLINDRICAL_SURFACE('',#1690,1.);
#240=CYLINDRICAL_SURFACE('',#1692,1.);
#241=CYLINDRICAL_SURFACE('',#1698,1.);
#242=CYLINDRICAL_SURFACE('',#1703,1.);
#243=CYLINDRICAL_SURFACE('',#1704,1.);
#244=CYLINDRICAL_SURFACE('',#1710,1.);
#245=CYLINDRICAL_SURFACE('',#1712,1.);
#246=CYLINDRICAL_SURFACE('',#1718,1.);
#247=CYLINDRICAL_SURFACE('',#1723,12.7);
#248=CYLINDRICAL_SURFACE('',#1727,12.7);
#249=CYLINDRICAL_SURFACE('',#1737,5.);
#250=CYLINDRICAL_SURFACE('',#1742,2.);
#251=CYLINDRICAL_SURFACE('',#1744,2.);
#252=CYLINDRICAL_SURFACE('',#1749,2.);
#253=CYLINDRICAL_SURFACE('',#1755,2.);
#254=CYLINDRICAL_SURFACE('',#1757,2.);
#255=CYLINDRICAL_SURFACE('',#1763,2.);
#256=CYLINDRICAL_SURFACE('',#1766,12.7);
#257=CYLINDRICAL_SURFACE('',#1776,5.);
#258=CYLINDRICAL_SURFACE('',#1778,2.15);
#259=CYLINDRICAL_SURFACE('',#1782,2.15);
#260=CYLINDRICAL_SURFACE('',#1786,2.15);
#261=CYLINDRICAL_SURFACE('',#1790,2.15);
#262=CYLINDRICAL_SURFACE('',#1802,2.9);
#263=CYLINDRICAL_SURFACE('',#1808,2.9);
#264=CYLINDRICAL_SURFACE('',#1814,1.55);
#265=CYLINDRICAL_SURFACE('',#1816,1.55);
#266=CYLINDRICAL_SURFACE('',#1826,2.9);
#267=CYLINDRICAL_SURFACE('',#1832,2.9);
#268=CYLINDRICAL_SURFACE('',#1838,1.55);
#269=CYLINDRICAL_SURFACE('',#1842,1.55);
#270=CYLINDRICAL_SURFACE('',#1851,2.9);
#271=CYLINDRICAL_SURFACE('',#1857,2.9);
#272=CYLINDRICAL_SURFACE('',#1863,12.7);
#273=CYLINDRICAL_SURFACE('',#1864,1.55);
#274=CYLINDRICAL_SURFACE('',#1865,1.55);
#275=CYLINDRICAL_SURFACE('',#1873,2.9);
#276=CYLINDRICAL_SURFACE('',#1879,2.9);
#277=CYLINDRICAL_SURFACE('',#1885,1.55);
#278=CYLINDRICAL_SURFACE('',#1886,1.55);
#279=FACE_OUTER_BOUND('',#387,.T.);
#280=FACE_OUTER_BOUND('',#388,.T.);
#281=FACE_OUTER_BOUND('',#389,.T.);
#282=FACE_OUTER_BOUND('',#390,.T.);
#283=FACE_OUTER_BOUND('',#391,.T.);
#284=FACE_OUTER_BOUND('',#392,.T.);
#285=FACE_OUTER_BOUND('',#393,.T.);
#286=FACE_OUTER_BOUND('',#394,.T.);
#287=FACE_OUTER_BOUND('',#395,.T.);
#288=FACE_OUTER_BOUND('',#396,.T.);
#289=FACE_OUTER_BOUND('',#397,.T.);
#290=FACE_OUTER_BOUND('',#398,.T.);
#291=FACE_OUTER_BOUND('',#399,.T.);
#292=FACE_OUTER_BOUND('',#400,.T.);
#293=FACE_OUTER_BOUND('',#401,.T.);
#294=FACE_OUTER_BOUND('',#402,.T.);
#295=FACE_OUTER_BOUND('',#403,.T.);
#296=FACE_OUTER_BOUND('',#404,.T.);
#297=FACE_OUTER_BOUND('',#405,.T.);
#298=FACE_OUTER_BOUND('',#406,.T.);
#299=FACE_OUTER_BOUND('',#407,.T.);
#300=FACE_OUTER_BOUND('',#408,.T.);
#301=FACE_OUTER_BOUND('',#409,.T.);
#302=FACE_OUTER_BOUND('',#410,.T.);
#303=FACE_OUTER_BOUND('',#417,.T.);
#304=FACE_OUTER_BOUND('',#418,.T.);
#305=FACE_OUTER_BOUND('',#419,.T.);
#306=FACE_OUTER_BOUND('',#420,.T.);
#307=FACE_OUTER_BOUND('',#421,.T.);
#308=FACE_OUTER_BOUND('',#422,.T.);
#309=FACE_OUTER_BOUND('',#423,.T.);
#310=FACE_OUTER_BOUND('',#424,.T.);
#311=FACE_OUTER_BOUND('',#425,.T.);
#312=FACE_OUTER_BOUND('',#426,.T.);
#313=FACE_OUTER_BOUND('',#427,.T.);
#314=FACE_OUTER_BOUND('',#428,.T.);
#315=FACE_OUTER_BOUND('',#429,.T.);
#316=FACE_OUTER_BOUND('',#430,.T.);
#317=FACE_OUTER_BOUND('',#431,.T.);
#318=FACE_OUTER_BOUND('',#440,.T.);
#319=FACE_OUTER_BOUND('',#441,.T.);
#320=FACE_OUTER_BOUND('',#442,.T.);
#321=FACE_OUTER_BOUND('',#443,.T.);
#322=FACE_OUTER_BOUND('',#444,.T.);
#323=FACE_OUTER_BOUND('',#445,.T.);
#324=FACE_OUTER_BOUND('',#446,.T.);
#325=FACE_OUTER_BOUND('',#447,.T.);
#326=FACE_OUTER_BOUND('',#448,.T.);
#327=FACE_OUTER_BOUND('',#449,.T.);
#328=FACE_OUTER_BOUND('',#450,.T.);
#329=FACE_OUTER_BOUND('',#451,.T.);
#330=FACE_OUTER_BOUND('',#452,.T.);
#331=FACE_OUTER_BOUND('',#453,.T.);
#332=FACE_OUTER_BOUND('',#454,.T.);
#333=FACE_OUTER_BOUND('',#455,.T.);
#334=FACE_OUTER_BOUND('',#456,.T.);
#335=FACE_OUTER_BOUND('',#457,.T.);
#336=FACE_OUTER_BOUND('',#458,.T.);
#337=FACE_OUTER_BOUND('',#459,.T.);
#338=FACE_OUTER_BOUND('',#460,.T.);
#339=FACE_OUTER_BOUND('',#462,.T.);
#340=FACE_OUTER_BOUND('',#464,.T.);
#341=FACE_OUTER_BOUND('',#465,.T.);
#342=FACE_OUTER_BOUND('',#466,.T.);
#343=FACE_OUTER_BOUND('',#467,.T.);
#344=FACE_OUTER_BOUND('',#468,.T.);
#345=FACE_OUTER_BOUND('',#469,.T.);
#346=FACE_OUTER_BOUND('',#470,.T.);
#347=FACE_OUTER_BOUND('',#471,.T.);
#348=FACE_OUTER_BOUND('',#472,.T.);
#349=FACE_OUTER_BOUND('',#473,.T.);
#350=FACE_OUTER_BOUND('',#474,.T.);
#351=FACE_OUTER_BOUND('',#475,.T.);
#352=FACE_OUTER_BOUND('',#476,.T.);
#353=FACE_OUTER_BOUND('',#478,.T.);
#354=FACE_OUTER_BOUND('',#480,.T.);
#355=FACE_OUTER_BOUND('',#481,.T.);
#356=FACE_OUTER_BOUND('',#488,.T.);
#357=FACE_OUTER_BOUND('',#489,.T.);
#358=FACE_OUTER_BOUND('',#494,.T.);
#359=FACE_OUTER_BOUND('',#495,.T.);
#360=FACE_OUTER_BOUND('',#496,.T.);
#361=FACE_OUTER_BOUND('',#497,.T.);
#362=FACE_OUTER_BOUND('',#498,.T.);
#363=FACE_OUTER_BOUND('',#499,.T.);
#364=FACE_OUTER_BOUND('',#500,.T.);
#365=FACE_OUTER_BOUND('',#501,.T.);
#366=FACE_OUTER_BOUND('',#502,.T.);
#367=FACE_OUTER_BOUND('',#503,.T.);
#368=FACE_OUTER_BOUND('',#504,.T.);
#369=FACE_OUTER_BOUND('',#506,.T.);
#370=FACE_OUTER_BOUND('',#508,.T.);
#371=FACE_OUTER_BOUND('',#509,.T.);
#372=FACE_OUTER_BOUND('',#510,.T.);
#373=FACE_OUTER_BOUND('',#511,.T.);
#374=FACE_OUTER_BOUND('',#512,.T.);
#375=FACE_OUTER_BOUND('',#513,.T.);
#376=FACE_OUTER_BOUND('',#514,.T.);
#377=FACE_OUTER_BOUND('',#515,.T.);
#378=FACE_OUTER_BOUND('',#516,.T.);
#379=FACE_OUTER_BOUND('',#517,.T.);
#380=FACE_OUTER_BOUND('',#518,.T.);
#381=FACE_OUTER_BOUND('',#519,.T.);
#382=FACE_OUTER_BOUND('',#520,.T.);
#383=FACE_OUTER_BOUND('',#521,.T.);
#384=FACE_OUTER_BOUND('',#523,.T.);
#385=FACE_OUTER_BOUND('',#525,.T.);
#386=FACE_OUTER_BOUND('',#526,.T.);
#387=EDGE_LOOP('',(#1065,#1066,#1067,#1068));
#388=EDGE_LOOP('',(#1069,#1070,#1071,#1072));
#389=EDGE_LOOP('',(#1073,#1074,#1075,#1076));
#390=EDGE_LOOP('',(#1077,#1078,#1079,#1080));
#391=EDGE_LOOP('',(#1081,#1082,#1083,#1084));
#392=EDGE_LOOP('',(#1085,#1086,#1087,#1088));
#393=EDGE_LOOP('',(#1089,#1090,#1091,#1092));
#394=EDGE_LOOP('',(#1093,#1094,#1095,#1096));
#395=EDGE_LOOP('',(#1097,#1098,#1099,#1100));
#396=EDGE_LOOP('',(#1101,#1102,#1103,#1104));
#397=EDGE_LOOP('',(#1105,#1106,#1107,#1108));
#398=EDGE_LOOP('',(#1109,#1110,#1111,#1112));
#399=EDGE_LOOP('',(#1113,#1114,#1115,#1116));
#400=EDGE_LOOP('',(#1117,#1118,#1119,#1120));
#401=EDGE_LOOP('',(#1121,#1122,#1123,#1124));
#402=EDGE_LOOP('',(#1125,#1126,#1127,#1128));
#403=EDGE_LOOP('',(#1129,#1130,#1131,#1132));
#404=EDGE_LOOP('',(#1133,#1134,#1135,#1136));
#405=EDGE_LOOP('',(#1137,#1138,#1139,#1140));
#406=EDGE_LOOP('',(#1141,#1142,#1143,#1144));
#407=EDGE_LOOP('',(#1145,#1146,#1147,#1148));
#408=EDGE_LOOP('',(#1149,#1150,#1151,#1152));
#409=EDGE_LOOP('',(#1153,#1154,#1155,#1156,#1157,#1158,#1159,#1160));
#410=EDGE_LOOP('',(#1161,#1162,#1163,#1164,#1165,#1166,#1167));
#411=EDGE_LOOP('',(#1168));
#412=EDGE_LOOP('',(#1169));
#413=EDGE_LOOP('',(#1170));
#414=EDGE_LOOP('',(#1171));
#415=EDGE_LOOP('',(#1172));
#416=EDGE_LOOP('',(#1173));
#417=EDGE_LOOP('',(#1174,#1175,#1176,#1177));
#418=EDGE_LOOP('',(#1178,#1179,#1180,#1181));
#419=EDGE_LOOP('',(#1182,#1183,#1184,#1185));
#420=EDGE_LOOP('',(#1186,#1187,#1188,#1189));
#421=EDGE_LOOP('',(#1190,#1191,#1192,#1193));
#422=EDGE_LOOP('',(#1194,#1195,#1196,#1197));
#423=EDGE_LOOP('',(#1198,#1199,#1200,#1201));
#424=EDGE_LOOP('',(#1202,#1203,#1204,#1205));
#425=EDGE_LOOP('',(#1206,#1207,#1208,#1209));
#426=EDGE_LOOP('',(#1210,#1211,#1212,#1213));
#427=EDGE_LOOP('',(#1214,#1215,#1216,#1217));
#428=EDGE_LOOP('',(#1218,#1219,#1220,#1221));
#429=EDGE_LOOP('',(#1222,#1223,#1224,#1225));
#430=EDGE_LOOP('',(#1226,#1227,#1228,#1229));
#431=EDGE_LOOP('',(#1230,#1231,#1232,#1233,#1234,#1235,#1236,#1237,#1238,
#1239));
#432=EDGE_LOOP('',(#1240));
#433=EDGE_LOOP('',(#1241));
#434=EDGE_LOOP('',(#1242));
#435=EDGE_LOOP('',(#1243));
#436=EDGE_LOOP('',(#1244));
#437=EDGE_LOOP('',(#1245));
#438=EDGE_LOOP('',(#1246));
#439=EDGE_LOOP('',(#1247));
#440=EDGE_LOOP('',(#1248,#1249,#1250,#1251));
#441=EDGE_LOOP('',(#1252,#1253,#1254,#1255,#1256,#1257,#1258,#1259));
#442=EDGE_LOOP('',(#1260,#1261,#1262,#1263));
#443=EDGE_LOOP('',(#1264));
#444=EDGE_LOOP('',(#1265,#1266,#1267,#1268));
#445=EDGE_LOOP('',(#1269));
#446=EDGE_LOOP('',(#1270,#1271,#1272,#1273));
#447=EDGE_LOOP('',(#1274));
#448=EDGE_LOOP('',(#1275,#1276,#1277,#1278));
#449=EDGE_LOOP('',(#1279));
#450=EDGE_LOOP('',(#1280,#1281,#1282,#1283));
#451=EDGE_LOOP('',(#1284,#1285,#1286,#1287));
#452=EDGE_LOOP('',(#1288,#1289,#1290));
#453=EDGE_LOOP('',(#1291,#1292,#1293,#1294));
#454=EDGE_LOOP('',(#1295,#1296));
#455=EDGE_LOOP('',(#1297,#1298,#1299,#1300,#1301,#1302,#1303,#1304));
#456=EDGE_LOOP('',(#1305,#1306,#1307,#1308,#1309));
#457=EDGE_LOOP('',(#1310,#1311,#1312,#1313,#1314));
#458=EDGE_LOOP('',(#1315,#1316,#1317,#1318,#1319));
#459=EDGE_LOOP('',(#1320,#1321,#1322,#1323,#1324));
#460=EDGE_LOOP('',(#1325));
#461=EDGE_LOOP('',(#1326));
#462=EDGE_LOOP('',(#1327));
#463=EDGE_LOOP('',(#1328));
#464=EDGE_LOOP('',(#1329,#1330,#1331,#1332));
#465=EDGE_LOOP('',(#1333,#1334,#1335,#1336));
#466=EDGE_LOOP('',(#1337,#1338,#1339,#1340));
#467=EDGE_LOOP('',(#1341,#1342,#1343,#1344));
#468=EDGE_LOOP('',(#1345,#1346,#1347));
#469=EDGE_LOOP('',(#1348,#1349,#1350,#1351));
#470=EDGE_LOOP('',(#1352,#1353));
#471=EDGE_LOOP('',(#1354,#1355,#1356,#1357,#1358,#1359,#1360,#1361));
#472=EDGE_LOOP('',(#1362,#1363,#1364,#1365,#1366));
#473=EDGE_LOOP('',(#1367,#1368,#1369,#1370,#1371));
#474=EDGE_LOOP('',(#1372,#1373,#1374,#1375,#1376));
#475=EDGE_LOOP('',(#1377,#1378,#1379,#1380,#1381));
#476=EDGE_LOOP('',(#1382));
#477=EDGE_LOOP('',(#1383));
#478=EDGE_LOOP('',(#1384));
#479=EDGE_LOOP('',(#1385));
#480=EDGE_LOOP('',(#1386,#1387,#1388,#1389));
#481=EDGE_LOOP('',(#1390,#1391,#1392,#1393,#1394,#1395,#1396));
#482=EDGE_LOOP('',(#1397));
#483=EDGE_LOOP('',(#1398));
#484=EDGE_LOOP('',(#1399));
#485=EDGE_LOOP('',(#1400));
#486=EDGE_LOOP('',(#1401));
#487=EDGE_LOOP('',(#1402));
#488=EDGE_LOOP('',(#1403,#1404,#1405,#1406));
#489=EDGE_LOOP('',(#1407,#1408,#1409,#1410));
#490=EDGE_LOOP('',(#1411));
#491=EDGE_LOOP('',(#1412));
#492=EDGE_LOOP('',(#1413));
#493=EDGE_LOOP('',(#1414));
#494=EDGE_LOOP('',(#1415,#1416,#1417,#1418));
#495=EDGE_LOOP('',(#1419,#1420,#1421,#1422));
#496=EDGE_LOOP('',(#1423,#1424,#1425));
#497=EDGE_LOOP('',(#1426,#1427,#1428,#1429));
#498=EDGE_LOOP('',(#1430,#1431));
#499=EDGE_LOOP('',(#1432,#1433,#1434,#1435,#1436,#1437,#1438,#1439));
#500=EDGE_LOOP('',(#1440,#1441,#1442,#1443,#1444));
#501=EDGE_LOOP('',(#1445,#1446,#1447,#1448,#1449));
#502=EDGE_LOOP('',(#1450,#1451,#1452,#1453,#1454));
#503=EDGE_LOOP('',(#1455,#1456,#1457,#1458,#1459));
#504=EDGE_LOOP('',(#1460));
#505=EDGE_LOOP('',(#1461));
#506=EDGE_LOOP('',(#1462));
#507=EDGE_LOOP('',(#1463));
#508=EDGE_LOOP('',(#1464,#1465,#1466,#1467));
#509=EDGE_LOOP('',(#1468,#1469,#1470,#1471));
#510=EDGE_LOOP('',(#1472,#1473,#1474,#1475));
#511=EDGE_LOOP('',(#1476,#1477,#1478,#1479));
#512=EDGE_LOOP('',(#1480,#1481,#1482,#1483));
#513=EDGE_LOOP('',(#1484,#1485,#1486));
#514=EDGE_LOOP('',(#1487,#1488,#1489,#1490));
#515=EDGE_LOOP('',(#1491,#1492));
#516=EDGE_LOOP('',(#1493,#1494,#1495,#1496,#1497,#1498,#1499,#1500));
#517=EDGE_LOOP('',(#1501,#1502,#1503,#1504,#1505));
#518=EDGE_LOOP('',(#1506,#1507,#1508,#1509,#1510));
#519=EDGE_LOOP('',(#1511,#1512,#1513,#1514,#1515));
#520=EDGE_LOOP('',(#1516,#1517,#1518,#1519,#1520));
#521=EDGE_LOOP('',(#1521));
#522=EDGE_LOOP('',(#1522));
#523=EDGE_LOOP('',(#1523));
#524=EDGE_LOOP('',(#1524));
#525=EDGE_LOOP('',(#1525,#1526,#1527,#1528));
#526=EDGE_LOOP('',(#1529,#1530,#1531,#1532));
#527=B_SPLINE_CURVE_WITH_KNOTS('',3,(#2392,#2393,#2394,#2395,#2396,#2397,
#2398,#2399,#2400,#2401,#2402,#2403,#2404,#2405),.UNSPECIFIED.,.F.,.F.,
(4,2,2,2,2,2,4),(-0.171926781207828,-0.13764914837157,-0.101169369586958,
-0.0594185976075846,-0.0300865986563691,0.,0.000534335280209665),
 .UNSPECIFIED.);
#528=B_SPLINE_CURVE_WITH_KNOTS('',3,(#2411,#2412,#2413,#2414,#2415,#2416,
#2417,#2418,#2419,#2420,#2421,#2422,#2423,#2424),.UNSPECIFIED.,.F.,.F.,
(4,2,2,2,2,2,4),(-0.000534335280189402,0.,0.03008659865589,0.0594185976065484,
0.101169369585127,0.137649148369044,0.171926781204649),.UNSPECIFIED.);
#529=B_SPLINE_CURVE_WITH_KNOTS('',3,(#2427,#2428,#2429,#2430,#2431,#2432,
#2433,#2434,#2435,#2436,#2437,#2438,#2439,#2440),.UNSPECIFIED.,.F.,.F.,
(4,2,2,2,2,2,4),(-0.344387897697396,-0.343853562417184,-0.313766963760685,
-0.284434964809337,-0.242684192829776,-0.206204414044999,-0.171926781208584),
 .UNSPECIFIED.);
#530=B_SPLINE_CURVE_WITH_KNOTS('',3,(#2488,#2489,#2490,#2491,#2492,#2493,
#2494,#2495,#2496,#2497,#2498,#2499,#2500,#2501),.UNSPECIFIED.,.F.,.F.,
(4,2,2,2,2,2,4),(-0.344387897686532,-0.343853562406352,-0.313766963750689,
-0.284434964800287,-0.242684192822076,-0.20620441403848,-0.171926781203176),
 .UNSPECIFIED.);
#531=B_SPLINE_CURVE_WITH_KNOTS('',3,(#2774,#2775,#2776,#2777,#2778),
 .UNSPECIFIED.,.F.,.F.,(4,1,4),(-1.,-0.5,0.),.UNSPECIFIED.);
#532=B_SPLINE_CURVE_WITH_KNOTS('',3,(#2780,#2781,#2782,#2783,#2784,#2785,
#2786,#2787,#2788,#2789,#2790,#2791,#2792,#2793,#2794,#2795,#2796),
 .UNSPECIFIED.,.F.,.F.,(4,1,1,1,1,1,1,1,1,1,1,1,1,1,4),(0.00366923765856259,
0.0106643374061213,0.0176594371536799,0.0316496366487973,0.059630035639032,
0.115590833619501,0.22751242958044,0.451355621502317,0.563277217463256,
0.675198813424195,0.731159611404664,0.759140010394899,0.773130209890016,
0.780125309637575,0.787120409385134),.UNSPECIFIED.);
#533=B_SPLINE_CURVE_WITH_KNOTS('',3,(#2798,#2799,#2800,#2801,#2802),
 .UNSPECIFIED.,.F.,.F.,(4,1,4),(0.,0.5,1.),.UNSPECIFIED.);
#534=B_SPLINE_CURVE_WITH_KNOTS('',3,(#2803,#2804,#2805,#2806,#2807,#2808,
#2809,#2810,#2811,#2812,#2813,#2814,#2815,#2816,#2817,#2818,#2819),
 .UNSPECIFIED.,.F.,.F.,(4,1,1,1,1,1,1,1,1,1,1,1,1,1,4),(-0.787120409385134,
-0.780125309637575,-0.773130209890016,-0.759140010394899,-0.731159611404664,
-0.675198813424195,-0.563277217463256,-0.451355621502317,-0.22751242958044,
-0.115590833619501,-0.059630035639032,-0.0316496366487973,-0.0176594371536799,
-0.0106643374061213,-0.00366923765856259),.UNSPECIFIED.);
#535=B_SPLINE_CURVE_WITH_KNOTS('',3,(#2903,#2904,#2905,#2906,#2907,#2908,
#2909,#2910,#2911,#2912,#2913,#2914,#2915,#2916,#2917,#2918),
 .UNSPECIFIED.,.F.,.F.,(4,1,1,1,1,1,1,1,1,1,1,1,1,4),(-3.11239492343242,
-3.0568161513819,-3.00123737933137,-2.89007983523032,-2.66776474702823,
-2.22313457062404,-0.444613865007271,1.3339068406095,2.22316719341788,2.66779736982207,
2.89011245802417,3.00127000212521,3.05684877417574,3.11242754622626),
 .UNSPECIFIED.);
#536=B_SPLINE_CURVE_WITH_KNOTS('',3,(#2920,#2921,#2922,#2923,#2924,#2925,
#2926,#2927,#2928,#2929,#2930,#2931,#2932,#2933,#2934,#2935),
 .UNSPECIFIED.,.F.,.F.,(4,1,1,1,1,1,1,1,1,1,1,1,1,4),(-3.11242754622626,
-3.05684877417574,-3.00127000212521,-2.89011245802417,-2.66779736982207,
-2.22316719341788,-1.3339068406095,0.444613865007271,2.22313457062404,2.66776474702823,
2.89007983523032,3.00123737933137,3.0568161513819,3.11239492343242),
 .UNSPECIFIED.);
#537=B_SPLINE_CURVE_WITH_KNOTS('',3,(#2956,#2957,#2958,#2959),
 .UNSPECIFIED.,.F.,.F.,(4,4),(0.,1.),.UNSPECIFIED.);
#538=B_SPLINE_CURVE_WITH_KNOTS('',3,(#2981,#2982,#2983,#2984),
 .UNSPECIFIED.,.F.,.F.,(4,4),(0.,0.500000000000008),.UNSPECIFIED.);
#539=B_SPLINE_CURVE_WITH_KNOTS('',3,(#2985,#2986,#2987,#2988),
 .UNSPECIFIED.,.F.,.F.,(4,4),(0.500000000000008,1.),.UNSPECIFIED.);
#540=B_SPLINE_CURVE_WITH_KNOTS('',3,(#3132,#3133,#3134,#3135,#3136),
 .UNSPECIFIED.,.F.,.F.,(4,1,4),(-1.,-0.5,0.),.UNSPECIFIED.);
#541=B_SPLINE_CURVE_WITH_KNOTS('',3,(#3138,#3139,#3140,#3141,#3142,#3143,
#3144,#3145,#3146,#3147,#3148,#3149,#3150,#3151,#3152,#3153,#3154),
 .UNSPECIFIED.,.F.,.F.,(4,1,1,1,1,1,1,1,1,1,1,1,1,1,4),(-0.787120409385134,
-0.780125309637575,-0.773130209890016,-0.759140010394899,-0.731159611404664,
-0.675198813424195,-0.563277217463256,-0.451355621502317,-0.22751242958044,
-0.115590833619501,-0.059630035639032,-0.0316496366487973,-0.0176594371536799,
-0.0106643374061213,-0.00366923765856259),.UNSPECIFIED.);
#542=B_SPLINE_CURVE_WITH_KNOTS('',3,(#3156,#3157,#3158,#3159,#3160),
 .UNSPECIFIED.,.F.,.F.,(4,1,4),(0.,0.5,1.),.UNSPECIFIED.);
#543=B_SPLINE_CURVE_WITH_KNOTS('',3,(#3161,#3162,#3163,#3164,#3165,#3166,
#3167,#3168,#3169,#3170,#3171,#3172,#3173,#3174,#3175,#3176,#3177),
 .UNSPECIFIED.,.F.,.F.,(4,1,1,1,1,1,1,1,1,1,1,1,1,1,4),(0.00366923765856259,
0.0106643374061213,0.0176594371536799,0.0316496366487973,0.059630035639032,
0.115590833619501,0.22751242958044,0.451355621502317,0.563277217463256,
0.675198813424195,0.731159611404664,0.759140010394899,0.773130209890016,
0.780125309637575,0.787120409385134),.UNSPECIFIED.);
#544=B_SPLINE_CURVE_WITH_KNOTS('',3,(#3260,#3261,#3262,#3263,#3264,#3265,
#3266,#3267,#3268,#3269,#3270,#3271,#3272,#3273,#3274,#3275),
 .UNSPECIFIED.,.F.,.F.,(4,1,1,1,1,1,1,1,1,1,1,1,1,4),(-3.11242754622626,
-3.05684877417574,-3.00127000212521,-2.89011245802417,-2.66779736982207,
-2.22316719341788,-1.3339068406095,0.444613865007271,2.22313457062404,2.66776474702823,
2.89007983523032,3.00123737933137,3.0568161513819,3.11239492343242),
 .UNSPECIFIED.);
#545=B_SPLINE_CURVE_WITH_KNOTS('',3,(#3278,#3279,#3280,#3281,#3282,#3283,
#3284,#3285,#3286,#3287,#3288,#3289,#3290,#3291,#3292,#3293),
 .UNSPECIFIED.,.F.,.F.,(4,1,1,1,1,1,1,1,1,1,1,1,1,4),(-3.11239492343242,
-3.0568161513819,-3.00123737933137,-2.89007983523032,-2.66776474702823,
-2.22313457062404,-0.444613865007271,1.3339068406095,2.22316719341788,2.66779736982207,
2.89011245802417,3.00127000212521,3.05684877417574,3.11242754622626),
 .UNSPECIFIED.);
#546=B_SPLINE_CURVE_WITH_KNOTS('',3,(#3314,#3315,#3316,#3317),
 .UNSPECIFIED.,.F.,.F.,(4,4),(0.,1.),.UNSPECIFIED.);
#547=B_SPLINE_CURVE_WITH_KNOTS('',3,(#3339,#3340,#3341,#3342),
 .UNSPECIFIED.,.F.,.F.,(4,4),(0.500000000000008,1.),.UNSPECIFIED.);
#548=B_SPLINE_CURVE_WITH_KNOTS('',3,(#3343,#3344,#3345,#3346),
 .UNSPECIFIED.,.F.,.F.,(4,4),(0.,0.500000000000008),.UNSPECIFIED.);
#549=B_SPLINE_CURVE_WITH_KNOTS('',3,(#3492,#3493,#3494,#3495,#3496),
 .UNSPECIFIED.,.F.,.F.,(4,1,4),(-1.,-0.5,0.),.UNSPECIFIED.);
#550=B_SPLINE_CURVE_WITH_KNOTS('',3,(#3498,#3499,#3500,#3501,#3502,#3503,
#3504,#3505,#3506,#3507,#3508,#3509,#3510,#3511,#3512,#3513,#3514),
 .UNSPECIFIED.,.F.,.F.,(4,1,1,1,1,1,1,1,1,1,1,1,1,1,4),(-0.787120409385134,
-0.780125309637575,-0.773130209890016,-0.759140010394899,-0.731159611404664,
-0.675198813424195,-0.563277217463256,-0.451355621502317,-0.22751242958044,
-0.115590833619501,-0.059630035639032,-0.0316496366487973,-0.0176594371536799,
-0.0106643374061213,-0.00366923765856259),.UNSPECIFIED.);
#551=B_SPLINE_CURVE_WITH_KNOTS('',3,(#3516,#3517,#3518,#3519,#3520),
 .UNSPECIFIED.,.F.,.F.,(4,1,4),(0.,0.5,1.),.UNSPECIFIED.);
#552=B_SPLINE_CURVE_WITH_KNOTS('',3,(#3521,#3522,#3523,#3524,#3525,#3526,
#3527,#3528,#3529,#3530,#3531,#3532,#3533,#3534,#3535,#3536,#3537),
 .UNSPECIFIED.,.F.,.F.,(4,1,1,1,1,1,1,1,1,1,1,1,1,1,4),(0.00366923765856259,
0.0106643374061213,0.0176594371536799,0.0316496366487973,0.059630035639032,
0.115590833619501,0.22751242958044,0.451355621502317,0.563277217463256,
0.675198813424195,0.731159611404664,0.759140010394899,0.773130209890016,
0.780125309637575,0.787120409385134),.UNSPECIFIED.);
#553=B_SPLINE_CURVE_WITH_KNOTS('',3,(#3620,#3621,#3622,#3623,#3624,#3625,
#3626,#3627,#3628,#3629,#3630,#3631,#3632,#3633,#3634,#3635),
 .UNSPECIFIED.,.F.,.F.,(4,1,1,1,1,1,1,1,1,1,1,1,1,4),(-3.11242754622626,
-3.05684877417574,-3.00127000212521,-2.89011245802417,-2.66779736982207,
-2.22316719341788,-1.3339068406095,0.444613865007271,2.22313457062404,2.66776474702823,
2.89007983523032,3.00123737933137,3.0568161513819,3.11239492343242),
 .UNSPECIFIED.);
#554=B_SPLINE_CURVE_WITH_KNOTS('',3,(#3638,#3639,#3640,#3641,#3642,#3643,
#3644,#3645,#3646,#3647,#3648,#3649,#3650,#3651,#3652,#3653),
 .UNSPECIFIED.,.F.,.F.,(4,1,1,1,1,1,1,1,1,1,1,1,1,4),(-3.11239492343242,
-3.0568161513819,-3.00123737933137,-2.89007983523032,-2.66776474702823,
-2.22313457062404,-0.444613865007271,1.3339068406095,2.22316719341788,2.66779736982207,
2.89011245802417,3.00127000212521,3.05684877417574,3.11242754622626),
 .UNSPECIFIED.);
#555=B_SPLINE_CURVE_WITH_KNOTS('',3,(#3674,#3675,#3676,#3677),
 .UNSPECIFIED.,.F.,.F.,(4,4),(0.,1.),.UNSPECIFIED.);
#556=B_SPLINE_CURVE_WITH_KNOTS('',3,(#3699,#3700,#3701,#3702),
 .UNSPECIFIED.,.F.,.F.,(4,4),(0.500000000000007,1.),.UNSPECIFIED.);
#557=B_SPLINE_CURVE_WITH_KNOTS('',3,(#3703,#3704,#3705,#3706),
 .UNSPECIFIED.,.F.,.F.,(4,4),(0.,0.500000000000007),.UNSPECIFIED.);
#558=B_SPLINE_CURVE_WITH_KNOTS('',3,(#3845,#3846,#3847,#3848,#3849),
 .UNSPECIFIED.,.F.,.F.,(4,1,4),(-1.,-0.5,0.),.UNSPECIFIED.);
#559=B_SPLINE_CURVE_WITH_KNOTS('',3,(#3851,#3852,#3853,#3854,#3855,#3856,
#3857,#3858,#3859,#3860,#3861,#3862,#3863,#3864,#3865,#3866,#3867),
 .UNSPECIFIED.,.F.,.F.,(4,1,1,1,1,1,1,1,1,1,1,1,1,1,4),(0.00366923765856259,
0.0106643374061213,0.0176594371536799,0.0316496366487973,0.059630035639032,
0.115590833619501,0.22751242958044,0.451355621502317,0.563277217463256,
0.675198813424195,0.731159611404664,0.759140010394899,0.773130209890016,
0.780125309637575,0.787120409385134),.UNSPECIFIED.);
#560=B_SPLINE_CURVE_WITH_KNOTS('',3,(#3869,#3870,#3871,#3872,#3873),
 .UNSPECIFIED.,.F.,.F.,(4,1,4),(0.,0.5,1.),.UNSPECIFIED.);
#561=B_SPLINE_CURVE_WITH_KNOTS('',3,(#3874,#3875,#3876,#3877,#3878,#3879,
#3880,#3881,#3882,#3883,#3884,#3885,#3886,#3887,#3888,#3889,#3890),
 .UNSPECIFIED.,.F.,.F.,(4,1,1,1,1,1,1,1,1,1,1,1,1,1,4),(-0.787120409385134,
-0.780125309637575,-0.773130209890016,-0.759140010394899,-0.731159611404664,
-0.675198813424195,-0.563277217463256,-0.451355621502317,-0.22751242958044,
-0.115590833619501,-0.059630035639032,-0.0316496366487973,-0.0176594371536799,
-0.0106643374061213,-0.00366923765856259),.UNSPECIFIED.);
#562=B_SPLINE_CURVE_WITH_KNOTS('',3,(#3974,#3975,#3976,#3977,#3978,#3979,
#3980,#3981,#3982,#3983,#3984,#3985,#3986,#3987,#3988,#3989),
 .UNSPECIFIED.,.F.,.F.,(4,1,1,1,1,1,1,1,1,1,1,1,1,4),(-3.11239492343242,
-3.0568161513819,-3.00123737933137,-2.89007983523032,-2.66776474702823,
-2.22313457062404,-0.444613865007271,1.3339068406095,2.22316719341788,2.66779736982207,
2.89011245802417,3.00127000212521,3.05684877417574,3.11242754622626),
 .UNSPECIFIED.);
#563=B_SPLINE_CURVE_WITH_KNOTS('',3,(#3991,#3992,#3993,#3994,#3995,#3996,
#3997,#3998,#3999,#4000,#4001,#4002,#4003,#4004,#4005,#4006),
 .UNSPECIFIED.,.F.,.F.,(4,1,1,1,1,1,1,1,1,1,1,1,1,4),(-3.11242754622626,
-3.05684877417574,-3.00127000212521,-2.89011245802417,-2.66779736982207,
-2.22316719341788,-1.3339068406095,0.444613865007271,2.22313457062404,2.66776474702823,
2.89007983523032,3.00123737933137,3.0568161513819,3.11239492343242),
 .UNSPECIFIED.);
#564=B_SPLINE_CURVE_WITH_KNOTS('',3,(#4027,#4028,#4029,#4030),
 .UNSPECIFIED.,.F.,.F.,(4,4),(0.,1.),.UNSPECIFIED.);
#565=B_SPLINE_CURVE_WITH_KNOTS('',3,(#4052,#4053,#4054,#4055),
 .UNSPECIFIED.,.F.,.F.,(4,4),(0.,0.500000000000007),.UNSPECIFIED.);
#566=B_SPLINE_CURVE_WITH_KNOTS('',3,(#4056,#4057,#4058,#4059),
 .UNSPECIFIED.,.F.,.F.,(4,4),(0.500000000000007,1.),.UNSPECIFIED.);
#567=CIRCLE('',#1676,4.);
#568=CIRCLE('',#1677,1.);
#569=CIRCLE('',#1678,5.);
#570=CIRCLE('',#1681,4.);
#571=CIRCLE('',#1682,1.);
#572=CIRCLE('',#1683,5.);
#573=CIRCLE('',#1685,1.);
#574=CIRCLE('',#1687,1.00000000000001);
#575=CIRCLE('',#1688,11.7);
#576=CIRCLE('',#1689,12.7);
#577=CIRCLE('',#1691,0.999999999999993);
#578=CIRCLE('',#1693,0.999999999999993);
#579=CIRCLE('',#1695,1.);
#580=CIRCLE('',#1696,11.7);
#581=CIRCLE('',#1697,12.7);
#582=CIRCLE('',#1699,1.);
#583=CIRCLE('',#1701,5.);
#584=CIRCLE('',#1702,4.);
#585=CIRCLE('',#1705,1.);
#586=CIRCLE('',#1707,0.999999999999996);
#587=CIRCLE('',#1708,11.7);
#588=CIRCLE('',#1709,12.7);
#589=CIRCLE('',#1711,0.999999999999993);
#590=CIRCLE('',#1713,1.);
#591=CIRCLE('',#1715,1.);
#592=CIRCLE('',#1716,11.7);
#593=CIRCLE('',#1717,12.7);
#594=CIRCLE('',#1719,1.);
#595=CIRCLE('',#1721,5.);
#596=CIRCLE('',#1722,4.);
#597=CIRCLE('',#1724,12.7);
#598=CIRCLE('',#1728,12.7);
#599=CIRCLE('',#1731,1.55);
#600=CIRCLE('',#1732,1.55);
#601=CIRCLE('',#1735,1.55);
#602=CIRCLE('',#1736,1.55);
#603=CIRCLE('',#1739,2.);
#604=CIRCLE('',#1740,10.7);
#605=CIRCLE('',#1741,2.);
#606=CIRCLE('',#1743,2.);
#607=CIRCLE('',#1745,2.);
#608=CIRCLE('',#1747,2.);
#609=CIRCLE('',#1748,10.7);
#610=CIRCLE('',#1750,2.);
#611=CIRCLE('',#1752,2.);
#612=CIRCLE('',#1753,12.7);
#613=CIRCLE('',#1754,10.7);
#614=CIRCLE('',#1756,2.);
#615=CIRCLE('',#1758,2.);
#616=CIRCLE('',#1760,2.);
#617=CIRCLE('',#1761,12.7);
#618=CIRCLE('',#1762,10.7);
#619=CIRCLE('',#1768,3.9);
#620=CIRCLE('',#1769,3.9);
#621=CIRCLE('',#1770,3.9);
#622=CIRCLE('',#1771,3.9);
#623=CIRCLE('',#1772,3.9);
#624=CIRCLE('',#1773,3.9);
#625=CIRCLE('',#1774,3.9);
#626=CIRCLE('',#1775,3.9);
#627=CIRCLE('',#1779,2.15);
#628=CIRCLE('',#1780,2.15);
#629=CIRCLE('',#1783,2.15);
#630=CIRCLE('',#1784,2.15);
#631=CIRCLE('',#1787,2.15);
#632=CIRCLE('',#1788,2.15);
#633=CIRCLE('',#1791,2.15);
#634=CIRCLE('',#1792,2.15);
#635=CIRCLE('',#1794,0.5);
#636=CIRCLE('',#1795,0.500000000000004);
#637=CIRCLE('',#1799,1.);
#638=CIRCLE('',#1800,2.9);
#639=CIRCLE('',#1801,2.9);
#640=CIRCLE('',#1803,2.9);
#641=CIRCLE('',#1805,1.);
#642=CIRCLE('',#1806,2.9);
#643=CIRCLE('',#1807,2.9);
#644=CIRCLE('',#1809,2.9);
#645=CIRCLE('',#1811,1.55);
#646=CIRCLE('',#1813,1.55);
#647=CIRCLE('',#1815,1.55);
#648=CIRCLE('',#1817,1.55);
#649=CIRCLE('',#1818,0.5);
#650=CIRCLE('',#1819,0.500000000000004);
#651=CIRCLE('',#1823,1.);
#652=CIRCLE('',#1824,2.9);
#653=CIRCLE('',#1825,2.9);
#654=CIRCLE('',#1827,2.9);
#655=CIRCLE('',#1829,1.);
#656=CIRCLE('',#1830,2.9);
#657=CIRCLE('',#1831,2.9);
#658=CIRCLE('',#1833,2.9);
#659=CIRCLE('',#1835,1.55);
#660=CIRCLE('',#1837,1.55);
#661=CIRCLE('',#1839,1.55);
#662=CIRCLE('',#1841,1.55);
#663=CIRCLE('',#1844,0.5);
#664=CIRCLE('',#1845,0.500000000000004);
#665=CIRCLE('',#1848,1.);
#666=CIRCLE('',#1849,2.9);
#667=CIRCLE('',#1850,2.9);
#668=CIRCLE('',#1852,2.9);
#669=CIRCLE('',#1854,1.);
#670=CIRCLE('',#1855,2.9);
#671=CIRCLE('',#1856,2.9);
#672=CIRCLE('',#1858,2.9);
#673=CIRCLE('',#1860,1.55);
#674=CIRCLE('',#1862,1.55);
#675=CIRCLE('',#1866,0.5);
#676=CIRCLE('',#1867,0.500000000000004);
#677=CIRCLE('',#1870,1.);
#678=CIRCLE('',#1871,2.9);
#679=CIRCLE('',#1872,2.9);
#680=CIRCLE('',#1874,2.9);
#681=CIRCLE('',#1876,1.);
#682=CIRCLE('',#1877,2.9);
#683=CIRCLE('',#1878,2.9);
#684=CIRCLE('',#1880,2.9);
#685=CIRCLE('',#1882,1.55);
#686=CIRCLE('',#1884,1.55);
#687=VERTEX_POINT('',#2385);
#688=VERTEX_POINT('',#2386);
#689=VERTEX_POINT('',#2388);
#690=VERTEX_POINT('',#2390);
#691=VERTEX_POINT('',#2407);
#692=VERTEX_POINT('',#2408);
#693=VERTEX_POINT('',#2410);
#694=VERTEX_POINT('',#2425);
#695=VERTEX_POINT('',#2442);
#696=VERTEX_POINT('',#2444);
#697=VERTEX_POINT('',#2448);
#698=VERTEX_POINT('',#2449);
#699=VERTEX_POINT('',#2454);
#700=VERTEX_POINT('',#2455);
#701=VERTEX_POINT('',#2460);
#702=VERTEX_POINT('',#2461);
#703=VERTEX_POINT('',#2466);
#704=VERTEX_POINT('',#2468);
#705=VERTEX_POINT('',#2472);
#706=VERTEX_POINT('',#2473);
#707=VERTEX_POINT('',#2478);
#708=VERTEX_POINT('',#2479);
#709=VERTEX_POINT('',#2484);
#710=VERTEX_POINT('',#2486);
#711=VERTEX_POINT('',#2506);
#712=VERTEX_POINT('',#2507);
#713=VERTEX_POINT('',#2512);
#714=VERTEX_POINT('',#2513);
#715=VERTEX_POINT('',#2518);
#716=VERTEX_POINT('',#2519);
#717=VERTEX_POINT('',#2524);
#718=VERTEX_POINT('',#2526);
#719=VERTEX_POINT('',#2530);
#720=VERTEX_POINT('',#2531);
#721=VERTEX_POINT('',#2536);
#722=VERTEX_POINT('',#2537);
#723=VERTEX_POINT('',#2545);
#724=VERTEX_POINT('',#2547);
#725=VERTEX_POINT('',#2551);
#726=VERTEX_POINT('',#2555);
#727=VERTEX_POINT('',#2559);
#728=VERTEX_POINT('',#2563);
#729=VERTEX_POINT('',#2568);
#730=VERTEX_POINT('',#2570);
#731=VERTEX_POINT('',#2572);
#732=VERTEX_POINT('',#2574);
#733=VERTEX_POINT('',#2576);
#734=VERTEX_POINT('',#2578);
#735=VERTEX_POINT('',#2583);
#736=VERTEX_POINT('',#2585);
#737=VERTEX_POINT('',#2589);
#738=VERTEX_POINT('',#2593);
#739=VERTEX_POINT('',#2597);
#740=VERTEX_POINT('',#2601);
#741=VERTEX_POINT('',#2602);
#742=VERTEX_POINT('',#2607);
#743=VERTEX_POINT('',#2608);
#744=VERTEX_POINT('',#2613);
#745=VERTEX_POINT('',#2614);
#746=VERTEX_POINT('',#2619);
#747=VERTEX_POINT('',#2621);
#748=VERTEX_POINT('',#2625);
#749=VERTEX_POINT('',#2638);
#750=VERTEX_POINT('',#2640);
#751=VERTEX_POINT('',#2642);
#752=VERTEX_POINT('',#2644);
#753=VERTEX_POINT('',#2646);
#754=VERTEX_POINT('',#2648);
#755=VERTEX_POINT('',#2650);
#756=VERTEX_POINT('',#2652);
#757=VERTEX_POINT('',#2660);
#758=VERTEX_POINT('',#2662);
#759=VERTEX_POINT('',#2667);
#760=VERTEX_POINT('',#2669);
#761=VERTEX_POINT('',#2674);
#762=VERTEX_POINT('',#2676);
#763=VERTEX_POINT('',#2681);
#764=VERTEX_POINT('',#2683);
#765=VERTEX_POINT('',#2772);
#766=VERTEX_POINT('',#2773);
#767=VERTEX_POINT('',#2779);
#768=VERTEX_POINT('',#2797);
#769=VERTEX_POINT('',#2900);
#770=VERTEX_POINT('',#2902);
#771=VERTEX_POINT('',#2980);
#772=VERTEX_POINT('',#3008);
#773=VERTEX_POINT('',#3012);
#774=VERTEX_POINT('',#3014);
#775=VERTEX_POINT('',#3018);
#776=VERTEX_POINT('',#3022);
#777=VERTEX_POINT('',#3024);
#778=VERTEX_POINT('',#3028);
#779=VERTEX_POINT('',#3032);
#780=VERTEX_POINT('',#3035);
#781=VERTEX_POINT('',#3038);
#782=VERTEX_POINT('',#3042);
#783=VERTEX_POINT('',#3130);
#784=VERTEX_POINT('',#3131);
#785=VERTEX_POINT('',#3137);
#786=VERTEX_POINT('',#3155);
#787=VERTEX_POINT('',#3258);
#788=VERTEX_POINT('',#3276);
#789=VERTEX_POINT('',#3338);
#790=VERTEX_POINT('',#3366);
#791=VERTEX_POINT('',#3370);
#792=VERTEX_POINT('',#3372);
#793=VERTEX_POINT('',#3376);
#794=VERTEX_POINT('',#3380);
#795=VERTEX_POINT('',#3382);
#796=VERTEX_POINT('',#3386);
#797=VERTEX_POINT('',#3390);
#798=VERTEX_POINT('',#3393);
#799=VERTEX_POINT('',#3396);
#800=VERTEX_POINT('',#3400);
#801=VERTEX_POINT('',#3490);
#802=VERTEX_POINT('',#3491);
#803=VERTEX_POINT('',#3497);
#804=VERTEX_POINT('',#3515);
#805=VERTEX_POINT('',#3618);
#806=VERTEX_POINT('',#3636);
#807=VERTEX_POINT('',#3698);
#808=VERTEX_POINT('',#3728);
#809=VERTEX_POINT('',#3730);
#810=VERTEX_POINT('',#3734);
#811=VERTEX_POINT('',#3738);
#812=VERTEX_POINT('',#3740);
#813=VERTEX_POINT('',#3744);
#814=VERTEX_POINT('',#3748);
#815=VERTEX_POINT('',#3751);
#816=VERTEX_POINT('',#3843);
#817=VERTEX_POINT('',#3844);
#818=VERTEX_POINT('',#3850);
#819=VERTEX_POINT('',#3868);
#820=VERTEX_POINT('',#3971);
#821=VERTEX_POINT('',#3973);
#822=VERTEX_POINT('',#4051);
#823=VERTEX_POINT('',#4081);
#824=VERTEX_POINT('',#4083);
#825=VERTEX_POINT('',#4087);
#826=VERTEX_POINT('',#4091);
#827=VERTEX_POINT('',#4093);
#828=VERTEX_POINT('',#4097);
#829=VERTEX_POINT('',#4101);
#830=VERTEX_POINT('',#4104);
#831=EDGE_CURVE('',#687,#688,#567,.T.);
#832=EDGE_CURVE('',#688,#689,#568,.T.);
#833=EDGE_CURVE('',#689,#690,#569,.T.);
#834=EDGE_CURVE('',#690,#687,#527,.T.);
#835=EDGE_CURVE('',#691,#692,#97,.T.);
#836=EDGE_CURVE('',#692,#693,#528,.T.);
#837=EDGE_CURVE('',#693,#694,#98,.T.);
#838=EDGE_CURVE('',#691,#694,#529,.T.);
#839=EDGE_CURVE('',#692,#695,#570,.T.);
#840=EDGE_CURVE('',#695,#696,#571,.T.);
#841=EDGE_CURVE('',#696,#693,#572,.T.);
#842=EDGE_CURVE('',#697,#698,#573,.T.);
#843=EDGE_CURVE('',#698,#696,#99,.T.);
#844=EDGE_CURVE('',#695,#697,#100,.T.);
#845=EDGE_CURVE('',#699,#700,#574,.T.);
#846=EDGE_CURVE('',#700,#698,#575,.T.);
#847=EDGE_CURVE('',#697,#699,#576,.T.);
#848=EDGE_CURVE('',#701,#702,#577,.T.);
#849=EDGE_CURVE('',#702,#700,#101,.T.);
#850=EDGE_CURVE('',#699,#701,#102,.T.);
#851=EDGE_CURVE('',#701,#703,#103,.T.);
#852=EDGE_CURVE('',#703,#704,#578,.T.);
#853=EDGE_CURVE('',#704,#702,#104,.T.);
#854=EDGE_CURVE('',#705,#706,#579,.T.);
#855=EDGE_CURVE('',#706,#704,#580,.T.);
#856=EDGE_CURVE('',#703,#705,#581,.T.);
#857=EDGE_CURVE('',#707,#708,#582,.T.);
#858=EDGE_CURVE('',#708,#706,#105,.T.);
#859=EDGE_CURVE('',#705,#707,#106,.T.);
#860=EDGE_CURVE('',#709,#708,#583,.T.);
#861=EDGE_CURVE('',#707,#710,#584,.T.);
#862=EDGE_CURVE('',#710,#709,#530,.T.);
#863=EDGE_CURVE('',#690,#709,#107,.T.);
#864=EDGE_CURVE('',#710,#687,#108,.T.);
#865=EDGE_CURVE('',#711,#712,#585,.T.);
#866=EDGE_CURVE('',#712,#689,#109,.T.);
#867=EDGE_CURVE('',#688,#711,#110,.T.);
#868=EDGE_CURVE('',#713,#714,#586,.T.);
#869=EDGE_CURVE('',#714,#712,#587,.T.);
#870=EDGE_CURVE('',#711,#713,#588,.T.);
#871=EDGE_CURVE('',#715,#716,#589,.T.);
#872=EDGE_CURVE('',#716,#714,#111,.T.);
#873=EDGE_CURVE('',#713,#715,#112,.T.);
#874=EDGE_CURVE('',#715,#717,#113,.T.);
#875=EDGE_CURVE('',#717,#718,#590,.T.);
#876=EDGE_CURVE('',#718,#716,#114,.T.);
#877=EDGE_CURVE('',#719,#720,#591,.T.);
#878=EDGE_CURVE('',#720,#718,#592,.T.);
#879=EDGE_CURVE('',#717,#719,#593,.T.);
#880=EDGE_CURVE('',#721,#722,#594,.T.);
#881=EDGE_CURVE('',#722,#720,#115,.T.);
#882=EDGE_CURVE('',#719,#721,#116,.T.);
#883=EDGE_CURVE('',#694,#722,#595,.T.);
#884=EDGE_CURVE('',#721,#691,#596,.T.);
#885=EDGE_CURVE('',#723,#703,#117,.T.);
#886=EDGE_CURVE('',#724,#723,#597,.T.);
#887=EDGE_CURVE('',#724,#705,#118,.T.);
#888=EDGE_CURVE('',#725,#701,#119,.T.);
#889=EDGE_CURVE('',#723,#725,#120,.T.);
#890=EDGE_CURVE('',#726,#699,#121,.T.);
#891=EDGE_CURVE('',#725,#726,#122,.T.);
#892=EDGE_CURVE('',#727,#697,#123,.T.);
#893=EDGE_CURVE('',#726,#727,#598,.T.);
#894=EDGE_CURVE('',#728,#719,#124,.T.);
#895=EDGE_CURVE('',#727,#728,#125,.T.);
#896=EDGE_CURVE('',#689,#722,#126,.T.);
#897=EDGE_CURVE('',#729,#729,#599,.T.);
#898=EDGE_CURVE('',#730,#730,#600,.T.);
#899=EDGE_CURVE('',#731,#731,#35,.T.);
#900=EDGE_CURVE('',#732,#732,#36,.T.);
#901=EDGE_CURVE('',#733,#733,#601,.T.);
#902=EDGE_CURVE('',#734,#734,#602,.T.);
#903=EDGE_CURVE('',#694,#690,#127,.T.);
#904=EDGE_CURVE('',#727,#735,#603,.T.);
#905=EDGE_CURVE('',#735,#736,#604,.T.);
#906=EDGE_CURVE('',#736,#726,#605,.T.);
#907=EDGE_CURVE('',#737,#725,#606,.T.);
#908=EDGE_CURVE('',#736,#737,#128,.T.);
#909=EDGE_CURVE('',#737,#738,#129,.T.);
#910=EDGE_CURVE('',#738,#723,#607,.T.);
#911=EDGE_CURVE('',#739,#724,#608,.T.);
#912=EDGE_CURVE('',#738,#739,#609,.T.);
#913=EDGE_CURVE('',#740,#741,#610,.T.);
#914=EDGE_CURVE('',#741,#724,#130,.T.);
#915=EDGE_CURVE('',#739,#740,#131,.T.);
#916=EDGE_CURVE('',#742,#743,#611,.T.);
#917=EDGE_CURVE('',#743,#741,#612,.T.);
#918=EDGE_CURVE('',#740,#742,#613,.T.);
#919=EDGE_CURVE('',#744,#745,#614,.T.);
#920=EDGE_CURVE('',#745,#743,#132,.T.);
#921=EDGE_CURVE('',#742,#744,#133,.T.);
#922=EDGE_CURVE('',#744,#746,#134,.T.);
#923=EDGE_CURVE('',#746,#747,#615,.T.);
#924=EDGE_CURVE('',#747,#745,#135,.T.);
#925=EDGE_CURVE('',#748,#728,#616,.T.);
#926=EDGE_CURVE('',#728,#747,#617,.T.);
#927=EDGE_CURVE('',#746,#748,#618,.T.);
#928=EDGE_CURVE('',#748,#735,#136,.T.);
#929=EDGE_CURVE('',#743,#713,#137,.T.);
#930=EDGE_CURVE('',#745,#715,#138,.T.);
#931=EDGE_CURVE('',#747,#717,#139,.T.);
#932=EDGE_CURVE('',#749,#749,#619,.T.);
#933=EDGE_CURVE('',#750,#750,#620,.T.);
#934=EDGE_CURVE('',#751,#751,#621,.T.);
#935=EDGE_CURVE('',#752,#752,#622,.T.);
#936=EDGE_CURVE('',#753,#753,#623,.T.);
#937=EDGE_CURVE('',#754,#754,#624,.T.);
#938=EDGE_CURVE('',#755,#755,#625,.T.);
#939=EDGE_CURVE('',#756,#756,#626,.T.);
#940=EDGE_CURVE('',#693,#709,#140,.T.);
#941=EDGE_CURVE('',#696,#708,#141,.T.);
#942=EDGE_CURVE('',#741,#711,#142,.T.);
#943=EDGE_CURVE('',#757,#757,#627,.T.);
#944=EDGE_CURVE('',#757,#758,#143,.T.);
#945=EDGE_CURVE('',#758,#758,#628,.T.);
#946=EDGE_CURVE('',#759,#759,#629,.T.);
#947=EDGE_CURVE('',#759,#760,#144,.T.);
#948=EDGE_CURVE('',#760,#760,#630,.T.);
#949=EDGE_CURVE('',#761,#761,#631,.T.);
#950=EDGE_CURVE('',#761,#762,#145,.T.);
#951=EDGE_CURVE('',#762,#762,#632,.T.);
#952=EDGE_CURVE('',#763,#763,#633,.T.);
#953=EDGE_CURVE('',#763,#764,#146,.T.);
#954=EDGE_CURVE('',#764,#764,#634,.T.);
#955=EDGE_CURVE('',#765,#766,#531,.T.);
#956=EDGE_CURVE('',#766,#767,#532,.T.);
#957=EDGE_CURVE('',#767,#768,#533,.T.);
#958=EDGE_CURVE('',#768,#765,#534,.T.);
#959=EDGE_CURVE('',#766,#769,#635,.T.);
#960=EDGE_CURVE('',#769,#770,#535,.T.);
#961=EDGE_CURVE('',#770,#767,#636,.T.);
#962=EDGE_CURVE('',#767,#766,#536,.T.);
#963=EDGE_CURVE('',#770,#768,#537,.T.);
#964=EDGE_CURVE('',#765,#771,#538,.T.);
#965=EDGE_CURVE('',#771,#769,#539,.T.);
#966=EDGE_CURVE('',#771,#772,#147,.T.);
#967=EDGE_CURVE('',#772,#772,#37,.T.);
#968=EDGE_CURVE('',#753,#773,#637,.T.);
#969=EDGE_CURVE('',#773,#774,#638,.T.);
#970=EDGE_CURVE('',#774,#773,#639,.T.);
#971=EDGE_CURVE('',#774,#775,#148,.T.);
#972=EDGE_CURVE('',#775,#775,#640,.T.);
#973=EDGE_CURVE('',#754,#776,#641,.T.);
#974=EDGE_CURVE('',#776,#777,#642,.T.);
#975=EDGE_CURVE('',#777,#776,#643,.T.);
#976=EDGE_CURVE('',#777,#778,#149,.T.);
#977=EDGE_CURVE('',#778,#778,#644,.T.);
#978=EDGE_CURVE('',#779,#779,#645,.T.);
#979=EDGE_CURVE('',#780,#780,#646,.T.);
#980=EDGE_CURVE('',#781,#781,#647,.T.);
#981=EDGE_CURVE('',#781,#779,#150,.T.);
#982=EDGE_CURVE('',#782,#782,#648,.T.);
#983=EDGE_CURVE('',#782,#780,#151,.T.);
#984=EDGE_CURVE('',#783,#784,#540,.T.);
#985=EDGE_CURVE('',#785,#783,#541,.T.);
#986=EDGE_CURVE('',#786,#785,#542,.T.);
#987=EDGE_CURVE('',#784,#786,#543,.T.);
#988=EDGE_CURVE('',#784,#787,#649,.T.);
#989=EDGE_CURVE('',#786,#784,#544,.T.);
#990=EDGE_CURVE('',#788,#786,#650,.T.);
#991=EDGE_CURVE('',#787,#788,#545,.T.);
#992=EDGE_CURVE('',#788,#785,#546,.T.);
#993=EDGE_CURVE('',#789,#787,#547,.T.);
#994=EDGE_CURVE('',#783,#789,#548,.T.);
#995=EDGE_CURVE('',#789,#790,#152,.T.);
#996=EDGE_CURVE('',#790,#790,#38,.T.);
#997=EDGE_CURVE('',#756,#791,#651,.T.);
#998=EDGE_CURVE('',#792,#791,#652,.T.);
#999=EDGE_CURVE('',#791,#792,#653,.T.);
#1000=EDGE_CURVE('',#792,#793,#153,.T.);
#1001=EDGE_CURVE('',#793,#793,#654,.T.);
#1002=EDGE_CURVE('',#755,#794,#655,.T.);
#1003=EDGE_CURVE('',#795,#794,#656,.T.);
#1004=EDGE_CURVE('',#794,#795,#657,.T.);
#1005=EDGE_CURVE('',#795,#796,#154,.T.);
#1006=EDGE_CURVE('',#796,#796,#658,.T.);
#1007=EDGE_CURVE('',#797,#797,#659,.T.);
#1008=EDGE_CURVE('',#798,#798,#660,.T.);
#1009=EDGE_CURVE('',#799,#799,#661,.T.);
#1010=EDGE_CURVE('',#799,#797,#155,.T.);
#1011=EDGE_CURVE('',#800,#800,#662,.T.);
#1012=EDGE_CURVE('',#800,#798,#156,.T.);
#1013=EDGE_CURVE('',#801,#802,#549,.T.);
#1014=EDGE_CURVE('',#803,#801,#550,.T.);
#1015=EDGE_CURVE('',#804,#803,#551,.T.);
#1016=EDGE_CURVE('',#802,#804,#552,.T.);
#1017=EDGE_CURVE('',#802,#805,#663,.T.);
#1018=EDGE_CURVE('',#804,#802,#553,.T.);
#1019=EDGE_CURVE('',#806,#804,#664,.T.);
#1020=EDGE_CURVE('',#805,#806,#554,.T.);
#1021=EDGE_CURVE('',#806,#803,#555,.T.);
#1022=EDGE_CURVE('',#807,#805,#556,.T.);
#1023=EDGE_CURVE('',#801,#807,#557,.T.);
#1024=EDGE_CURVE('',#807,#732,#157,.T.);
#1025=EDGE_CURVE('',#752,#808,#665,.T.);
#1026=EDGE_CURVE('',#809,#808,#666,.T.);
#1027=EDGE_CURVE('',#808,#809,#667,.T.);
#1028=EDGE_CURVE('',#809,#810,#158,.T.);
#1029=EDGE_CURVE('',#810,#810,#668,.T.);
#1030=EDGE_CURVE('',#751,#811,#669,.T.);
#1031=EDGE_CURVE('',#812,#811,#670,.T.);
#1032=EDGE_CURVE('',#811,#812,#671,.T.);
#1033=EDGE_CURVE('',#812,#813,#159,.T.);
#1034=EDGE_CURVE('',#813,#813,#672,.T.);
#1035=EDGE_CURVE('',#814,#814,#673,.T.);
#1036=EDGE_CURVE('',#815,#815,#674,.T.);
#1037=EDGE_CURVE('',#733,#814,#160,.T.);
#1038=EDGE_CURVE('',#734,#815,#161,.T.);
#1039=EDGE_CURVE('',#816,#817,#558,.T.);
#1040=EDGE_CURVE('',#817,#818,#559,.T.);
#1041=EDGE_CURVE('',#818,#819,#560,.T.);
#1042=EDGE_CURVE('',#819,#816,#561,.T.);
#1043=EDGE_CURVE('',#817,#820,#675,.T.);
#1044=EDGE_CURVE('',#820,#821,#562,.T.);
#1045=EDGE_CURVE('',#821,#818,#676,.T.);
#1046=EDGE_CURVE('',#818,#817,#563,.T.);
#1047=EDGE_CURVE('',#821,#819,#564,.T.);
#1048=EDGE_CURVE('',#816,#822,#565,.T.);
#1049=EDGE_CURVE('',#822,#820,#566,.T.);
#1050=EDGE_CURVE('',#822,#731,#162,.T.);
#1051=EDGE_CURVE('',#749,#823,#677,.T.);
#1052=EDGE_CURVE('',#823,#824,#678,.T.);
#1053=EDGE_CURVE('',#824,#823,#679,.T.);
#1054=EDGE_CURVE('',#824,#825,#163,.T.);
#1055=EDGE_CURVE('',#825,#825,#680,.T.);
#1056=EDGE_CURVE('',#750,#826,#681,.T.);
#1057=EDGE_CURVE('',#826,#827,#682,.T.);
#1058=EDGE_CURVE('',#827,#826,#683,.T.);
#1059=EDGE_CURVE('',#827,#828,#164,.T.);
#1060=EDGE_CURVE('',#828,#828,#684,.T.);
#1061=EDGE_CURVE('',#829,#829,#685,.T.);
#1062=EDGE_CURVE('',#830,#830,#686,.T.);
#1063=EDGE_CURVE('',#730,#829,#165,.T.);
#1064=EDGE_CURVE('',#729,#830,#166,.T.);
#1065=ORIENTED_EDGE('',*,*,#831,.T.);
#1066=ORIENTED_EDGE('',*,*,#832,.T.);
#1067=ORIENTED_EDGE('',*,*,#833,.T.);
#1068=ORIENTED_EDGE('',*,*,#834,.T.);
#1069=ORIENTED_EDGE('',*,*,#835,.T.);
#1070=ORIENTED_EDGE('',*,*,#836,.T.);
#1071=ORIENTED_EDGE('',*,*,#837,.T.);
#1072=ORIENTED_EDGE('',*,*,#838,.F.);
#1073=ORIENTED_EDGE('',*,*,#839,.T.);
#1074=ORIENTED_EDGE('',*,*,#840,.T.);
#1075=ORIENTED_EDGE('',*,*,#841,.T.);
#1076=ORIENTED_EDGE('',*,*,#836,.F.);
#1077=ORIENTED_EDGE('',*,*,#842,.T.);
#1078=ORIENTED_EDGE('',*,*,#843,.T.);
#1079=ORIENTED_EDGE('',*,*,#840,.F.);
#1080=ORIENTED_EDGE('',*,*,#844,.T.);
#1081=ORIENTED_EDGE('',*,*,#845,.T.);
#1082=ORIENTED_EDGE('',*,*,#846,.T.);
#1083=ORIENTED_EDGE('',*,*,#842,.F.);
#1084=ORIENTED_EDGE('',*,*,#847,.T.);
#1085=ORIENTED_EDGE('',*,*,#848,.T.);
#1086=ORIENTED_EDGE('',*,*,#849,.T.);
#1087=ORIENTED_EDGE('',*,*,#845,.F.);
#1088=ORIENTED_EDGE('',*,*,#850,.T.);
#1089=ORIENTED_EDGE('',*,*,#848,.F.);
#1090=ORIENTED_EDGE('',*,*,#851,.T.);
#1091=ORIENTED_EDGE('',*,*,#852,.T.);
#1092=ORIENTED_EDGE('',*,*,#853,.T.);
#1093=ORIENTED_EDGE('',*,*,#854,.T.);
#1094=ORIENTED_EDGE('',*,*,#855,.T.);
#1095=ORIENTED_EDGE('',*,*,#852,.F.);
#1096=ORIENTED_EDGE('',*,*,#856,.T.);
#1097=ORIENTED_EDGE('',*,*,#857,.T.);
#1098=ORIENTED_EDGE('',*,*,#858,.T.);
#1099=ORIENTED_EDGE('',*,*,#854,.F.);
#1100=ORIENTED_EDGE('',*,*,#859,.T.);
#1101=ORIENTED_EDGE('',*,*,#860,.T.);
#1102=ORIENTED_EDGE('',*,*,#857,.F.);
#1103=ORIENTED_EDGE('',*,*,#861,.T.);
#1104=ORIENTED_EDGE('',*,*,#862,.T.);
#1105=ORIENTED_EDGE('',*,*,#863,.T.);
#1106=ORIENTED_EDGE('',*,*,#862,.F.);
#1107=ORIENTED_EDGE('',*,*,#864,.T.);
#1108=ORIENTED_EDGE('',*,*,#834,.F.);
#1109=ORIENTED_EDGE('',*,*,#865,.T.);
#1110=ORIENTED_EDGE('',*,*,#866,.T.);
#1111=ORIENTED_EDGE('',*,*,#832,.F.);
#1112=ORIENTED_EDGE('',*,*,#867,.T.);
#1113=ORIENTED_EDGE('',*,*,#868,.T.);
#1114=ORIENTED_EDGE('',*,*,#869,.T.);
#1115=ORIENTED_EDGE('',*,*,#865,.F.);
#1116=ORIENTED_EDGE('',*,*,#870,.T.);
#1117=ORIENTED_EDGE('',*,*,#871,.T.);
#1118=ORIENTED_EDGE('',*,*,#872,.T.);
#1119=ORIENTED_EDGE('',*,*,#868,.F.);
#1120=ORIENTED_EDGE('',*,*,#873,.T.);
#1121=ORIENTED_EDGE('',*,*,#871,.F.);
#1122=ORIENTED_EDGE('',*,*,#874,.T.);
#1123=ORIENTED_EDGE('',*,*,#875,.T.);
#1124=ORIENTED_EDGE('',*,*,#876,.T.);
#1125=ORIENTED_EDGE('',*,*,#877,.T.);
#1126=ORIENTED_EDGE('',*,*,#878,.T.);
#1127=ORIENTED_EDGE('',*,*,#875,.F.);
#1128=ORIENTED_EDGE('',*,*,#879,.T.);
#1129=ORIENTED_EDGE('',*,*,#880,.T.);
#1130=ORIENTED_EDGE('',*,*,#881,.T.);
#1131=ORIENTED_EDGE('',*,*,#877,.F.);
#1132=ORIENTED_EDGE('',*,*,#882,.T.);
#1133=ORIENTED_EDGE('',*,*,#883,.T.);
#1134=ORIENTED_EDGE('',*,*,#880,.F.);
#1135=ORIENTED_EDGE('',*,*,#884,.T.);
#1136=ORIENTED_EDGE('',*,*,#838,.T.);
#1137=ORIENTED_EDGE('',*,*,#856,.F.);
#1138=ORIENTED_EDGE('',*,*,#885,.F.);
#1139=ORIENTED_EDGE('',*,*,#886,.F.);
#1140=ORIENTED_EDGE('',*,*,#887,.T.);
#1141=ORIENTED_EDGE('',*,*,#851,.F.);
#1142=ORIENTED_EDGE('',*,*,#888,.F.);
#1143=ORIENTED_EDGE('',*,*,#889,.F.);
#1144=ORIENTED_EDGE('',*,*,#885,.T.);
#1145=ORIENTED_EDGE('',*,*,#850,.F.);
#1146=ORIENTED_EDGE('',*,*,#890,.F.);
#1147=ORIENTED_EDGE('',*,*,#891,.F.);
#1148=ORIENTED_EDGE('',*,*,#888,.T.);
#1149=ORIENTED_EDGE('',*,*,#847,.F.);
#1150=ORIENTED_EDGE('',*,*,#892,.F.);
#1151=ORIENTED_EDGE('',*,*,#893,.F.);
#1152=ORIENTED_EDGE('',*,*,#890,.T.);
#1153=ORIENTED_EDGE('',*,*,#844,.F.);
#1154=ORIENTED_EDGE('',*,*,#839,.F.);
#1155=ORIENTED_EDGE('',*,*,#835,.F.);
#1156=ORIENTED_EDGE('',*,*,#884,.F.);
#1157=ORIENTED_EDGE('',*,*,#882,.F.);
#1158=ORIENTED_EDGE('',*,*,#894,.F.);
#1159=ORIENTED_EDGE('',*,*,#895,.F.);
#1160=ORIENTED_EDGE('',*,*,#892,.T.);
#1161=ORIENTED_EDGE('',*,*,#866,.F.);
#1162=ORIENTED_EDGE('',*,*,#869,.F.);
#1163=ORIENTED_EDGE('',*,*,#872,.F.);
#1164=ORIENTED_EDGE('',*,*,#876,.F.);
#1165=ORIENTED_EDGE('',*,*,#878,.F.);
#1166=ORIENTED_EDGE('',*,*,#881,.F.);
#1167=ORIENTED_EDGE('',*,*,#896,.F.);
#1168=ORIENTED_EDGE('',*,*,#897,.T.);
#1169=ORIENTED_EDGE('',*,*,#898,.T.);
#1170=ORIENTED_EDGE('',*,*,#899,.T.);
#1171=ORIENTED_EDGE('',*,*,#900,.F.);
#1172=ORIENTED_EDGE('',*,*,#901,.F.);
#1173=ORIENTED_EDGE('',*,*,#902,.F.);
#1174=ORIENTED_EDGE('',*,*,#833,.F.);
#1175=ORIENTED_EDGE('',*,*,#896,.T.);
#1176=ORIENTED_EDGE('',*,*,#883,.F.);
#1177=ORIENTED_EDGE('',*,*,#903,.T.);
#1178=ORIENTED_EDGE('',*,*,#904,.T.);
#1179=ORIENTED_EDGE('',*,*,#905,.T.);
#1180=ORIENTED_EDGE('',*,*,#906,.T.);
#1181=ORIENTED_EDGE('',*,*,#893,.T.);
#1182=ORIENTED_EDGE('',*,*,#907,.T.);
#1183=ORIENTED_EDGE('',*,*,#891,.T.);
#1184=ORIENTED_EDGE('',*,*,#906,.F.);
#1185=ORIENTED_EDGE('',*,*,#908,.T.);
#1186=ORIENTED_EDGE('',*,*,#907,.F.);
#1187=ORIENTED_EDGE('',*,*,#909,.T.);
#1188=ORIENTED_EDGE('',*,*,#910,.T.);
#1189=ORIENTED_EDGE('',*,*,#889,.T.);
#1190=ORIENTED_EDGE('',*,*,#911,.T.);
#1191=ORIENTED_EDGE('',*,*,#886,.T.);
#1192=ORIENTED_EDGE('',*,*,#910,.F.);
#1193=ORIENTED_EDGE('',*,*,#912,.T.);
#1194=ORIENTED_EDGE('',*,*,#913,.T.);
#1195=ORIENTED_EDGE('',*,*,#914,.T.);
#1196=ORIENTED_EDGE('',*,*,#911,.F.);
#1197=ORIENTED_EDGE('',*,*,#915,.T.);
#1198=ORIENTED_EDGE('',*,*,#916,.T.);
#1199=ORIENTED_EDGE('',*,*,#917,.T.);
#1200=ORIENTED_EDGE('',*,*,#913,.F.);
#1201=ORIENTED_EDGE('',*,*,#918,.T.);
#1202=ORIENTED_EDGE('',*,*,#919,.T.);
#1203=ORIENTED_EDGE('',*,*,#920,.T.);
#1204=ORIENTED_EDGE('',*,*,#916,.F.);
#1205=ORIENTED_EDGE('',*,*,#921,.T.);
#1206=ORIENTED_EDGE('',*,*,#919,.F.);
#1207=ORIENTED_EDGE('',*,*,#922,.T.);
#1208=ORIENTED_EDGE('',*,*,#923,.T.);
#1209=ORIENTED_EDGE('',*,*,#924,.T.);
#1210=ORIENTED_EDGE('',*,*,#925,.T.);
#1211=ORIENTED_EDGE('',*,*,#926,.T.);
#1212=ORIENTED_EDGE('',*,*,#923,.F.);
#1213=ORIENTED_EDGE('',*,*,#927,.T.);
#1214=ORIENTED_EDGE('',*,*,#925,.F.);
#1215=ORIENTED_EDGE('',*,*,#928,.T.);
#1216=ORIENTED_EDGE('',*,*,#904,.F.);
#1217=ORIENTED_EDGE('',*,*,#895,.T.);
#1218=ORIENTED_EDGE('',*,*,#873,.F.);
#1219=ORIENTED_EDGE('',*,*,#929,.F.);
#1220=ORIENTED_EDGE('',*,*,#920,.F.);
#1221=ORIENTED_EDGE('',*,*,#930,.T.);
#1222=ORIENTED_EDGE('',*,*,#874,.F.);
#1223=ORIENTED_EDGE('',*,*,#930,.F.);
#1224=ORIENTED_EDGE('',*,*,#924,.F.);
#1225=ORIENTED_EDGE('',*,*,#931,.T.);
#1226=ORIENTED_EDGE('',*,*,#879,.F.);
#1227=ORIENTED_EDGE('',*,*,#931,.F.);
#1228=ORIENTED_EDGE('',*,*,#926,.F.);
#1229=ORIENTED_EDGE('',*,*,#894,.T.);
#1230=ORIENTED_EDGE('',*,*,#905,.F.);
#1231=ORIENTED_EDGE('',*,*,#928,.F.);
#1232=ORIENTED_EDGE('',*,*,#927,.F.);
#1233=ORIENTED_EDGE('',*,*,#922,.F.);
#1234=ORIENTED_EDGE('',*,*,#921,.F.);
#1235=ORIENTED_EDGE('',*,*,#918,.F.);
#1236=ORIENTED_EDGE('',*,*,#915,.F.);
#1237=ORIENTED_EDGE('',*,*,#912,.F.);
#1238=ORIENTED_EDGE('',*,*,#909,.F.);
#1239=ORIENTED_EDGE('',*,*,#908,.F.);
#1240=ORIENTED_EDGE('',*,*,#932,.F.);
#1241=ORIENTED_EDGE('',*,*,#933,.F.);
#1242=ORIENTED_EDGE('',*,*,#934,.T.);
#1243=ORIENTED_EDGE('',*,*,#935,.T.);
#1244=ORIENTED_EDGE('',*,*,#936,.F.);
#1245=ORIENTED_EDGE('',*,*,#937,.F.);
#1246=ORIENTED_EDGE('',*,*,#938,.T.);
#1247=ORIENTED_EDGE('',*,*,#939,.T.);
#1248=ORIENTED_EDGE('',*,*,#860,.F.);
#1249=ORIENTED_EDGE('',*,*,#940,.F.);
#1250=ORIENTED_EDGE('',*,*,#841,.F.);
#1251=ORIENTED_EDGE('',*,*,#941,.T.);
#1252=ORIENTED_EDGE('',*,*,#859,.F.);
#1253=ORIENTED_EDGE('',*,*,#887,.F.);
#1254=ORIENTED_EDGE('',*,*,#914,.F.);
#1255=ORIENTED_EDGE('',*,*,#942,.T.);
#1256=ORIENTED_EDGE('',*,*,#867,.F.);
#1257=ORIENTED_EDGE('',*,*,#831,.F.);
#1258=ORIENTED_EDGE('',*,*,#864,.F.);
#1259=ORIENTED_EDGE('',*,*,#861,.F.);
#1260=ORIENTED_EDGE('',*,*,#943,.F.);
#1261=ORIENTED_EDGE('',*,*,#944,.T.);
#1262=ORIENTED_EDGE('',*,*,#945,.T.);
#1263=ORIENTED_EDGE('',*,*,#944,.F.);
#1264=ORIENTED_EDGE('',*,*,#945,.F.);
#1265=ORIENTED_EDGE('',*,*,#946,.F.);
#1266=ORIENTED_EDGE('',*,*,#947,.T.);
#1267=ORIENTED_EDGE('',*,*,#948,.T.);
#1268=ORIENTED_EDGE('',*,*,#947,.F.);
#1269=ORIENTED_EDGE('',*,*,#948,.F.);
#1270=ORIENTED_EDGE('',*,*,#949,.F.);
#1271=ORIENTED_EDGE('',*,*,#950,.T.);
#1272=ORIENTED_EDGE('',*,*,#951,.T.);
#1273=ORIENTED_EDGE('',*,*,#950,.F.);
#1274=ORIENTED_EDGE('',*,*,#951,.F.);
#1275=ORIENTED_EDGE('',*,*,#952,.F.);
#1276=ORIENTED_EDGE('',*,*,#953,.T.);
#1277=ORIENTED_EDGE('',*,*,#954,.T.);
#1278=ORIENTED_EDGE('',*,*,#953,.F.);
#1279=ORIENTED_EDGE('',*,*,#954,.F.);
#1280=ORIENTED_EDGE('',*,*,#955,.T.);
#1281=ORIENTED_EDGE('',*,*,#956,.T.);
#1282=ORIENTED_EDGE('',*,*,#957,.T.);
#1283=ORIENTED_EDGE('',*,*,#958,.T.);
#1284=ORIENTED_EDGE('',*,*,#959,.T.);
#1285=ORIENTED_EDGE('',*,*,#960,.T.);
#1286=ORIENTED_EDGE('',*,*,#961,.T.);
#1287=ORIENTED_EDGE('',*,*,#962,.T.);
#1288=ORIENTED_EDGE('',*,*,#961,.F.);
#1289=ORIENTED_EDGE('',*,*,#963,.T.);
#1290=ORIENTED_EDGE('',*,*,#957,.F.);
#1291=ORIENTED_EDGE('',*,*,#955,.F.);
#1292=ORIENTED_EDGE('',*,*,#964,.T.);
#1293=ORIENTED_EDGE('',*,*,#965,.T.);
#1294=ORIENTED_EDGE('',*,*,#959,.F.);
#1295=ORIENTED_EDGE('',*,*,#956,.F.);
#1296=ORIENTED_EDGE('',*,*,#962,.F.);
#1297=ORIENTED_EDGE('',*,*,#960,.F.);
#1298=ORIENTED_EDGE('',*,*,#965,.F.);
#1299=ORIENTED_EDGE('',*,*,#966,.T.);
#1300=ORIENTED_EDGE('',*,*,#967,.F.);
#1301=ORIENTED_EDGE('',*,*,#966,.F.);
#1302=ORIENTED_EDGE('',*,*,#964,.F.);
#1303=ORIENTED_EDGE('',*,*,#958,.F.);
#1304=ORIENTED_EDGE('',*,*,#963,.F.);
#1305=ORIENTED_EDGE('',*,*,#936,.T.);
#1306=ORIENTED_EDGE('',*,*,#968,.T.);
#1307=ORIENTED_EDGE('',*,*,#969,.T.);
#1308=ORIENTED_EDGE('',*,*,#970,.T.);
#1309=ORIENTED_EDGE('',*,*,#968,.F.);
#1310=ORIENTED_EDGE('',*,*,#970,.F.);
#1311=ORIENTED_EDGE('',*,*,#971,.T.);
#1312=ORIENTED_EDGE('',*,*,#972,.T.);
#1313=ORIENTED_EDGE('',*,*,#971,.F.);
#1314=ORIENTED_EDGE('',*,*,#969,.F.);
#1315=ORIENTED_EDGE('',*,*,#937,.T.);
#1316=ORIENTED_EDGE('',*,*,#973,.T.);
#1317=ORIENTED_EDGE('',*,*,#974,.T.);
#1318=ORIENTED_EDGE('',*,*,#975,.T.);
#1319=ORIENTED_EDGE('',*,*,#973,.F.);
#1320=ORIENTED_EDGE('',*,*,#975,.F.);
#1321=ORIENTED_EDGE('',*,*,#976,.T.);
#1322=ORIENTED_EDGE('',*,*,#977,.T.);
#1323=ORIENTED_EDGE('',*,*,#976,.F.);
#1324=ORIENTED_EDGE('',*,*,#974,.F.);
#1325=ORIENTED_EDGE('',*,*,#972,.F.);
#1326=ORIENTED_EDGE('',*,*,#978,.F.);
#1327=ORIENTED_EDGE('',*,*,#977,.F.);
#1328=ORIENTED_EDGE('',*,*,#979,.F.);
#1329=ORIENTED_EDGE('',*,*,#980,.F.);
#1330=ORIENTED_EDGE('',*,*,#981,.T.);
#1331=ORIENTED_EDGE('',*,*,#978,.T.);
#1332=ORIENTED_EDGE('',*,*,#981,.F.);
#1333=ORIENTED_EDGE('',*,*,#982,.F.);
#1334=ORIENTED_EDGE('',*,*,#983,.T.);
#1335=ORIENTED_EDGE('',*,*,#979,.T.);
#1336=ORIENTED_EDGE('',*,*,#983,.F.);
#1337=ORIENTED_EDGE('',*,*,#984,.F.);
#1338=ORIENTED_EDGE('',*,*,#985,.F.);
#1339=ORIENTED_EDGE('',*,*,#986,.F.);
#1340=ORIENTED_EDGE('',*,*,#987,.F.);
#1341=ORIENTED_EDGE('',*,*,#988,.F.);
#1342=ORIENTED_EDGE('',*,*,#989,.F.);
#1343=ORIENTED_EDGE('',*,*,#990,.F.);
#1344=ORIENTED_EDGE('',*,*,#991,.F.);
#1345=ORIENTED_EDGE('',*,*,#990,.T.);
#1346=ORIENTED_EDGE('',*,*,#986,.T.);
#1347=ORIENTED_EDGE('',*,*,#992,.F.);
#1348=ORIENTED_EDGE('',*,*,#984,.T.);
#1349=ORIENTED_EDGE('',*,*,#988,.T.);
#1350=ORIENTED_EDGE('',*,*,#993,.F.);
#1351=ORIENTED_EDGE('',*,*,#994,.F.);
#1352=ORIENTED_EDGE('',*,*,#987,.T.);
#1353=ORIENTED_EDGE('',*,*,#989,.T.);
#1354=ORIENTED_EDGE('',*,*,#991,.T.);
#1355=ORIENTED_EDGE('',*,*,#992,.T.);
#1356=ORIENTED_EDGE('',*,*,#985,.T.);
#1357=ORIENTED_EDGE('',*,*,#994,.T.);
#1358=ORIENTED_EDGE('',*,*,#995,.T.);
#1359=ORIENTED_EDGE('',*,*,#996,.T.);
#1360=ORIENTED_EDGE('',*,*,#995,.F.);
#1361=ORIENTED_EDGE('',*,*,#993,.T.);
#1362=ORIENTED_EDGE('',*,*,#939,.F.);
#1363=ORIENTED_EDGE('',*,*,#997,.T.);
#1364=ORIENTED_EDGE('',*,*,#998,.F.);
#1365=ORIENTED_EDGE('',*,*,#999,.F.);
#1366=ORIENTED_EDGE('',*,*,#997,.F.);
#1367=ORIENTED_EDGE('',*,*,#998,.T.);
#1368=ORIENTED_EDGE('',*,*,#999,.T.);
#1369=ORIENTED_EDGE('',*,*,#1000,.T.);
#1370=ORIENTED_EDGE('',*,*,#1001,.F.);
#1371=ORIENTED_EDGE('',*,*,#1000,.F.);
#1372=ORIENTED_EDGE('',*,*,#938,.F.);
#1373=ORIENTED_EDGE('',*,*,#1002,.T.);
#1374=ORIENTED_EDGE('',*,*,#1003,.F.);
#1375=ORIENTED_EDGE('',*,*,#1004,.F.);
#1376=ORIENTED_EDGE('',*,*,#1002,.F.);
#1377=ORIENTED_EDGE('',*,*,#1003,.T.);
#1378=ORIENTED_EDGE('',*,*,#1004,.T.);
#1379=ORIENTED_EDGE('',*,*,#1005,.T.);
#1380=ORIENTED_EDGE('',*,*,#1006,.F.);
#1381=ORIENTED_EDGE('',*,*,#1005,.F.);
#1382=ORIENTED_EDGE('',*,*,#1001,.T.);
#1383=ORIENTED_EDGE('',*,*,#1007,.T.);
#1384=ORIENTED_EDGE('',*,*,#1006,.T.);
#1385=ORIENTED_EDGE('',*,*,#1008,.T.);
#1386=ORIENTED_EDGE('',*,*,#1009,.T.);
#1387=ORIENTED_EDGE('',*,*,#1010,.T.);
#1388=ORIENTED_EDGE('',*,*,#1007,.F.);
#1389=ORIENTED_EDGE('',*,*,#1010,.F.);
#1390=ORIENTED_EDGE('',*,*,#858,.F.);
#1391=ORIENTED_EDGE('',*,*,#941,.F.);
#1392=ORIENTED_EDGE('',*,*,#843,.F.);
#1393=ORIENTED_EDGE('',*,*,#846,.F.);
#1394=ORIENTED_EDGE('',*,*,#849,.F.);
#1395=ORIENTED_EDGE('',*,*,#853,.F.);
#1396=ORIENTED_EDGE('',*,*,#855,.F.);
#1397=ORIENTED_EDGE('',*,*,#982,.T.);
#1398=ORIENTED_EDGE('',*,*,#980,.T.);
#1399=ORIENTED_EDGE('',*,*,#967,.T.);
#1400=ORIENTED_EDGE('',*,*,#996,.F.);
#1401=ORIENTED_EDGE('',*,*,#1009,.F.);
#1402=ORIENTED_EDGE('',*,*,#1011,.F.);
#1403=ORIENTED_EDGE('',*,*,#1011,.T.);
#1404=ORIENTED_EDGE('',*,*,#1012,.T.);
#1405=ORIENTED_EDGE('',*,*,#1008,.F.);
#1406=ORIENTED_EDGE('',*,*,#1012,.F.);
#1407=ORIENTED_EDGE('',*,*,#863,.F.);
#1408=ORIENTED_EDGE('',*,*,#903,.F.);
#1409=ORIENTED_EDGE('',*,*,#837,.F.);
#1410=ORIENTED_EDGE('',*,*,#940,.T.);
#1411=ORIENTED_EDGE('',*,*,#943,.T.);
#1412=ORIENTED_EDGE('',*,*,#946,.T.);
#1413=ORIENTED_EDGE('',*,*,#949,.T.);
#1414=ORIENTED_EDGE('',*,*,#952,.T.);
#1415=ORIENTED_EDGE('',*,*,#1013,.F.);
#1416=ORIENTED_EDGE('',*,*,#1014,.F.);
#1417=ORIENTED_EDGE('',*,*,#1015,.F.);
#1418=ORIENTED_EDGE('',*,*,#1016,.F.);
#1419=ORIENTED_EDGE('',*,*,#1017,.F.);
#1420=ORIENTED_EDGE('',*,*,#1018,.F.);
#1421=ORIENTED_EDGE('',*,*,#1019,.F.);
#1422=ORIENTED_EDGE('',*,*,#1020,.F.);
#1423=ORIENTED_EDGE('',*,*,#1019,.T.);
#1424=ORIENTED_EDGE('',*,*,#1015,.T.);
#1425=ORIENTED_EDGE('',*,*,#1021,.F.);
#1426=ORIENTED_EDGE('',*,*,#1013,.T.);
#1427=ORIENTED_EDGE('',*,*,#1017,.T.);
#1428=ORIENTED_EDGE('',*,*,#1022,.F.);
#1429=ORIENTED_EDGE('',*,*,#1023,.F.);
#1430=ORIENTED_EDGE('',*,*,#1016,.T.);
#1431=ORIENTED_EDGE('',*,*,#1018,.T.);
#1432=ORIENTED_EDGE('',*,*,#1020,.T.);
#1433=ORIENTED_EDGE('',*,*,#1021,.T.);
#1434=ORIENTED_EDGE('',*,*,#1014,.T.);
#1435=ORIENTED_EDGE('',*,*,#1023,.T.);
#1436=ORIENTED_EDGE('',*,*,#1024,.T.);
#1437=ORIENTED_EDGE('',*,*,#900,.T.);
#1438=ORIENTED_EDGE('',*,*,#1024,.F.);
#1439=ORIENTED_EDGE('',*,*,#1022,.T.);
#1440=ORIENTED_EDGE('',*,*,#935,.F.);
#1441=ORIENTED_EDGE('',*,*,#1025,.T.);
#1442=ORIENTED_EDGE('',*,*,#1026,.F.);
#1443=ORIENTED_EDGE('',*,*,#1027,.F.);
#1444=ORIENTED_EDGE('',*,*,#1025,.F.);
#1445=ORIENTED_EDGE('',*,*,#1026,.T.);
#1446=ORIENTED_EDGE('',*,*,#1027,.T.);
#1447=ORIENTED_EDGE('',*,*,#1028,.T.);
#1448=ORIENTED_EDGE('',*,*,#1029,.F.);
#1449=ORIENTED_EDGE('',*,*,#1028,.F.);
#1450=ORIENTED_EDGE('',*,*,#934,.F.);
#1451=ORIENTED_EDGE('',*,*,#1030,.T.);
#1452=ORIENTED_EDGE('',*,*,#1031,.F.);
#1453=ORIENTED_EDGE('',*,*,#1032,.F.);
#1454=ORIENTED_EDGE('',*,*,#1030,.F.);
#1455=ORIENTED_EDGE('',*,*,#1031,.T.);
#1456=ORIENTED_EDGE('',*,*,#1032,.T.);
#1457=ORIENTED_EDGE('',*,*,#1033,.T.);
#1458=ORIENTED_EDGE('',*,*,#1034,.F.);
#1459=ORIENTED_EDGE('',*,*,#1033,.F.);
#1460=ORIENTED_EDGE('',*,*,#1029,.T.);
#1461=ORIENTED_EDGE('',*,*,#1035,.T.);
#1462=ORIENTED_EDGE('',*,*,#1034,.T.);
#1463=ORIENTED_EDGE('',*,*,#1036,.T.);
#1464=ORIENTED_EDGE('',*,*,#870,.F.);
#1465=ORIENTED_EDGE('',*,*,#942,.F.);
#1466=ORIENTED_EDGE('',*,*,#917,.F.);
#1467=ORIENTED_EDGE('',*,*,#929,.T.);
#1468=ORIENTED_EDGE('',*,*,#901,.T.);
#1469=ORIENTED_EDGE('',*,*,#1037,.T.);
#1470=ORIENTED_EDGE('',*,*,#1035,.F.);
#1471=ORIENTED_EDGE('',*,*,#1037,.F.);
#1472=ORIENTED_EDGE('',*,*,#902,.T.);
#1473=ORIENTED_EDGE('',*,*,#1038,.T.);
#1474=ORIENTED_EDGE('',*,*,#1036,.F.);
#1475=ORIENTED_EDGE('',*,*,#1038,.F.);
#1476=ORIENTED_EDGE('',*,*,#1039,.T.);
#1477=ORIENTED_EDGE('',*,*,#1040,.T.);
#1478=ORIENTED_EDGE('',*,*,#1041,.T.);
#1479=ORIENTED_EDGE('',*,*,#1042,.T.);
#1480=ORIENTED_EDGE('',*,*,#1043,.T.);
#1481=ORIENTED_EDGE('',*,*,#1044,.T.);
#1482=ORIENTED_EDGE('',*,*,#1045,.T.);
#1483=ORIENTED_EDGE('',*,*,#1046,.T.);
#1484=ORIENTED_EDGE('',*,*,#1045,.F.);
#1485=ORIENTED_EDGE('',*,*,#1047,.T.);
#1486=ORIENTED_EDGE('',*,*,#1041,.F.);
#1487=ORIENTED_EDGE('',*,*,#1039,.F.);
#1488=ORIENTED_EDGE('',*,*,#1048,.T.);
#1489=ORIENTED_EDGE('',*,*,#1049,.T.);
#1490=ORIENTED_EDGE('',*,*,#1043,.F.);
#1491=ORIENTED_EDGE('',*,*,#1040,.F.);
#1492=ORIENTED_EDGE('',*,*,#1046,.F.);
#1493=ORIENTED_EDGE('',*,*,#1044,.F.);
#1494=ORIENTED_EDGE('',*,*,#1049,.F.);
#1495=ORIENTED_EDGE('',*,*,#1050,.T.);
#1496=ORIENTED_EDGE('',*,*,#899,.F.);
#1497=ORIENTED_EDGE('',*,*,#1050,.F.);
#1498=ORIENTED_EDGE('',*,*,#1048,.F.);
#1499=ORIENTED_EDGE('',*,*,#1042,.F.);
#1500=ORIENTED_EDGE('',*,*,#1047,.F.);
#1501=ORIENTED_EDGE('',*,*,#932,.T.);
#1502=ORIENTED_EDGE('',*,*,#1051,.T.);
#1503=ORIENTED_EDGE('',*,*,#1052,.T.);
#1504=ORIENTED_EDGE('',*,*,#1053,.T.);
#1505=ORIENTED_EDGE('',*,*,#1051,.F.);
#1506=ORIENTED_EDGE('',*,*,#1053,.F.);
#1507=ORIENTED_EDGE('',*,*,#1054,.T.);
#1508=ORIENTED_EDGE('',*,*,#1055,.T.);
#1509=ORIENTED_EDGE('',*,*,#1054,.F.);
#1510=ORIENTED_EDGE('',*,*,#1052,.F.);
#1511=ORIENTED_EDGE('',*,*,#933,.T.);
#1512=ORIENTED_EDGE('',*,*,#1056,.T.);
#1513=ORIENTED_EDGE('',*,*,#1057,.T.);
#1514=ORIENTED_EDGE('',*,*,#1058,.T.);
#1515=ORIENTED_EDGE('',*,*,#1056,.F.);
#1516=ORIENTED_EDGE('',*,*,#1058,.F.);
#1517=ORIENTED_EDGE('',*,*,#1059,.T.);
#1518=ORIENTED_EDGE('',*,*,#1060,.T.);
#1519=ORIENTED_EDGE('',*,*,#1059,.F.);
#1520=ORIENTED_EDGE('',*,*,#1057,.F.);
#1521=ORIENTED_EDGE('',*,*,#1055,.F.);
#1522=ORIENTED_EDGE('',*,*,#1061,.F.);
#1523=ORIENTED_EDGE('',*,*,#1060,.F.);
#1524=ORIENTED_EDGE('',*,*,#1062,.F.);
#1525=ORIENTED_EDGE('',*,*,#898,.F.);
#1526=ORIENTED_EDGE('',*,*,#1063,.T.);
#1527=ORIENTED_EDGE('',*,*,#1061,.T.);
#1528=ORIENTED_EDGE('',*,*,#1063,.F.);
#1529=ORIENTED_EDGE('',*,*,#897,.F.);
#1530=ORIENTED_EDGE('',*,*,#1064,.T.);
#1531=ORIENTED_EDGE('',*,*,#1062,.T.);
#1532=ORIENTED_EDGE('',*,*,#1064,.F.);
#1533=TOROIDAL_SURFACE('',#1675,4.,1.);
#1534=TOROIDAL_SURFACE('',#1680,4.,1.);
#1535=TOROIDAL_SURFACE('',#1686,11.7,1.);
#1536=TOROIDAL_SURFACE('',#1694,11.7,1.);
#1537=TOROIDAL_SURFACE('',#1700,4.,1.);
#1538=TOROIDAL_SURFACE('',#1706,11.7,1.);
#1539=TOROIDAL_SURFACE('',#1714,11.7,1.);
#1540=TOROIDAL_SURFACE('',#1720,4.,1.);
#1541=TOROIDAL_SURFACE('',#1738,10.7,2.);
#1542=TOROIDAL_SURFACE('',#1746,10.7,2.);
#1543=TOROIDAL_SURFACE('',#1751,10.7,2.);
#1544=TOROIDAL_SURFACE('',#1759,10.7,2.);
#1545=TOROIDAL_SURFACE('',#1798,3.9,1.);
#1546=TOROIDAL_SURFACE('',#1804,3.9,1.);
#1547=TOROIDAL_SURFACE('',#1822,3.9,1.);
#1548=TOROIDAL_SURFACE('',#1828,3.9,1.);
#1549=TOROIDAL_SURFACE('',#1847,3.9,1.);
#1550=TOROIDAL_SURFACE('',#1853,3.9,1.);
#1551=TOROIDAL_SURFACE('',#1869,3.9,1.);
#1552=TOROIDAL_SURFACE('',#1875,3.9,1.);
#1553=ADVANCED_FACE('',(#279),#1533,.T.);
#1554=ADVANCED_FACE('',(#280),#237,.T.);
#1555=ADVANCED_FACE('',(#281),#1534,.T.);
#1556=ADVANCED_FACE('',(#282),#238,.T.);
#1557=ADVANCED_FACE('',(#283),#1535,.T.);
#1558=ADVANCED_FACE('',(#284),#239,.T.);
#1559=ADVANCED_FACE('',(#285),#240,.T.);
#1560=ADVANCED_FACE('',(#286),#1536,.T.);
#1561=ADVANCED_FACE('',(#287),#241,.T.);
#1562=ADVANCED_FACE('',(#288),#1537,.T.);
#1563=ADVANCED_FACE('',(#289),#242,.T.);
#1564=ADVANCED_FACE('',(#290),#243,.T.);
#1565=ADVANCED_FACE('',(#291),#1538,.T.);
#1566=ADVANCED_FACE('',(#292),#244,.T.);
#1567=ADVANCED_FACE('',(#293),#245,.T.);
#1568=ADVANCED_FACE('',(#294),#1539,.T.);
#1569=ADVANCED_FACE('',(#295),#246,.T.);
#1570=ADVANCED_FACE('',(#296),#1540,.T.);
#1571=ADVANCED_FACE('',(#297),#247,.T.);
#1572=ADVANCED_FACE('',(#298),#71,.T.);
#1573=ADVANCED_FACE('',(#299),#72,.F.);
#1574=ADVANCED_FACE('',(#300),#248,.T.);
#1575=ADVANCED_FACE('',(#301),#73,.T.);
#1576=ADVANCED_FACE('',(#302,#39,#40,#41,#42,#43,#44),#74,.F.);
#1577=ADVANCED_FACE('',(#303),#249,.T.);
#1578=ADVANCED_FACE('',(#304),#1541,.T.);
#1579=ADVANCED_FACE('',(#305),#250,.T.);
#1580=ADVANCED_FACE('',(#306),#251,.T.);
#1581=ADVANCED_FACE('',(#307),#1542,.T.);
#1582=ADVANCED_FACE('',(#308),#252,.T.);
#1583=ADVANCED_FACE('',(#309),#1543,.T.);
#1584=ADVANCED_FACE('',(#310),#253,.T.);
#1585=ADVANCED_FACE('',(#311),#254,.T.);
#1586=ADVANCED_FACE('',(#312),#1544,.T.);
#1587=ADVANCED_FACE('',(#313),#255,.T.);
#1588=ADVANCED_FACE('',(#314),#75,.F.);
#1589=ADVANCED_FACE('',(#315),#76,.T.);
#1590=ADVANCED_FACE('',(#316),#256,.T.);
#1591=ADVANCED_FACE('',(#317,#45,#46,#47,#48,#49,#50,#51,#52),#77,.T.);
#1592=ADVANCED_FACE('',(#318),#257,.T.);
#1593=ADVANCED_FACE('',(#319),#78,.F.);
#1594=ADVANCED_FACE('',(#320),#258,.F.);
#1595=ADVANCED_FACE('',(#321),#79,.T.);
#1596=ADVANCED_FACE('',(#322),#259,.F.);
#1597=ADVANCED_FACE('',(#323),#80,.T.);
#1598=ADVANCED_FACE('',(#324),#260,.F.);
#1599=ADVANCED_FACE('',(#325),#81,.T.);
#1600=ADVANCED_FACE('',(#326),#261,.F.);
#1601=ADVANCED_FACE('',(#327),#82,.T.);
#1602=ADVANCED_FACE('',(#328),#19,.F.);
#1603=ADVANCED_FACE('',(#329),#20,.F.);
#1604=ADVANCED_FACE('',(#330),#21,.F.);
#1605=ADVANCED_FACE('',(#331),#22,.F.);
#1606=ADVANCED_FACE('',(#332),#83,.F.);
#1607=ADVANCED_FACE('',(#333),#15,.F.);
#1608=ADVANCED_FACE('',(#334),#1545,.T.);
#1609=ADVANCED_FACE('',(#335),#262,.F.);
#1610=ADVANCED_FACE('',(#336),#1546,.T.);
#1611=ADVANCED_FACE('',(#337),#263,.F.);
#1612=ADVANCED_FACE('',(#338,#53),#84,.T.);
#1613=ADVANCED_FACE('',(#339,#54),#85,.T.);
#1614=ADVANCED_FACE('',(#340),#264,.F.);
#1615=ADVANCED_FACE('',(#341),#265,.F.);
#1616=ADVANCED_FACE('',(#342),#23,.T.);
#1617=ADVANCED_FACE('',(#343),#24,.T.);
#1618=ADVANCED_FACE('',(#344),#25,.T.);
#1619=ADVANCED_FACE('',(#345),#26,.T.);
#1620=ADVANCED_FACE('',(#346),#86,.T.);
#1621=ADVANCED_FACE('',(#347),#16,.T.);
#1622=ADVANCED_FACE('',(#348),#1547,.T.);
#1623=ADVANCED_FACE('',(#349),#266,.F.);
#1624=ADVANCED_FACE('',(#350),#1548,.T.);
#1625=ADVANCED_FACE('',(#351),#267,.F.);
#1626=ADVANCED_FACE('',(#352,#55),#87,.F.);
#1627=ADVANCED_FACE('',(#353,#56),#88,.F.);
#1628=ADVANCED_FACE('',(#354),#268,.F.);
#1629=ADVANCED_FACE('',(#355,#57,#58,#59,#60,#61,#62),#89,.T.);
#1630=ADVANCED_FACE('',(#356),#269,.F.);
#1631=ADVANCED_FACE('',(#357,#63,#64,#65,#66),#90,.T.);
#1632=ADVANCED_FACE('',(#358),#27,.T.);
#1633=ADVANCED_FACE('',(#359),#28,.T.);
#1634=ADVANCED_FACE('',(#360),#29,.T.);
#1635=ADVANCED_FACE('',(#361),#30,.T.);
#1636=ADVANCED_FACE('',(#362),#91,.T.);
#1637=ADVANCED_FACE('',(#363),#17,.T.);
#1638=ADVANCED_FACE('',(#364),#1549,.T.);
#1639=ADVANCED_FACE('',(#365),#270,.F.);
#1640=ADVANCED_FACE('',(#366),#1550,.T.);
#1641=ADVANCED_FACE('',(#367),#271,.F.);
#1642=ADVANCED_FACE('',(#368,#67),#92,.F.);
#1643=ADVANCED_FACE('',(#369,#68),#93,.F.);
#1644=ADVANCED_FACE('',(#370),#272,.T.);
#1645=ADVANCED_FACE('',(#371),#273,.F.);
#1646=ADVANCED_FACE('',(#372),#274,.F.);
#1647=ADVANCED_FACE('',(#373),#31,.F.);
#1648=ADVANCED_FACE('',(#374),#32,.F.);
#1649=ADVANCED_FACE('',(#375),#33,.F.);
#1650=ADVANCED_FACE('',(#376),#34,.F.);
#1651=ADVANCED_FACE('',(#377),#94,.F.);
#1652=ADVANCED_FACE('',(#378),#18,.F.);
#1653=ADVANCED_FACE('',(#379),#1551,.T.);
#1654=ADVANCED_FACE('',(#380),#275,.F.);
#1655=ADVANCED_FACE('',(#381),#1552,.T.);
#1656=ADVANCED_FACE('',(#382),#276,.F.);
#1657=ADVANCED_FACE('',(#383,#69),#95,.T.);
#1658=ADVANCED_FACE('',(#384,#70),#96,.T.);
#1659=ADVANCED_FACE('',(#385),#277,.F.);
#1660=ADVANCED_FACE('',(#386),#278,.F.);
#1661=CLOSED_SHELL('',(#1553,#1554,#1555,#1556,#1557,#1558,#1559,#1560,
#1561,#1562,#1563,#1564,#1565,#1566,#1567,#1568,#1569,#1570,#1571,#1572,
#1573,#1574,#1575,#1576,#1577,#1578,#1579,#1580,#1581,#1582,#1583,#1584,
#1585,#1586,#1587,#1588,#1589,#1590,#1591,#1592,#1593,#1594,#1595,#1596,
#1597,#1598,#1599,#1600,#1601,#1602,#1603,#1604,#1605,#1606,#1607,#1608,
#1609,#1610,#1611,#1612,#1613,#1614,#1615,#1616,#1617,#1618,#1619,#1620,
#1621,#1622,#1623,#1624,#1625,#1626,#1627,#1628,#1629,#1630,#1631,#1632,
#1633,#1634,#1635,#1636,#1637,#1638,#1639,#1640,#1641,#1642,#1643,#1644,
#1645,#1646,#1647,#1648,#1649,#1650,#1651,#1652,#1653,#1654,#1655,#1656,
#1657,#1658,#1659,#1660));
#1662=DERIVED_UNIT_ELEMENT(#1664,1.);
#1663=DERIVED_UNIT_ELEMENT(#4115,-3.);
#1664=(
MASS_UNIT()
NAMED_UNIT(*)
SI_UNIT(.KILO.,.GRAM.)
);
#1665=DERIVED_UNIT((#1662,#1663));
#1666=MEASURE_REPRESENTATION_ITEM('density measure',
POSITIVE_RATIO_MEASURE(7850.),#1665);
#1667=PROPERTY_DEFINITION_REPRESENTATION(#1672,#1669);
#1668=PROPERTY_DEFINITION_REPRESENTATION(#1673,#1670);
#1669=REPRESENTATION('material name',(#1671),#4112);
#1670=REPRESENTATION('density',(#1666),#4112);
#1671=DESCRIPTIVE_REPRESENTATION_ITEM('Steel','Steel');
#1672=PROPERTY_DEFINITION('material property','material name',#4122);
#1673=PROPERTY_DEFINITION('material property','density of part',#4122);
#1674=AXIS2_PLACEMENT_3D('',#2383,#1887,#1888);
#1675=AXIS2_PLACEMENT_3D('',#2384,#1889,#1890);
#1676=AXIS2_PLACEMENT_3D('',#2387,#1891,#1892);
#1677=AXIS2_PLACEMENT_3D('',#2389,#1893,#1894);
#1678=AXIS2_PLACEMENT_3D('',#2391,#1895,#1896);
#1679=AXIS2_PLACEMENT_3D('',#2406,#1897,#1898);
#1680=AXIS2_PLACEMENT_3D('',#2441,#1901,#1902);
#1681=AXIS2_PLACEMENT_3D('',#2443,#1903,#1904);
#1682=AXIS2_PLACEMENT_3D('',#2445,#1905,#1906);
#1683=AXIS2_PLACEMENT_3D('',#2446,#1907,#1908);
#1684=AXIS2_PLACEMENT_3D('',#2447,#1909,#1910);
#1685=AXIS2_PLACEMENT_3D('',#2450,#1911,#1912);
#1686=AXIS2_PLACEMENT_3D('',#2453,#1915,#1916);
#1687=AXIS2_PLACEMENT_3D('',#2456,#1917,#1918);
#1688=AXIS2_PLACEMENT_3D('',#2457,#1919,#1920);
#1689=AXIS2_PLACEMENT_3D('',#2458,#1921,#1922);
#1690=AXIS2_PLACEMENT_3D('',#2459,#1923,#1924);
#1691=AXIS2_PLACEMENT_3D('',#2462,#1925,#1926);
#1692=AXIS2_PLACEMENT_3D('',#2465,#1929,#1930);
#1693=AXIS2_PLACEMENT_3D('',#2469,#1932,#1933);
#1694=AXIS2_PLACEMENT_3D('',#2471,#1935,#1936);
#1695=AXIS2_PLACEMENT_3D('',#2474,#1937,#1938);
#1696=AXIS2_PLACEMENT_3D('',#2475,#1939,#1940);
#1697=AXIS2_PLACEMENT_3D('',#2476,#1941,#1942);
#1698=AXIS2_PLACEMENT_3D('',#2477,#1943,#1944);
#1699=AXIS2_PLACEMENT_3D('',#2480,#1945,#1946);
#1700=AXIS2_PLACEMENT_3D('',#2483,#1949,#1950);
#1701=AXIS2_PLACEMENT_3D('',#2485,#1951,#1952);
#1702=AXIS2_PLACEMENT_3D('',#2487,#1953,#1954);
#1703=AXIS2_PLACEMENT_3D('',#2502,#1955,#1956);
#1704=AXIS2_PLACEMENT_3D('',#2505,#1959,#1960);
#1705=AXIS2_PLACEMENT_3D('',#2508,#1961,#1962);
#1706=AXIS2_PLACEMENT_3D('',#2511,#1965,#1966);
#1707=AXIS2_PLACEMENT_3D('',#2514,#1967,#1968);
#1708=AXIS2_PLACEMENT_3D('',#2515,#1969,#1970);
#1709=AXIS2_PLACEMENT_3D('',#2516,#1971,#1972);
#1710=AXIS2_PLACEMENT_3D('',#2517,#1973,#1974);
#1711=AXIS2_PLACEMENT_3D('',#2520,#1975,#1976);
#1712=AXIS2_PLACEMENT_3D('',#2523,#1979,#1980);
#1713=AXIS2_PLACEMENT_3D('',#2527,#1982,#1983);
#1714=AXIS2_PLACEMENT_3D('',#2529,#1985,#1986);
#1715=AXIS2_PLACEMENT_3D('',#2532,#1987,#1988);
#1716=AXIS2_PLACEMENT_3D('',#2533,#1989,#1990);
#1717=AXIS2_PLACEMENT_3D('',#2534,#1991,#1992);
#1718=AXIS2_PLACEMENT_3D('',#2535,#1993,#1994);
#1719=AXIS2_PLACEMENT_3D('',#2538,#1995,#1996);
#1720=AXIS2_PLACEMENT_3D('',#2541,#1999,#2000);
#1721=AXIS2_PLACEMENT_3D('',#2542,#2001,#2002);
#1722=AXIS2_PLACEMENT_3D('',#2543,#2003,#2004);
#1723=AXIS2_PLACEMENT_3D('',#2544,#2005,#2006);
#1724=AXIS2_PLACEMENT_3D('',#2548,#2008,#2009);
#1725=AXIS2_PLACEMENT_3D('',#2550,#2011,#2012);
#1726=AXIS2_PLACEMENT_3D('',#2554,#2015,#2016);
#1727=AXIS2_PLACEMENT_3D('',#2558,#2019,#2020);
#1728=AXIS2_PLACEMENT_3D('',#2561,#2022,#2023);
#1729=AXIS2_PLACEMENT_3D('',#2562,#2024,#2025);
#1730=AXIS2_PLACEMENT_3D('',#2566,#2028,#2029);
#1731=AXIS2_PLACEMENT_3D('',#2569,#2031,#2032);
#1732=AXIS2_PLACEMENT_3D('',#2571,#2033,#2034);
#1733=AXIS2_PLACEMENT_3D('',#2573,#2035,#2036);
#1734=AXIS2_PLACEMENT_3D('',#2575,#2037,#2038);
#1735=AXIS2_PLACEMENT_3D('',#2577,#2039,#2040);
#1736=AXIS2_PLACEMENT_3D('',#2579,#2041,#2042);
#1737=AXIS2_PLACEMENT_3D('',#2580,#2043,#2044);
#1738=AXIS2_PLACEMENT_3D('',#2582,#2046,#2047);
#1739=AXIS2_PLACEMENT_3D('',#2584,#2048,#2049);
#1740=AXIS2_PLACEMENT_3D('',#2586,#2050,#2051);
#1741=AXIS2_PLACEMENT_3D('',#2587,#2052,#2053);
#1742=AXIS2_PLACEMENT_3D('',#2588,#2054,#2055);
#1743=AXIS2_PLACEMENT_3D('',#2590,#2056,#2057);
#1744=AXIS2_PLACEMENT_3D('',#2592,#2059,#2060);
#1745=AXIS2_PLACEMENT_3D('',#2595,#2062,#2063);
#1746=AXIS2_PLACEMENT_3D('',#2596,#2064,#2065);
#1747=AXIS2_PLACEMENT_3D('',#2598,#2066,#2067);
#1748=AXIS2_PLACEMENT_3D('',#2599,#2068,#2069);
#1749=AXIS2_PLACEMENT_3D('',#2600,#2070,#2071);
#1750=AXIS2_PLACEMENT_3D('',#2603,#2072,#2073);
#1751=AXIS2_PLACEMENT_3D('',#2606,#2076,#2077);
#1752=AXIS2_PLACEMENT_3D('',#2609,#2078,#2079);
#1753=AXIS2_PLACEMENT_3D('',#2610,#2080,#2081);
#1754=AXIS2_PLACEMENT_3D('',#2611,#2082,#2083);
#1755=AXIS2_PLACEMENT_3D('',#2612,#2084,#2085);
#1756=AXIS2_PLACEMENT_3D('',#2615,#2086,#2087);
#1757=AXIS2_PLACEMENT_3D('',#2618,#2090,#2091);
#1758=AXIS2_PLACEMENT_3D('',#2622,#2093,#2094);
#1759=AXIS2_PLACEMENT_3D('',#2624,#2096,#2097);
#1760=AXIS2_PLACEMENT_3D('',#2626,#2098,#2099);
#1761=AXIS2_PLACEMENT_3D('',#2627,#2100,#2101);
#1762=AXIS2_PLACEMENT_3D('',#2628,#2102,#2103);
#1763=AXIS2_PLACEMENT_3D('',#2629,#2104,#2105);
#1764=AXIS2_PLACEMENT_3D('',#2631,#2107,#2108);
#1765=AXIS2_PLACEMENT_3D('',#2634,#2111,#2112);
#1766=AXIS2_PLACEMENT_3D('',#2636,#2114,#2115);
#1767=AXIS2_PLACEMENT_3D('',#2637,#2116,#2117);
#1768=AXIS2_PLACEMENT_3D('',#2639,#2118,#2119);
#1769=AXIS2_PLACEMENT_3D('',#2641,#2120,#2121);
#1770=AXIS2_PLACEMENT_3D('',#2643,#2122,#2123);
#1771=AXIS2_PLACEMENT_3D('',#2645,#2124,#2125);
#1772=AXIS2_PLACEMENT_3D('',#2647,#2126,#2127);
#1773=AXIS2_PLACEMENT_3D('',#2649,#2128,#2129);
#1774=AXIS2_PLACEMENT_3D('',#2651,#2130,#2131);
#1775=AXIS2_PLACEMENT_3D('',#2653,#2132,#2133);
#1776=AXIS2_PLACEMENT_3D('',#2654,#2134,#2135);
#1777=AXIS2_PLACEMENT_3D('',#2657,#2138,#2139);
#1778=AXIS2_PLACEMENT_3D('',#2659,#2141,#2142);
#1779=AXIS2_PLACEMENT_3D('',#2661,#2143,#2144);
#1780=AXIS2_PLACEMENT_3D('',#2664,#2146,#2147);
#1781=AXIS2_PLACEMENT_3D('',#2665,#2148,#2149);
#1782=AXIS2_PLACEMENT_3D('',#2666,#2150,#2151);
#1783=AXIS2_PLACEMENT_3D('',#2668,#2152,#2153);
#1784=AXIS2_PLACEMENT_3D('',#2671,#2155,#2156);
#1785=AXIS2_PLACEMENT_3D('',#2672,#2157,#2158);
#1786=AXIS2_PLACEMENT_3D('',#2673,#2159,#2160);
#1787=AXIS2_PLACEMENT_3D('',#2675,#2161,#2162);
#1788=AXIS2_PLACEMENT_3D('',#2678,#2164,#2165);
#1789=AXIS2_PLACEMENT_3D('',#2679,#2166,#2167);
#1790=AXIS2_PLACEMENT_3D('',#2680,#2168,#2169);
#1791=AXIS2_PLACEMENT_3D('',#2682,#2170,#2171);
#1792=AXIS2_PLACEMENT_3D('',#2685,#2173,#2174);
#1793=AXIS2_PLACEMENT_3D('',#2686,#2175,#2176);
#1794=AXIS2_PLACEMENT_3D('',#2901,#2177,#2178);
#1795=AXIS2_PLACEMENT_3D('',#2919,#2179,#2180);
#1796=AXIS2_PLACEMENT_3D('',#2989,#2181,#2182);
#1797=AXIS2_PLACEMENT_3D('',#3010,#2184,#2185);
#1798=AXIS2_PLACEMENT_3D('',#3011,#2186,#2187);
#1799=AXIS2_PLACEMENT_3D('',#3013,#2188,#2189);
#1800=AXIS2_PLACEMENT_3D('',#3015,#2190,#2191);
#1801=AXIS2_PLACEMENT_3D('',#3016,#2192,#2193);
#1802=AXIS2_PLACEMENT_3D('',#3017,#2194,#2195);
#1803=AXIS2_PLACEMENT_3D('',#3020,#2197,#2198);
#1804=AXIS2_PLACEMENT_3D('',#3021,#2199,#2200);
#1805=AXIS2_PLACEMENT_3D('',#3023,#2201,#2202);
#1806=AXIS2_PLACEMENT_3D('',#3025,#2203,#2204);
#1807=AXIS2_PLACEMENT_3D('',#3026,#2205,#2206);
#1808=AXIS2_PLACEMENT_3D('',#3027,#2207,#2208);
#1809=AXIS2_PLACEMENT_3D('',#3030,#2210,#2211);
#1810=AXIS2_PLACEMENT_3D('',#3031,#2212,#2213);
#1811=AXIS2_PLACEMENT_3D('',#3033,#2214,#2215);
#1812=AXIS2_PLACEMENT_3D('',#3034,#2216,#2217);
#1813=AXIS2_PLACEMENT_3D('',#3036,#2218,#2219);
#1814=AXIS2_PLACEMENT_3D('',#3037,#2220,#2221);
#1815=AXIS2_PLACEMENT_3D('',#3039,#2222,#2223);
#1816=AXIS2_PLACEMENT_3D('',#3041,#2225,#2226);
#1817=AXIS2_PLACEMENT_3D('',#3043,#2227,#2228);
#1818=AXIS2_PLACEMENT_3D('',#3259,#2230,#2231);
#1819=AXIS2_PLACEMENT_3D('',#3277,#2232,#2233);
#1820=AXIS2_PLACEMENT_3D('',#3347,#2234,#2235);
#1821=AXIS2_PLACEMENT_3D('',#3368,#2237,#2238);
#1822=AXIS2_PLACEMENT_3D('',#3369,#2239,#2240);
#1823=AXIS2_PLACEMENT_3D('',#3371,#2241,#2242);
#1824=AXIS2_PLACEMENT_3D('',#3373,#2243,#2244);
#1825=AXIS2_PLACEMENT_3D('',#3374,#2245,#2246);
#1826=AXIS2_PLACEMENT_3D('',#3375,#2247,#2248);
#1827=AXIS2_PLACEMENT_3D('',#3378,#2250,#2251);
#1828=AXIS2_PLACEMENT_3D('',#3379,#2252,#2253);
#1829=AXIS2_PLACEMENT_3D('',#3381,#2254,#2255);
#1830=AXIS2_PLACEMENT_3D('',#3383,#2256,#2257);
#1831=AXIS2_PLACEMENT_3D('',#3384,#2258,#2259);
#1832=AXIS2_PLACEMENT_3D('',#3385,#2260,#2261);
#1833=AXIS2_PLACEMENT_3D('',#3388,#2263,#2264);
#1834=AXIS2_PLACEMENT_3D('',#3389,#2265,#2266);
#1835=AXIS2_PLACEMENT_3D('',#3391,#2267,#2268);
#1836=AXIS2_PLACEMENT_3D('',#3392,#2269,#2270);
#1837=AXIS2_PLACEMENT_3D('',#3394,#2271,#2272);
#1838=AXIS2_PLACEMENT_3D('',#3395,#2273,#2274);
#1839=AXIS2_PLACEMENT_3D('',#3397,#2275,#2276);
#1840=AXIS2_PLACEMENT_3D('',#3399,#2278,#2279);
#1841=AXIS2_PLACEMENT_3D('',#3401,#2280,#2281);
#1842=AXIS2_PLACEMENT_3D('',#3402,#2282,#2283);
#1843=AXIS2_PLACEMENT_3D('',#3404,#2285,#2286);
#1844=AXIS2_PLACEMENT_3D('',#3619,#2287,#2288);
#1845=AXIS2_PLACEMENT_3D('',#3637,#2289,#2290);
#1846=AXIS2_PLACEMENT_3D('',#3707,#2291,#2292);
#1847=AXIS2_PLACEMENT_3D('',#3727,#2294,#2295);
#1848=AXIS2_PLACEMENT_3D('',#3729,#2296,#2297);
#1849=AXIS2_PLACEMENT_3D('',#3731,#2298,#2299);
#1850=AXIS2_PLACEMENT_3D('',#3732,#2300,#2301);
#1851=AXIS2_PLACEMENT_3D('',#3733,#2302,#2303);
#1852=AXIS2_PLACEMENT_3D('',#3736,#2305,#2306);
#1853=AXIS2_PLACEMENT_3D('',#3737,#2307,#2308);
#1854=AXIS2_PLACEMENT_3D('',#3739,#2309,#2310);
#1855=AXIS2_PLACEMENT_3D('',#3741,#2311,#2312);
#1856=AXIS2_PLACEMENT_3D('',#3742,#2313,#2314);
#1857=AXIS2_PLACEMENT_3D('',#3743,#2315,#2316);
#1858=AXIS2_PLACEMENT_3D('',#3746,#2318,#2319);
#1859=AXIS2_PLACEMENT_3D('',#3747,#2320,#2321);
#1860=AXIS2_PLACEMENT_3D('',#3749,#2322,#2323);
#1861=AXIS2_PLACEMENT_3D('',#3750,#2324,#2325);
#1862=AXIS2_PLACEMENT_3D('',#3752,#2326,#2327);
#1863=AXIS2_PLACEMENT_3D('',#3753,#2328,#2329);
#1864=AXIS2_PLACEMENT_3D('',#3754,#2330,#2331);
#1865=AXIS2_PLACEMENT_3D('',#3756,#2333,#2334);
#1866=AXIS2_PLACEMENT_3D('',#3972,#2336,#2337);
#1867=AXIS2_PLACEMENT_3D('',#3990,#2338,#2339);
#1868=AXIS2_PLACEMENT_3D('',#4060,#2340,#2341);
#1869=AXIS2_PLACEMENT_3D('',#4080,#2343,#2344);
#1870=AXIS2_PLACEMENT_3D('',#4082,#2345,#2346);
#1871=AXIS2_PLACEMENT_3D('',#4084,#2347,#2348);
#1872=AXIS2_PLACEMENT_3D('',#4085,#2349,#2350);
#1873=AXIS2_PLACEMENT_3D('',#4086,#2351,#2352);
#1874=AXIS2_PLACEMENT_3D('',#4089,#2354,#2355);
#1875=AXIS2_PLACEMENT_3D('',#4090,#2356,#2357);
#1876=AXIS2_PLACEMENT_3D('',#4092,#2358,#2359);
#1877=AXIS2_PLACEMENT_3D('',#4094,#2360,#2361);
#1878=AXIS2_PLACEMENT_3D('',#4095,#2362,#2363);
#1879=AXIS2_PLACEMENT_3D('',#4096,#2364,#2365);
#1880=AXIS2_PLACEMENT_3D('',#4099,#2367,#2368);
#1881=AXIS2_PLACEMENT_3D('',#4100,#2369,#2370);
#1882=AXIS2_PLACEMENT_3D('',#4102,#2371,#2372);
#1883=AXIS2_PLACEMENT_3D('',#4103,#2373,#2374);
#1884=AXIS2_PLACEMENT_3D('',#4105,#2375,#2376);
#1885=AXIS2_PLACEMENT_3D('',#4106,#2377,#2378);
#1886=AXIS2_PLACEMENT_3D('',#4108,#2380,#2381);
#1887=DIRECTION('axis',(0.,0.,1.));
#1888=DIRECTION('refdir',(1.,0.,0.));
#1889=DIRECTION('center_axis',(0.,1.,0.));
#1890=DIRECTION('ref_axis',(0.,0.,1.));
#1891=DIRECTION('center_axis',(0.,1.,0.));
#1892=DIRECTION('ref_axis',(0.5,0.,-0.866025403784439));
#1893=DIRECTION('center_axis',(1.,0.,0.));
#1894=DIRECTION('ref_axis',(0.,-1.,0.));
#1895=DIRECTION('center_axis',(0.,-1.,0.));
#1896=DIRECTION('ref_axis',(0.5,0.,-0.866025403784438));
#1897=DIRECTION('center_axis',(1.,0.,0.));
#1898=DIRECTION('ref_axis',(0.,0.707106781186549,-0.707106781186546));
#1899=DIRECTION('',(1.,0.,0.));
#1900=DIRECTION('',(-1.,0.,0.));
#1901=DIRECTION('center_axis',(0.,-1.,0.));
#1902=DIRECTION('ref_axis',(0.,0.,-1.));
#1903=DIRECTION('center_axis',(0.,-1.,0.));
#1904=DIRECTION('ref_axis',(-0.5,0.,-0.866025403784439));
#1905=DIRECTION('center_axis',(-1.,0.,0.));
#1906=DIRECTION('ref_axis',(0.,1.,0.));
#1907=DIRECTION('center_axis',(0.,1.,0.));
#1908=DIRECTION('ref_axis',(-0.5,0.,-0.866025403784439));
#1909=DIRECTION('center_axis',(-1.,0.,0.));
#1910=DIRECTION('ref_axis',(0.,0.70710678118655,-0.707106781186545));
#1911=DIRECTION('center_axis',(-1.,0.,0.));
#1912=DIRECTION('ref_axis',(0.,1.,0.));
#1913=DIRECTION('',(-1.,0.,0.));
#1914=DIRECTION('',(1.,0.,0.));
#1915=DIRECTION('center_axis',(0.,0.,1.));
#1916=DIRECTION('ref_axis',(1.,0.,0.));
#1917=DIRECTION('center_axis',(0.,1.,0.));
#1918=DIRECTION('ref_axis',(1.,0.,0.));
#1919=DIRECTION('center_axis',(0.,0.,1.));
#1920=DIRECTION('ref_axis',(0.707106781186547,0.707106781186548,0.));
#1921=DIRECTION('center_axis',(0.,0.,-1.));
#1922=DIRECTION('ref_axis',(0.707106781186547,0.707106781186548,0.));
#1923=DIRECTION('center_axis',(2.55314367511521E-7,0.999999999999967,0.));
#1924=DIRECTION('ref_axis',(0.707106781186516,-1.80534520540956E-7,-0.707106781186556));
#1925=DIRECTION('center_axis',(2.55314367425543E-7,0.999999999999967,0.));
#1926=DIRECTION('ref_axis',(0.999999999999967,-2.55314367425543E-7,0.));
#1927=DIRECTION('',(2.55314367511521E-7,0.999999999999967,0.));
#1928=DIRECTION('',(-2.55314367511521E-7,-0.999999999999967,0.));
#1929=DIRECTION('center_axis',(2.55314367511521E-7,-0.999999999999967,0.));
#1930=DIRECTION('ref_axis',(0.707106781186516,1.80534520540956E-7,-0.707106781186556));
#1931=DIRECTION('',(2.55314367511521E-7,-0.999999999999967,0.));
#1932=DIRECTION('center_axis',(-2.55314369645989E-7,0.999999999999967,0.));
#1933=DIRECTION('ref_axis',(0.999999999999967,2.55314369645989E-7,0.));
#1934=DIRECTION('',(-2.55314367511521E-7,0.999999999999967,0.));
#1935=DIRECTION('center_axis',(0.,0.,-1.));
#1936=DIRECTION('ref_axis',(-1.,0.,0.));
#1937=DIRECTION('center_axis',(1.,8.88178419700124E-15,0.));
#1938=DIRECTION('ref_axis',(8.88178419700124E-15,-1.,0.));
#1939=DIRECTION('center_axis',(0.,0.,1.));
#1940=DIRECTION('ref_axis',(0.707106781186547,-0.707106781186548,0.));
#1941=DIRECTION('center_axis',(0.,0.,-1.));
#1942=DIRECTION('ref_axis',(0.707106781186547,-0.707106781186548,0.));
#1943=DIRECTION('center_axis',(-1.,0.,0.));
#1944=DIRECTION('ref_axis',(0.,-0.70710678118655,-0.707106781186545));
#1945=DIRECTION('center_axis',(1.,0.,0.));
#1946=DIRECTION('ref_axis',(0.,-1.,0.));
#1947=DIRECTION('',(1.,0.,0.));
#1948=DIRECTION('',(-1.,0.,0.));
#1949=DIRECTION('center_axis',(0.,1.,0.));
#1950=DIRECTION('ref_axis',(0.,0.,1.));
#1951=DIRECTION('center_axis',(0.,-1.,0.));
#1952=DIRECTION('ref_axis',(-0.5,0.,-0.866025403784439));
#1953=DIRECTION('center_axis',(0.,1.,0.));
#1954=DIRECTION('ref_axis',(-0.5,0.,-0.866025403784439));
#1955=DIRECTION('center_axis',(1.,0.,0.));
#1956=DIRECTION('ref_axis',(0.,-0.707106781186549,-0.707106781186546));
#1957=DIRECTION('',(1.,0.,0.));
#1958=DIRECTION('',(-1.,0.,0.));
#1959=DIRECTION('center_axis',(1.,0.,0.));
#1960=DIRECTION('ref_axis',(0.,-0.70710678118655,-0.707106781186545));
#1961=DIRECTION('center_axis',(1.,0.,0.));
#1962=DIRECTION('ref_axis',(0.,-1.,0.));
#1963=DIRECTION('',(1.,0.,0.));
#1964=DIRECTION('',(-1.,0.,0.));
#1965=DIRECTION('center_axis',(0.,0.,1.));
#1966=DIRECTION('ref_axis',(1.,0.,0.));
#1967=DIRECTION('center_axis',(0.,-1.,0.));
#1968=DIRECTION('ref_axis',(-1.,0.,0.));
#1969=DIRECTION('center_axis',(0.,0.,1.));
#1970=DIRECTION('ref_axis',(-0.707106781186547,-0.707106781186548,0.));
#1971=DIRECTION('center_axis',(0.,0.,-1.));
#1972=DIRECTION('ref_axis',(-0.707106781186547,-0.707106781186548,0.));
#1973=DIRECTION('center_axis',(-2.55314367511521E-7,-0.999999999999967,
0.));
#1974=DIRECTION('ref_axis',(-0.707106781186522,1.80534520540954E-7,-0.70710678118655));
#1975=DIRECTION('center_axis',(-2.55314367425543E-7,-0.999999999999967,
0.));
#1976=DIRECTION('ref_axis',(-0.999999999999967,2.55314367425543E-7,0.));
#1977=DIRECTION('',(-2.55314367511521E-7,-0.999999999999967,0.));
#1978=DIRECTION('',(2.55314367511521E-7,0.999999999999967,0.));
#1979=DIRECTION('center_axis',(-2.55314367511521E-7,0.999999999999967,0.));
#1980=DIRECTION('ref_axis',(-0.707106781186529,-1.80534520540953E-7,-0.707106781186543));
#1981=DIRECTION('',(-2.55314367511521E-7,0.999999999999967,0.));
#1982=DIRECTION('center_axis',(2.55314369645986E-7,-0.999999999999967,0.));
#1983=DIRECTION('ref_axis',(-0.999999999999967,-2.55314369645986E-7,0.));
#1984=DIRECTION('',(2.55314367511521E-7,-0.999999999999967,0.));
#1985=DIRECTION('center_axis',(0.,0.,-1.));
#1986=DIRECTION('ref_axis',(-1.,0.,0.));
#1987=DIRECTION('center_axis',(-1.,0.,0.));
#1988=DIRECTION('ref_axis',(0.,1.,0.));
#1989=DIRECTION('center_axis',(0.,0.,1.));
#1990=DIRECTION('ref_axis',(-0.707106781186547,0.707106781186548,0.));
#1991=DIRECTION('center_axis',(0.,0.,-1.));
#1992=DIRECTION('ref_axis',(-0.707106781186547,0.707106781186548,0.));
#1993=DIRECTION('center_axis',(1.,0.,0.));
#1994=DIRECTION('ref_axis',(0.,0.70710678118655,-0.707106781186545));
#1995=DIRECTION('center_axis',(-1.,0.,0.));
#1996=DIRECTION('ref_axis',(0.,1.,0.));
#1997=DIRECTION('',(-1.,0.,0.));
#1998=DIRECTION('',(1.,0.,0.));
#1999=DIRECTION('center_axis',(0.,-1.,0.));
#2000=DIRECTION('ref_axis',(0.,0.,-1.));
#2001=DIRECTION('center_axis',(0.,1.,0.));
#2002=DIRECTION('ref_axis',(0.5,0.,-0.866025403784438));
#2003=DIRECTION('center_axis',(0.,-1.,0.));
#2004=DIRECTION('ref_axis',(0.5,0.,-0.866025403784439));
#2005=DIRECTION('center_axis',(0.,0.,-1.));
#2006=DIRECTION('ref_axis',(-6.99353086378052E-16,-1.,0.));
#2007=DIRECTION('',(0.,0.,-1.));
#2008=DIRECTION('center_axis',(0.,0.,1.));
#2009=DIRECTION('ref_axis',(0.707106781186547,-0.707106781186548,0.));
#2010=DIRECTION('',(0.,0.,-1.));
#2011=DIRECTION('center_axis',(0.999999999999967,2.55314367511521E-7,0.));
#2012=DIRECTION('ref_axis',(2.55314367511521E-7,-0.999999999999967,0.));
#2013=DIRECTION('',(0.,0.,-1.));
#2014=DIRECTION('',(-2.55314367511521E-7,0.999999999999967,0.));
#2015=DIRECTION('center_axis',(-0.999999999999967,2.55314367511521E-7,0.));
#2016=DIRECTION('ref_axis',(2.55314367511521E-7,0.999999999999967,0.));
#2017=DIRECTION('',(0.,0.,-1.));
#2018=DIRECTION('',(2.55314367511521E-7,0.999999999999967,0.));
#2019=DIRECTION('center_axis',(0.,0.,1.));
#2020=DIRECTION('ref_axis',(-6.99353086378052E-16,1.,0.));
#2021=DIRECTION('',(0.,0.,-1.));
#2022=DIRECTION('center_axis',(0.,0.,1.));
#2023=DIRECTION('ref_axis',(0.707106781186547,0.707106781186548,0.));
#2024=DIRECTION('center_axis',(0.,1.,0.));
#2025=DIRECTION('ref_axis',(1.,0.,0.));
#2026=DIRECTION('',(0.,0.,-1.));
#2027=DIRECTION('',(-1.,0.,0.));
#2028=DIRECTION('center_axis',(0.,0.,1.));
#2029=DIRECTION('ref_axis',(1.,0.,0.));
#2030=DIRECTION('',(0.,1.,0.));
#2031=DIRECTION('center_axis',(0.,0.,1.));
#2032=DIRECTION('ref_axis',(1.,0.,0.));
#2033=DIRECTION('center_axis',(0.,0.,1.));
#2034=DIRECTION('ref_axis',(1.,0.,0.));
#2035=DIRECTION('center_axis',(0.,0.,1.));
#2036=DIRECTION('ref_axis',(-0.70710675129363,0.707106811079464,0.));
#2037=DIRECTION('center_axis',(0.,0.,-1.));
#2038=DIRECTION('ref_axis',(-0.70710675129363,-0.707106811079464,0.));
#2039=DIRECTION('center_axis',(0.,0.,-1.));
#2040=DIRECTION('ref_axis',(1.,0.,0.));
#2041=DIRECTION('center_axis',(0.,0.,-1.));
#2042=DIRECTION('ref_axis',(1.,0.,0.));
#2043=DIRECTION('center_axis',(0.,1.,0.));
#2044=DIRECTION('ref_axis',(0.866025403784438,0.,-0.5));
#2045=DIRECTION('',(0.,-1.,0.));
#2046=DIRECTION('center_axis',(0.,0.,-1.));
#2047=DIRECTION('ref_axis',(-1.,0.,0.));
#2048=DIRECTION('center_axis',(1.,0.,0.));
#2049=DIRECTION('ref_axis',(0.,1.,0.));
#2050=DIRECTION('center_axis',(0.,0.,-1.));
#2051=DIRECTION('ref_axis',(0.707106781186547,0.707106781186548,0.));
#2052=DIRECTION('center_axis',(1.11022302462516E-15,1.,0.));
#2053=DIRECTION('ref_axis',(0.,0.,1.));
#2054=DIRECTION('center_axis',(2.55314367511521E-7,0.999999999999967,0.));
#2055=DIRECTION('ref_axis',(0.707106781186522,-1.80534520540954E-7,0.70710678118655));
#2056=DIRECTION('center_axis',(2.5531436742554E-7,0.999999999999967,0.));
#2057=DIRECTION('ref_axis',(0.,0.,1.));
#2058=DIRECTION('',(-2.55314367511521E-7,-0.999999999999967,0.));
#2059=DIRECTION('center_axis',(2.55314367511521E-7,-0.999999999999967,0.));
#2060=DIRECTION('ref_axis',(0.707106781186528,1.80534520540953E-7,0.707106781186544));
#2061=DIRECTION('',(2.55314367511521E-7,-0.999999999999967,0.));
#2062=DIRECTION('center_axis',(-2.55314369645986E-7,0.999999999999967,0.));
#2063=DIRECTION('ref_axis',(0.,0.,1.));
#2064=DIRECTION('center_axis',(0.,0.,1.));
#2065=DIRECTION('ref_axis',(1.,0.,0.));
#2066=DIRECTION('center_axis',(1.,0.,0.));
#2067=DIRECTION('ref_axis',(0.,0.,1.));
#2068=DIRECTION('center_axis',(0.,0.,-1.));
#2069=DIRECTION('ref_axis',(0.707106781186547,-0.707106781186548,0.));
#2070=DIRECTION('center_axis',(1.,0.,0.));
#2071=DIRECTION('ref_axis',(0.,-0.707106781186548,0.707106781186547));
#2072=DIRECTION('center_axis',(1.,0.,0.));
#2073=DIRECTION('ref_axis',(0.,0.,1.));
#2074=DIRECTION('',(1.,0.,0.));
#2075=DIRECTION('',(-1.,0.,0.));
#2076=DIRECTION('center_axis',(0.,0.,-1.));
#2077=DIRECTION('ref_axis',(-1.,0.,0.));
#2078=DIRECTION('center_axis',(-1.11022302462516E-15,-1.,0.));
#2079=DIRECTION('ref_axis',(0.,0.,1.));
#2080=DIRECTION('center_axis',(0.,0.,1.));
#2081=DIRECTION('ref_axis',(-0.707106781186547,-0.707106781186548,0.));
#2082=DIRECTION('center_axis',(0.,0.,-1.));
#2083=DIRECTION('ref_axis',(-0.707106781186547,-0.707106781186548,0.));
#2084=DIRECTION('center_axis',(-2.55314367511521E-7,-0.999999999999967,
0.));
#2085=DIRECTION('ref_axis',(-0.707106781186528,1.80534520540953E-7,0.707106781186544));
#2086=DIRECTION('center_axis',(-2.5531436742554E-7,-0.999999999999967,0.));
#2087=DIRECTION('ref_axis',(0.,0.,1.));
#2088=DIRECTION('',(-2.55314367511521E-7,-0.999999999999967,0.));
#2089=DIRECTION('',(2.55314367511521E-7,0.999999999999967,0.));
#2090=DIRECTION('center_axis',(-2.55314367511521E-7,0.999999999999967,0.));
#2091=DIRECTION('ref_axis',(-0.707106781186525,-1.80534520540954E-7,0.707106781186547));
#2092=DIRECTION('',(-2.55314367511521E-7,0.999999999999967,0.));
#2093=DIRECTION('center_axis',(2.5531436742554E-7,-0.999999999999967,0.));
#2094=DIRECTION('ref_axis',(0.,0.,1.));
#2095=DIRECTION('',(2.55314367511521E-7,-0.999999999999967,0.));
#2096=DIRECTION('center_axis',(0.,0.,1.));
#2097=DIRECTION('ref_axis',(1.,0.,0.));
#2098=DIRECTION('center_axis',(-1.,0.,0.));
#2099=DIRECTION('ref_axis',(0.,0.,1.));
#2100=DIRECTION('center_axis',(0.,0.,1.));
#2101=DIRECTION('ref_axis',(-0.707106781186547,0.707106781186548,0.));
#2102=DIRECTION('center_axis',(0.,0.,-1.));
#2103=DIRECTION('ref_axis',(-0.707106781186547,0.707106781186548,0.));
#2104=DIRECTION('center_axis',(-1.,0.,0.));
#2105=DIRECTION('ref_axis',(0.,0.707106781186548,0.707106781186547));
#2106=DIRECTION('',(1.,0.,0.));
#2107=DIRECTION('center_axis',(0.999999999999967,-2.55314367511521E-7,0.));
#2108=DIRECTION('ref_axis',(-2.55314367511521E-7,-0.999999999999967,0.));
#2109=DIRECTION('',(0.,0.,-1.));
#2110=DIRECTION('',(0.,0.,-1.));
#2111=DIRECTION('center_axis',(-0.999999999999967,-2.55314367511521E-7,
0.));
#2112=DIRECTION('ref_axis',(-2.55314367511521E-7,0.999999999999967,0.));
#2113=DIRECTION('',(0.,0.,-1.));
#2114=DIRECTION('center_axis',(0.,0.,-1.));
#2115=DIRECTION('ref_axis',(6.99353086378052E-16,1.,0.));
#2116=DIRECTION('center_axis',(0.,0.,1.));
#2117=DIRECTION('ref_axis',(1.,0.,0.));
#2118=DIRECTION('center_axis',(0.,0.,1.));
#2119=DIRECTION('ref_axis',(1.,0.,0.));
#2120=DIRECTION('center_axis',(0.,0.,1.));
#2121=DIRECTION('ref_axis',(1.,0.,0.));
#2122=DIRECTION('center_axis',(0.,0.,-1.));
#2123=DIRECTION('ref_axis',(1.,0.,0.));
#2124=DIRECTION('center_axis',(0.,0.,-1.));
#2125=DIRECTION('ref_axis',(1.,0.,0.));
#2126=DIRECTION('center_axis',(0.,0.,1.));
#2127=DIRECTION('ref_axis',(-1.,0.,0.));
#2128=DIRECTION('center_axis',(0.,0.,1.));
#2129=DIRECTION('ref_axis',(-1.,0.,0.));
#2130=DIRECTION('center_axis',(0.,0.,-1.));
#2131=DIRECTION('ref_axis',(-1.,0.,0.));
#2132=DIRECTION('center_axis',(0.,0.,-1.));
#2133=DIRECTION('ref_axis',(-1.,0.,0.));
#2134=DIRECTION('center_axis',(0.,-1.,0.));
#2135=DIRECTION('ref_axis',(-0.866025403784439,0.,-0.5));
#2136=DIRECTION('',(0.,-1.,0.));
#2137=DIRECTION('',(0.,-1.,0.));
#2138=DIRECTION('center_axis',(0.,1.,0.));
#2139=DIRECTION('ref_axis',(1.,0.,0.));
#2140=DIRECTION('',(0.,0.,-1.));
#2141=DIRECTION('center_axis',(0.,0.,1.));
#2142=DIRECTION('ref_axis',(1.,0.,0.));
#2143=DIRECTION('center_axis',(0.,0.,1.));
#2144=DIRECTION('ref_axis',(1.,0.,0.));
#2145=DIRECTION('',(0.,0.,1.));
#2146=DIRECTION('center_axis',(0.,0.,1.));
#2147=DIRECTION('ref_axis',(1.,0.,0.));
#2148=DIRECTION('center_axis',(0.,0.,-1.));
#2149=DIRECTION('ref_axis',(1.,0.,0.));
#2150=DIRECTION('center_axis',(0.,0.,1.));
#2151=DIRECTION('ref_axis',(1.,0.,0.));
#2152=DIRECTION('center_axis',(0.,0.,1.));
#2153=DIRECTION('ref_axis',(1.,0.,0.));
#2154=DIRECTION('',(0.,0.,1.));
#2155=DIRECTION('center_axis',(0.,0.,1.));
#2156=DIRECTION('ref_axis',(1.,0.,0.));
#2157=DIRECTION('center_axis',(0.,0.,-1.));
#2158=DIRECTION('ref_axis',(1.,0.,0.));
#2159=DIRECTION('center_axis',(0.,0.,1.));
#2160=DIRECTION('ref_axis',(1.,0.,0.));
#2161=DIRECTION('center_axis',(0.,0.,1.));
#2162=DIRECTION('ref_axis',(1.,0.,0.));
#2163=DIRECTION('',(0.,0.,1.));
#2164=DIRECTION('center_axis',(0.,0.,1.));
#2165=DIRECTION('ref_axis',(1.,0.,0.));
#2166=DIRECTION('center_axis',(0.,0.,-1.));
#2167=DIRECTION('ref_axis',(1.,0.,0.));
#2168=DIRECTION('center_axis',(0.,0.,1.));
#2169=DIRECTION('ref_axis',(1.,0.,0.));
#2170=DIRECTION('center_axis',(0.,0.,1.));
#2171=DIRECTION('ref_axis',(1.,0.,0.));
#2172=DIRECTION('',(0.,0.,1.));
#2173=DIRECTION('center_axis',(0.,0.,1.));
#2174=DIRECTION('ref_axis',(1.,0.,0.));
#2175=DIRECTION('center_axis',(0.,0.,-1.));
#2176=DIRECTION('ref_axis',(1.,0.,0.));
#2177=DIRECTION('center_axis',(0.996820343032474,0.0796818907696206,-8.85354316999518E-15));
#2178=DIRECTION('ref_axis',(-8.88178419700124E-15,0.,-1.));
#2179=DIRECTION('center_axis',(0.0796819750507309,0.99682033629537,0.));
#2180=DIRECTION('ref_axis',(0.99682033629537,-0.0796819750507309,0.));
#2181=DIRECTION('center_axis',(0.,0.,1.));
#2182=DIRECTION('ref_axis',(-1.,0.,0.));
#2183=DIRECTION('',(0.,0.,1.));
#2184=DIRECTION('center_axis',(0.,0.,1.));
#2185=DIRECTION('ref_axis',(0.70710675129363,-0.707106811079464,0.));
#2186=DIRECTION('center_axis',(0.,0.,-1.));
#2187=DIRECTION('ref_axis',(1.,0.,0.));
#2188=DIRECTION('center_axis',(0.,1.,0.));
#2189=DIRECTION('ref_axis',(-1.,0.,0.));
#2190=DIRECTION('center_axis',(0.,0.,-1.));
#2191=DIRECTION('ref_axis',(-1.,0.,0.));
#2192=DIRECTION('center_axis',(0.,0.,-1.));
#2193=DIRECTION('ref_axis',(-1.,0.,0.));
#2194=DIRECTION('center_axis',(0.,0.,-1.));
#2195=DIRECTION('ref_axis',(-1.,0.,0.));
#2196=DIRECTION('',(0.,0.,-1.));
#2197=DIRECTION('center_axis',(0.,0.,-1.));
#2198=DIRECTION('ref_axis',(-1.,0.,0.));
#2199=DIRECTION('center_axis',(0.,0.,-1.));
#2200=DIRECTION('ref_axis',(1.,0.,0.));
#2201=DIRECTION('center_axis',(2.26576127474522E-16,1.,0.));
#2202=DIRECTION('ref_axis',(-1.,2.26576127474522E-16,0.));
#2203=DIRECTION('center_axis',(0.,0.,-1.));
#2204=DIRECTION('ref_axis',(-1.,0.,0.));
#2205=DIRECTION('center_axis',(0.,0.,-1.));
#2206=DIRECTION('ref_axis',(-1.,0.,0.));
#2207=DIRECTION('center_axis',(0.,0.,-1.));
#2208=DIRECTION('ref_axis',(-1.,0.,0.));
#2209=DIRECTION('',(0.,0.,-1.));
#2210=DIRECTION('center_axis',(0.,0.,-1.));
#2211=DIRECTION('ref_axis',(-1.,0.,0.));
#2212=DIRECTION('center_axis',(0.,0.,1.));
#2213=DIRECTION('ref_axis',(-1.,0.,0.));
#2214=DIRECTION('center_axis',(0.,0.,1.));
#2215=DIRECTION('ref_axis',(-1.,0.,0.));
#2216=DIRECTION('center_axis',(0.,0.,1.));
#2217=DIRECTION('ref_axis',(-1.,0.,0.));
#2218=DIRECTION('center_axis',(0.,0.,1.));
#2219=DIRECTION('ref_axis',(-1.,0.,0.));
#2220=DIRECTION('center_axis',(0.,0.,-1.));
#2221=DIRECTION('ref_axis',(-1.,0.,0.));
#2222=DIRECTION('center_axis',(0.,0.,1.));
#2223=DIRECTION('ref_axis',(-1.,0.,0.));
#2224=DIRECTION('',(0.,0.,1.));
#2225=DIRECTION('center_axis',(0.,0.,-1.));
#2226=DIRECTION('ref_axis',(-1.,0.,0.));
#2227=DIRECTION('center_axis',(0.,0.,1.));
#2228=DIRECTION('ref_axis',(-1.,0.,0.));
#2229=DIRECTION('',(0.,0.,1.));
#2230=DIRECTION('center_axis',(-0.996820343032474,0.0796818907696206,8.85354316999518E-15));
#2231=DIRECTION('ref_axis',(-8.88178419700124E-15,0.,-1.));
#2232=DIRECTION('center_axis',(-0.0796819750507309,0.99682033629537,0.));
#2233=DIRECTION('ref_axis',(0.99682033629537,0.0796819750507309,0.));
#2234=DIRECTION('center_axis',(0.,0.,-1.));
#2235=DIRECTION('ref_axis',(-1.,0.,0.));
#2236=DIRECTION('',(0.,0.,1.));
#2237=DIRECTION('center_axis',(0.,0.,-1.));
#2238=DIRECTION('ref_axis',(0.70710675129363,0.707106811079464,0.));
#2239=DIRECTION('center_axis',(0.,0.,-1.));
#2240=DIRECTION('ref_axis',(1.,0.,0.));
#2241=DIRECTION('center_axis',(0.,1.,0.));
#2242=DIRECTION('ref_axis',(-1.,0.,0.));
#2243=DIRECTION('center_axis',(0.,0.,1.));
#2244=DIRECTION('ref_axis',(-1.,0.,0.));
#2245=DIRECTION('center_axis',(0.,0.,1.));
#2246=DIRECTION('ref_axis',(-1.,0.,0.));
#2247=DIRECTION('center_axis',(0.,0.,1.));
#2248=DIRECTION('ref_axis',(-1.,0.,0.));
#2249=DIRECTION('',(0.,0.,-1.));
#2250=DIRECTION('center_axis',(0.,0.,1.));
#2251=DIRECTION('ref_axis',(-1.,0.,0.));
#2252=DIRECTION('center_axis',(0.,0.,-1.));
#2253=DIRECTION('ref_axis',(1.,0.,0.));
#2254=DIRECTION('center_axis',(-2.26576127474522E-16,1.,0.));
#2255=DIRECTION('ref_axis',(-1.,-2.26576127474522E-16,0.));
#2256=DIRECTION('center_axis',(0.,0.,1.));
#2257=DIRECTION('ref_axis',(-1.,0.,0.));
#2258=DIRECTION('center_axis',(0.,0.,1.));
#2259=DIRECTION('ref_axis',(-1.,0.,0.));
#2260=DIRECTION('center_axis',(0.,0.,1.));
#2261=DIRECTION('ref_axis',(-1.,0.,0.));
#2262=DIRECTION('',(0.,0.,-1.));
#2263=DIRECTION('center_axis',(0.,0.,1.));
#2264=DIRECTION('ref_axis',(-1.,0.,0.));
#2265=DIRECTION('center_axis',(0.,0.,-1.));
#2266=DIRECTION('ref_axis',(-1.,0.,0.));
#2267=DIRECTION('center_axis',(0.,0.,-1.));
#2268=DIRECTION('ref_axis',(-1.,0.,0.));
#2269=DIRECTION('center_axis',(0.,0.,-1.));
#2270=DIRECTION('ref_axis',(-1.,0.,0.));
#2271=DIRECTION('center_axis',(0.,0.,-1.));
#2272=DIRECTION('ref_axis',(-1.,0.,0.));
#2273=DIRECTION('center_axis',(0.,0.,1.));
#2274=DIRECTION('ref_axis',(-1.,0.,0.));
#2275=DIRECTION('center_axis',(0.,0.,-1.));
#2276=DIRECTION('ref_axis',(-1.,0.,0.));
#2277=DIRECTION('',(0.,0.,1.));
#2278=DIRECTION('center_axis',(0.,0.,-1.));
#2279=DIRECTION('ref_axis',(-1.,0.,0.));
#2280=DIRECTION('center_axis',(0.,0.,-1.));
#2281=DIRECTION('ref_axis',(-1.,0.,0.));
#2282=DIRECTION('center_axis',(0.,0.,1.));
#2283=DIRECTION('ref_axis',(-1.,0.,0.));
#2284=DIRECTION('',(0.,0.,1.));
#2285=DIRECTION('center_axis',(0.,0.,-1.));
#2286=DIRECTION('ref_axis',(-1.,0.,0.));
#2287=DIRECTION('center_axis',(0.996820343032474,-0.0796818907696206,8.85354316999518E-15));
#2288=DIRECTION('ref_axis',(8.88178419700124E-15,0.,-1.));
#2289=DIRECTION('center_axis',(0.0796819750507309,-0.99682033629537,0.));
#2290=DIRECTION('ref_axis',(-0.99682033629537,-0.0796819750507309,0.));
#2291=DIRECTION('center_axis',(0.,0.,-1.));
#2292=DIRECTION('ref_axis',(1.,0.,0.));
#2293=DIRECTION('',(0.,0.,1.));
#2294=DIRECTION('center_axis',(0.,0.,-1.));
#2295=DIRECTION('ref_axis',(-1.,0.,0.));
#2296=DIRECTION('center_axis',(0.,-1.,0.));
#2297=DIRECTION('ref_axis',(1.,0.,0.));
#2298=DIRECTION('center_axis',(0.,0.,1.));
#2299=DIRECTION('ref_axis',(1.,0.,0.));
#2300=DIRECTION('center_axis',(0.,0.,1.));
#2301=DIRECTION('ref_axis',(1.,0.,0.));
#2302=DIRECTION('center_axis',(0.,0.,1.));
#2303=DIRECTION('ref_axis',(1.,0.,0.));
#2304=DIRECTION('',(0.,0.,-1.));
#2305=DIRECTION('center_axis',(0.,0.,1.));
#2306=DIRECTION('ref_axis',(1.,0.,0.));
#2307=DIRECTION('center_axis',(0.,0.,-1.));
#2308=DIRECTION('ref_axis',(-1.,0.,0.));
#2309=DIRECTION('center_axis',(2.26576127474522E-16,-1.,0.));
#2310=DIRECTION('ref_axis',(1.,2.26576127474522E-16,0.));
#2311=DIRECTION('center_axis',(0.,0.,1.));
#2312=DIRECTION('ref_axis',(1.,0.,0.));
#2313=DIRECTION('center_axis',(0.,0.,1.));
#2314=DIRECTION('ref_axis',(1.,0.,0.));
#2315=DIRECTION('center_axis',(0.,0.,1.));
#2316=DIRECTION('ref_axis',(1.,0.,0.));
#2317=DIRECTION('',(0.,0.,-1.));
#2318=DIRECTION('center_axis',(0.,0.,1.));
#2319=DIRECTION('ref_axis',(1.,0.,0.));
#2320=DIRECTION('center_axis',(0.,0.,-1.));
#2321=DIRECTION('ref_axis',(1.,0.,0.));
#2322=DIRECTION('center_axis',(0.,0.,-1.));
#2323=DIRECTION('ref_axis',(1.,0.,0.));
#2324=DIRECTION('center_axis',(0.,0.,-1.));
#2325=DIRECTION('ref_axis',(1.,0.,0.));
#2326=DIRECTION('center_axis',(0.,0.,-1.));
#2327=DIRECTION('ref_axis',(1.,0.,0.));
#2328=DIRECTION('center_axis',(0.,0.,1.));
#2329=DIRECTION('ref_axis',(6.99353086378052E-16,-1.,0.));
#2330=DIRECTION('center_axis',(0.,0.,1.));
#2331=DIRECTION('ref_axis',(1.,0.,0.));
#2332=DIRECTION('',(0.,0.,1.));
#2333=DIRECTION('center_axis',(0.,0.,1.));
#2334=DIRECTION('ref_axis',(1.,0.,0.));
#2335=DIRECTION('',(0.,0.,1.));
#2336=DIRECTION('center_axis',(-0.996820343032474,-0.0796818907696206,-8.85354316999518E-15));
#2337=DIRECTION('ref_axis',(8.88178419700124E-15,0.,-1.));
#2338=DIRECTION('center_axis',(-0.0796819750507309,-0.99682033629537,0.));
#2339=DIRECTION('ref_axis',(-0.99682033629537,0.0796819750507309,0.));
#2340=DIRECTION('center_axis',(0.,0.,1.));
#2341=DIRECTION('ref_axis',(1.,0.,0.));
#2342=DIRECTION('',(0.,0.,1.));
#2343=DIRECTION('center_axis',(0.,0.,-1.));
#2344=DIRECTION('ref_axis',(-1.,0.,0.));
#2345=DIRECTION('center_axis',(0.,-1.,0.));
#2346=DIRECTION('ref_axis',(1.,0.,0.));
#2347=DIRECTION('center_axis',(0.,0.,-1.));
#2348=DIRECTION('ref_axis',(1.,0.,0.));
#2349=DIRECTION('center_axis',(0.,0.,-1.));
#2350=DIRECTION('ref_axis',(1.,0.,0.));
#2351=DIRECTION('center_axis',(0.,0.,-1.));
#2352=DIRECTION('ref_axis',(1.,0.,0.));
#2353=DIRECTION('',(0.,0.,-1.));
#2354=DIRECTION('center_axis',(0.,0.,-1.));
#2355=DIRECTION('ref_axis',(1.,0.,0.));
#2356=DIRECTION('center_axis',(0.,0.,-1.));
#2357=DIRECTION('ref_axis',(-1.,0.,0.));
#2358=DIRECTION('center_axis',(-2.26576127474522E-16,-1.,0.));
#2359=DIRECTION('ref_axis',(1.,-2.26576127474522E-16,0.));
#2360=DIRECTION('center_axis',(0.,0.,-1.));
#2361=DIRECTION('ref_axis',(1.,0.,0.));
#2362=DIRECTION('center_axis',(0.,0.,-1.));
#2363=DIRECTION('ref_axis',(1.,0.,0.));
#2364=DIRECTION('center_axis',(0.,0.,-1.));
#2365=DIRECTION('ref_axis',(1.,0.,0.));
#2366=DIRECTION('',(0.,0.,-1.));
#2367=DIRECTION('center_axis',(0.,0.,-1.));
#2368=DIRECTION('ref_axis',(1.,0.,0.));
#2369=DIRECTION('center_axis',(0.,0.,1.));
#2370=DIRECTION('ref_axis',(1.,0.,0.));
#2371=DIRECTION('center_axis',(0.,0.,1.));
#2372=DIRECTION('ref_axis',(1.,0.,0.));
#2373=DIRECTION('center_axis',(0.,0.,1.));
#2374=DIRECTION('ref_axis',(1.,0.,0.));
#2375=DIRECTION('center_axis',(0.,0.,1.));
#2376=DIRECTION('ref_axis',(1.,0.,0.));
#2377=DIRECTION('center_axis',(0.,0.,-1.));
#2378=DIRECTION('ref_axis',(1.,0.,0.));
#2379=DIRECTION('',(0.,0.,1.));
#2380=DIRECTION('center_axis',(0.,0.,-1.));
#2381=DIRECTION('ref_axis',(1.,0.,0.));
#2382=DIRECTION('',(0.,0.,1.));
#2383=CARTESIAN_POINT('',(0.,0.,0.));
#2384=CARTESIAN_POINT('Origin',(-29.7301278295454,-24.4000008106232,-2.));
#2385=CARTESIAN_POINT('',(-26.0220285859975,-25.4000008106232,-3.5));
#2386=CARTESIAN_POINT('',(-29.7301278295454,-25.4000008106232,-6.));
#2387=CARTESIAN_POINT('Origin',(-29.7301278295454,-25.4000008106232,-2.));
#2388=CARTESIAN_POINT('',(-29.7301278295454,-24.4000008106232,-7.));
#2389=CARTESIAN_POINT('Origin',(-29.7301278295454,-24.4000008106232,-6.));
#2390=CARTESIAN_POINT('',(-25.4000008106232,-24.4000008106232,-4.5));
#2391=CARTESIAN_POINT('Origin',(-29.7301278295454,-24.4000008106232,-2.));
#2392=CARTESIAN_POINT('Ctrl Pts',(-25.4000008106232,-24.4000008106232,-4.5));
#2393=CARTESIAN_POINT('Ctrl Pts',(-25.4000008106232,-24.513635097544,-4.5));
#2394=CARTESIAN_POINT('Ctrl Pts',(-25.411145419024,-24.6254620812789,-4.48062946033858));
#2395=CARTESIAN_POINT('Ctrl Pts',(-25.4555031782215,-24.8429676468082,-4.40437858241658));
#2396=CARTESIAN_POINT('Ctrl Pts',(-25.4894181268206,-24.9445588986934,-4.34635874252811));
#2397=CARTESIAN_POINT('Ctrl Pts',(-25.5810325753298,-25.1329873679202,-4.19252016871271));
#2398=CARTESIAN_POINT('Ctrl Pts',(-25.6404311264326,-25.2135189414948,-4.0942444801861));
#2399=CARTESIAN_POINT('Ctrl Pts',(-25.7533234310726,-25.3149690619277,-3.91256062102467));
#2400=CARTESIAN_POINT('Ctrl Pts',(-25.8030566087844,-25.3462702232256,-3.83384215244966));
#2401=CARTESIAN_POINT('Ctrl Pts',(-25.9078790868736,-25.3888752537337,-3.67135365969159));
#2402=CARTESIAN_POINT('Ctrl Pts',(-25.9630107324493,-25.3996224383726,-3.5876063352224));
#2403=CARTESIAN_POINT('Ctrl Pts',(-26.0200375115476,-25.3999975391065,-3.50295383548843));
#2404=CARTESIAN_POINT('Ctrl Pts',(-26.0210329109898,-25.4000008106232,-3.50147682469725));
#2405=CARTESIAN_POINT('Ctrl Pts',(-26.0220285859975,-25.4000008106232,-3.5));
#2406=CARTESIAN_POINT('Origin',(-20.6375010639429,24.4000008106232,-3.5));
#2407=CARTESIAN_POINT('',(-26.0220285859975,25.4000008106232,-3.5));
#2408=CARTESIAN_POINT('',(64.1220281806859,25.4000008106232,-3.5));
#2409=CARTESIAN_POINT('',(-20.6375010639429,25.4000008106232,-3.5));
#2410=CARTESIAN_POINT('',(63.5000004053116,24.4000008106232,-4.5));
#2411=CARTESIAN_POINT('Ctrl Pts',(64.1220281806859,25.4000008106232,-3.5));
#2412=CARTESIAN_POINT('Ctrl Pts',(64.1210325056782,25.4000008106232,-3.5014768246972));
#2413=CARTESIAN_POINT('Ctrl Pts',(64.1200371062359,25.3999975391065,-3.50295383548849));
#2414=CARTESIAN_POINT('Ctrl Pts',(64.0630103271386,25.3996224383726,-3.58760633522109));
#2415=CARTESIAN_POINT('Ctrl Pts',(64.0078786815622,25.3888752537337,-3.67135365969134));
#2416=CARTESIAN_POINT('Ctrl Pts',(63.9030562034728,25.3462702232256,-3.83384215244966));
#2417=CARTESIAN_POINT('Ctrl Pts',(63.853323025761,25.3149690619277,-3.91256062102468));
#2418=CARTESIAN_POINT('Ctrl Pts',(63.740430721121,25.2135189414948,-4.0942444801861));
#2419=CARTESIAN_POINT('Ctrl Pts',(63.6810321700183,25.1329873679202,-4.19252016871271));
#2420=CARTESIAN_POINT('Ctrl Pts',(63.589417721509,24.9445588986934,-4.34635874252811));
#2421=CARTESIAN_POINT('Ctrl Pts',(63.5555027729099,24.8429676468082,-4.40437858241658));
#2422=CARTESIAN_POINT('Ctrl Pts',(63.5111450137124,24.625462081279,-4.48062946033858));
#2423=CARTESIAN_POINT('Ctrl Pts',(63.5000004053116,24.513635097544,-4.5));
#2424=CARTESIAN_POINT('Ctrl Pts',(63.5000004053116,24.4000008106232,-4.5));
#2425=CARTESIAN_POINT('',(-25.4000008106232,24.4000008106232,-4.5));
#2426=CARTESIAN_POINT('',(-20.6375010639429,24.4000008106232,-4.5));
#2427=CARTESIAN_POINT('Ctrl Pts',(-26.0220285859975,25.4000008106232,-3.5));
#2428=CARTESIAN_POINT('Ctrl Pts',(-26.0210329109898,25.4000008106232,-3.50147682469725));
#2429=CARTESIAN_POINT('Ctrl Pts',(-26.0200375115476,25.3999975391065,-3.50295383548843));
#2430=CARTESIAN_POINT('Ctrl Pts',(-25.9630107324493,25.3996224383726,-3.58760633522242));
#2431=CARTESIAN_POINT('Ctrl Pts',(-25.9078790868736,25.3888752537337,-3.6713536596916));
#2432=CARTESIAN_POINT('Ctrl Pts',(-25.8030566087844,25.3462702232256,-3.83384215244968));
#2433=CARTESIAN_POINT('Ctrl Pts',(-25.7533234310726,25.3149690619277,-3.91256062102468));
#2434=CARTESIAN_POINT('Ctrl Pts',(-25.6404311264326,25.2135189414948,-4.09424448018608));
#2435=CARTESIAN_POINT('Ctrl Pts',(-25.5810325753298,25.1329873679202,-4.19252016871271));
#2436=CARTESIAN_POINT('Ctrl Pts',(-25.4894181268206,24.9445588986933,-4.34635874252812));
#2437=CARTESIAN_POINT('Ctrl Pts',(-25.4555031782215,24.8429676468082,-4.40437858241658));
#2438=CARTESIAN_POINT('Ctrl Pts',(-25.411145419024,24.6254620812789,-4.48062946033858));
#2439=CARTESIAN_POINT('Ctrl Pts',(-25.4000008106232,24.513635097544,-4.5));
#2440=CARTESIAN_POINT('Ctrl Pts',(-25.4000008106232,24.4000008106232,-4.5));
#2441=CARTESIAN_POINT('Origin',(67.8301274242338,24.4000008106232,-2.));
#2442=CARTESIAN_POINT('',(67.8301274242338,25.4000008106232,-6.));
#2443=CARTESIAN_POINT('Origin',(67.8301274242338,25.4000008106232,-2.));
#2444=CARTESIAN_POINT('',(67.8301274242338,24.4000008106232,-7.));
#2445=CARTESIAN_POINT('Origin',(67.8301274242338,24.4000008106232,-6.));
#2446=CARTESIAN_POINT('Origin',(67.8301274242338,24.4000008106232,-2.));
#2447=CARTESIAN_POINT('Origin',(21.2950636843122,24.4000008106232,-6.));
#2448=CARTESIAN_POINT('',(76.2000012159348,25.4000008106232,-6.));
#2449=CARTESIAN_POINT('',(76.2000012159348,24.4000008106232,-7.));
#2450=CARTESIAN_POINT('Origin',(76.2000012159348,24.4000008106232,-6.));
#2451=CARTESIAN_POINT('',(21.2950636843122,24.4000008106232,-7.));
#2452=CARTESIAN_POINT('',(21.2950636843122,25.4000008106232,-6.));
#2453=CARTESIAN_POINT('Origin',(76.2000012159348,12.7000008106232,-6.));
#2454=CARTESIAN_POINT('',(88.9000012159348,12.7000008106232,-6.));
#2455=CARTESIAN_POINT('',(87.9000012159347,12.7000008106232,-7.));
#2456=CARTESIAN_POINT('Origin',(87.9000012159347,12.7000008106232,-6.));
#2457=CARTESIAN_POINT('Origin',(76.2000012159348,12.7000008106232,-7.));
#2458=CARTESIAN_POINT('Origin',(76.2000012159348,12.7000008106232,-6.));
#2459=CARTESIAN_POINT('Origin',(87.8999990214911,4.10493543901036,-6.));
#2460=CARTESIAN_POINT('',(88.8999979734421,0.,-6.));
#2461=CARTESIAN_POINT('',(87.8999979734421,2.55314367425541E-7,-7.));
#2462=CARTESIAN_POINT('Origin',(87.8999979734421,2.55314367425541E-7,-6.));
#2463=CARTESIAN_POINT('',(87.8999990214911,4.10493543901036,-7.));
#2464=CARTESIAN_POINT('',(88.899999021491,4.10493518369599,-6.));
#2465=CARTESIAN_POINT('Origin',(87.8999969253927,4.10493702447913,-6.));
#2466=CARTESIAN_POINT('',(88.9000012159348,-12.7000008106232,-6.));
#2467=CARTESIAN_POINT('',(88.8999969253926,4.1049372797935,-6.));
#2468=CARTESIAN_POINT('',(87.9000012159348,-12.7000010659376,-7.));
#2469=CARTESIAN_POINT('Origin',(87.9000012159348,-12.7000010659376,-6.));
#2470=CARTESIAN_POINT('',(87.8999969253927,4.10493702447913,-7.));
#2471=CARTESIAN_POINT('Origin',(76.2000012159348,-12.7000008106232,-6.));
#2472=CARTESIAN_POINT('',(76.2000012159348,-25.4000008106232,-6.));
#2473=CARTESIAN_POINT('',(76.2000012159347,-24.4000008106232,-7.));
#2474=CARTESIAN_POINT('Origin',(76.2000012159347,-24.4000008106232,-6.));
#2475=CARTESIAN_POINT('Origin',(76.2000012159348,-12.7000008106232,-7.));
#2476=CARTESIAN_POINT('Origin',(76.2000012159348,-12.7000008106232,-6.));
#2477=CARTESIAN_POINT('Origin',(21.2950636843122,-24.4000008106232,-6.));
#2478=CARTESIAN_POINT('',(67.8301274242338,-25.4000008106232,-6.));
#2479=CARTESIAN_POINT('',(67.8301274242338,-24.4000008106232,-7.));
#2480=CARTESIAN_POINT('Origin',(67.8301274242338,-24.4000008106232,-6.));
#2481=CARTESIAN_POINT('',(21.2950636843122,-24.4000008106232,-7.));
#2482=CARTESIAN_POINT('',(21.2950636843122,-25.4000008106232,-6.));
#2483=CARTESIAN_POINT('Origin',(67.8301274242338,-24.4000008106232,-2.));
#2484=CARTESIAN_POINT('',(63.5000004053116,-24.4000008106232,-4.5));
#2485=CARTESIAN_POINT('Origin',(67.8301274242338,-24.4000008106232,-2.));
#2486=CARTESIAN_POINT('',(64.1220281806859,-25.4000008106232,-3.5));
#2487=CARTESIAN_POINT('Origin',(67.8301274242338,-25.4000008106232,-2.));
#2488=CARTESIAN_POINT('Ctrl Pts',(64.1220281806859,-25.4000008106232,-3.5));
#2489=CARTESIAN_POINT('Ctrl Pts',(64.1210325056782,-25.4000008106232,-3.50147682469717));
#2490=CARTESIAN_POINT('Ctrl Pts',(64.1200371062359,-25.3999975391065,-3.50295383548852));
#2491=CARTESIAN_POINT('Ctrl Pts',(64.063010327139,-25.3996224383726,-3.58760633522045));
#2492=CARTESIAN_POINT('Ctrl Pts',(64.0078786815622,-25.3888752537338,-3.67135365969123));
#2493=CARTESIAN_POINT('Ctrl Pts',(63.9030562034728,-25.3462702232256,-3.83384215244966));
#2494=CARTESIAN_POINT('Ctrl Pts',(63.853323025761,-25.3149690619277,-3.91256062102467));
#2495=CARTESIAN_POINT('Ctrl Pts',(63.740430721121,-25.2135189414948,-4.09424448018608));
#2496=CARTESIAN_POINT('Ctrl Pts',(63.6810321700183,-25.1329873679202,-4.1925201687127));
#2497=CARTESIAN_POINT('Ctrl Pts',(63.589417721509,-24.9445588986933,-4.34635874252811));
#2498=CARTESIAN_POINT('Ctrl Pts',(63.5555027729099,-24.8429676468082,-4.40437858241658));
#2499=CARTESIAN_POINT('Ctrl Pts',(63.5111450137124,-24.625462081279,-4.48062946033858));
#2500=CARTESIAN_POINT('Ctrl Pts',(63.5000004053116,-24.513635097544,-4.5));
#2501=CARTESIAN_POINT('Ctrl Pts',(63.5000004053116,-24.4000008106232,-4.5));
#2502=CARTESIAN_POINT('Origin',(-20.6375010639429,-24.4000008106232,-3.5));
#2503=CARTESIAN_POINT('',(-20.6375010639429,-24.4000008106232,-4.5));
#2504=CARTESIAN_POINT('',(-20.6375010639429,-25.4000008106232,-3.5));
#2505=CARTESIAN_POINT('Origin',(-40.3450655082143,-24.4000008106232,-6.));
#2506=CARTESIAN_POINT('',(-38.1000016212463,-25.4000008106232,-6.));
#2507=CARTESIAN_POINT('',(-38.1000016212463,-24.4000008106232,-7.));
#2508=CARTESIAN_POINT('Origin',(-38.1000016212463,-24.4000008106232,-6.));
#2509=CARTESIAN_POINT('',(-40.3450655082143,-24.4000008106232,-7.));
#2510=CARTESIAN_POINT('',(-40.3450655082143,-25.4000008106232,-6.));
#2511=CARTESIAN_POINT('Origin',(-38.1000016212463,-12.7000008106232,-6.));
#2512=CARTESIAN_POINT('',(-50.8000016212463,-12.7000008106232,-6.));
#2513=CARTESIAN_POINT('',(-49.8000016212463,-12.7000008106232,-7.));
#2514=CARTESIAN_POINT('Origin',(-49.8000016212463,-12.7000008106232,-6.));
#2515=CARTESIAN_POINT('Origin',(-38.1000016212463,-12.7000008106232,-7.));
#2516=CARTESIAN_POINT('Origin',(-38.1000016212463,-12.7000008106232,-6.));
#2517=CARTESIAN_POINT('Origin',(-49.7999973307042,4.10493702447913,-6.));
#2518=CARTESIAN_POINT('',(-50.7999983787537,0.,-6.));
#2519=CARTESIAN_POINT('',(-49.7999983787537,-2.55314367425541E-7,-7.));
#2520=CARTESIAN_POINT('Origin',(-49.7999983787537,-2.55314367425541E-7,
-6.));
#2521=CARTESIAN_POINT('',(-49.7999973307042,4.10493702447913,-7.));
#2522=CARTESIAN_POINT('',(-50.7999973307042,4.1049372797935,-6.));
#2523=CARTESIAN_POINT('Origin',(-49.7999994268026,4.10493543901036,-6.));
#2524=CARTESIAN_POINT('',(-50.8000016212463,12.7000008106232,-6.));
#2525=CARTESIAN_POINT('',(-50.7999994268026,4.10493518369599,-6.));
#2526=CARTESIAN_POINT('',(-49.8000016212464,12.7000010659376,-7.));
#2527=CARTESIAN_POINT('Origin',(-49.8000016212464,12.7000010659376,-6.));
#2528=CARTESIAN_POINT('',(-49.7999994268026,4.10493543901036,-7.));
#2529=CARTESIAN_POINT('Origin',(-38.1000016212463,12.7000008106232,-6.));
#2530=CARTESIAN_POINT('',(-38.1000016212463,25.4000008106232,-6.));
#2531=CARTESIAN_POINT('',(-38.1000016212463,24.4000008106232,-7.));
#2532=CARTESIAN_POINT('Origin',(-38.1000016212463,24.4000008106232,-6.));
#2533=CARTESIAN_POINT('Origin',(-38.1000016212463,12.7000008106232,-7.));
#2534=CARTESIAN_POINT('Origin',(-38.1000016212463,12.7000008106232,-6.));
#2535=CARTESIAN_POINT('Origin',(-40.3450655082143,24.4000008106232,-6.));
#2536=CARTESIAN_POINT('',(-29.7301278295454,25.4000008106232,-6.));
#2537=CARTESIAN_POINT('',(-29.7301278295454,24.4000008106232,-7.));
#2538=CARTESIAN_POINT('Origin',(-29.7301278295454,24.4000008106232,-6.));
#2539=CARTESIAN_POINT('',(-40.3450655082143,24.4000008106232,-7.));
#2540=CARTESIAN_POINT('',(-40.3450655082143,25.4000008106232,-6.));
#2541=CARTESIAN_POINT('Origin',(-29.7301278295454,24.4000008106232,-2.));
#2542=CARTESIAN_POINT('Origin',(-29.7301278295454,24.4000008106232,-2.));
#2543=CARTESIAN_POINT('Origin',(-29.7301278295454,25.4000008106232,-2.));
#2544=CARTESIAN_POINT('Origin',(76.2000012159348,-12.7000008106232,0.));
#2545=CARTESIAN_POINT('',(88.9000012159348,-12.7000008106232,-2.));
#2546=CARTESIAN_POINT('',(88.9000012159348,-12.7000008106232,0.));
#2547=CARTESIAN_POINT('',(76.2000012159348,-25.4000008106232,-2.));
#2548=CARTESIAN_POINT('Origin',(76.2000012159348,-12.7000008106232,-2.));
#2549=CARTESIAN_POINT('',(76.2000012159348,-25.4000008106232,0.));
#2550=CARTESIAN_POINT('Origin',(88.8999979734421,0.,0.));
#2551=CARTESIAN_POINT('',(88.8999979734421,0.,-2.));
#2552=CARTESIAN_POINT('',(88.8999979734421,0.,0.));
#2553=CARTESIAN_POINT('',(88.8999969253886,4.1049530174041,-2.));
#2554=CARTESIAN_POINT('Origin',(88.8999979734421,0.,0.));
#2555=CARTESIAN_POINT('',(88.9000012159348,12.7000008106232,-2.));
#2556=CARTESIAN_POINT('',(88.9000012159348,12.7000008106232,0.));
#2557=CARTESIAN_POINT('',(88.899999021487,4.1049194460854,-2.));
#2558=CARTESIAN_POINT('Origin',(76.2000012159348,12.7000008106232,0.));
#2559=CARTESIAN_POINT('',(76.2000012159348,25.4000008106232,-2.));
#2560=CARTESIAN_POINT('',(76.2000012159348,25.4000008106232,0.));
#2561=CARTESIAN_POINT('Origin',(76.2000012159348,12.7000008106232,-2.));
#2562=CARTESIAN_POINT('Origin',(-38.1000016212463,25.4000008106232,0.));
#2563=CARTESIAN_POINT('',(-38.1000016212463,25.4000008106232,-2.));
#2564=CARTESIAN_POINT('',(-38.1000016212463,25.4000008106232,0.));
#2565=CARTESIAN_POINT('',(-40.3450655082143,25.4000008106232,-2.));
#2566=CARTESIAN_POINT('Origin',(-42.5901293951823,8.20987246349003,-7.));
#2567=CARTESIAN_POINT('',(-29.7301278295454,12.7000004053116,-7.));
#2568=CARTESIAN_POINT('',(-44.1401293951823,8.20987246349003,-7.));
#2569=CARTESIAN_POINT('Origin',(-42.5901293951823,8.20987246349003,-7.));
#2570=CARTESIAN_POINT('',(-35.1598726313755,17.1901279418215,-7.));
#2571=CARTESIAN_POINT('Origin',(-33.6098726313756,17.1901279418215,-7.));
#2572=CARTESIAN_POINT('',(-35.059439348191,9.65944152298148,-7.));
#2573=CARTESIAN_POINT('Origin',(-38.0999983787537,12.7000008106232,-7.));
#2574=CARTESIAN_POINT('',(-35.059439348191,-9.65944152298148,-7.));
#2575=CARTESIAN_POINT('Origin',(-38.0999983787537,-12.7000008106232,-7.));
#2576=CARTESIAN_POINT('',(-35.1598726313755,-17.1901279418215,-7.));
#2577=CARTESIAN_POINT('Origin',(-33.6098726313756,-17.1901279418215,-7.));
#2578=CARTESIAN_POINT('',(-44.1401293951823,-8.20987246349003,-7.));
#2579=CARTESIAN_POINT('Origin',(-42.5901293951823,-8.20987246349003,-7.));
#2580=CARTESIAN_POINT('Origin',(-29.7301278295454,12.7000004053116,-2.));
#2581=CARTESIAN_POINT('',(-25.4000008106232,12.7000004053116,-4.5));
#2582=CARTESIAN_POINT('Origin',(76.2000012159348,12.7000008106232,-2.));
#2583=CARTESIAN_POINT('',(76.2000012159348,23.4000008106232,0.));
#2584=CARTESIAN_POINT('Origin',(76.2000012159348,23.4000008106232,-2.));
#2585=CARTESIAN_POINT('',(86.9000012159348,12.7000008106232,0.));
#2586=CARTESIAN_POINT('Origin',(76.2000012159348,12.7000008106232,0.));
#2587=CARTESIAN_POINT('Origin',(86.9000012159348,12.7000008106232,-2.));
#2588=CARTESIAN_POINT('Origin',(86.899999021487,4.10491995671413,-2.));
#2589=CARTESIAN_POINT('',(86.8999979734421,5.10628734851082E-7,0.));
#2590=CARTESIAN_POINT('Origin',(86.8999979734421,5.10628734851082E-7,-2.));
#2591=CARTESIAN_POINT('',(86.899999021487,4.10491995671413,0.));
#2592=CARTESIAN_POINT('Origin',(86.8999969253886,4.10495250677536,-2.));
#2593=CARTESIAN_POINT('',(86.9000012159348,-12.7000013212519,0.));
#2594=CARTESIAN_POINT('',(86.8999969253886,4.10495250677536,0.));
#2595=CARTESIAN_POINT('Origin',(86.9000012159348,-12.7000013212519,-2.));
#2596=CARTESIAN_POINT('Origin',(76.2000012159348,-12.7000008106232,-2.));
#2597=CARTESIAN_POINT('',(76.2000012159348,-23.4000008106232,0.));
#2598=CARTESIAN_POINT('Origin',(76.2000012159348,-23.4000008106232,-2.));
#2599=CARTESIAN_POINT('Origin',(76.2000012159348,-12.7000008106232,0.));
#2600=CARTESIAN_POINT('Origin',(-40.3450655082143,-23.4000008106232,-2.));
#2601=CARTESIAN_POINT('',(-38.1000016212463,-23.4000008106232,0.));
#2602=CARTESIAN_POINT('',(-38.1000016212463,-25.4000008106232,-2.));
#2603=CARTESIAN_POINT('Origin',(-38.1000016212463,-23.4000008106232,-2.));
#2604=CARTESIAN_POINT('',(-40.3450655082143,-25.4000008106232,-2.));
#2605=CARTESIAN_POINT('',(-40.3450655082143,-23.4000008106232,0.));
#2606=CARTESIAN_POINT('Origin',(-38.1000016212463,-12.7000008106232,-2.));
#2607=CARTESIAN_POINT('',(-48.8000016212463,-12.7000008106232,0.));
#2608=CARTESIAN_POINT('',(-50.8000016212463,-12.7000008106232,-2.));
#2609=CARTESIAN_POINT('Origin',(-48.8000016212463,-12.7000008106232,-2.));
#2610=CARTESIAN_POINT('Origin',(-38.1000016212463,-12.7000008106232,-2.));
#2611=CARTESIAN_POINT('Origin',(-38.1000016212463,-12.7000008106232,0.));
#2612=CARTESIAN_POINT('Origin',(-48.7999973307043,4.10493676916477,-2.));
#2613=CARTESIAN_POINT('',(-48.7999983787537,-5.10628734851082E-7,0.));
#2614=CARTESIAN_POINT('',(-50.7999983787537,0.,-2.));
#2615=CARTESIAN_POINT('Origin',(-48.7999983787537,-5.10628734851082E-7,
-2.));
#2616=CARTESIAN_POINT('',(-50.7999973307042,4.1049372797935,-2.));
#2617=CARTESIAN_POINT('',(-48.7999973307043,4.10493676916477,0.));
#2618=CARTESIAN_POINT('Origin',(-48.7999994268026,4.10493569432473,-2.));
#2619=CARTESIAN_POINT('',(-48.8000016212464,12.7000013212519,0.));
#2620=CARTESIAN_POINT('',(-48.7999994268026,4.10493569432473,0.));
#2621=CARTESIAN_POINT('',(-50.8000016212463,12.7000008106232,-2.));
#2622=CARTESIAN_POINT('Origin',(-48.8000016212464,12.7000013212519,-2.));
#2623=CARTESIAN_POINT('',(-50.7999994268026,4.10493518369599,-2.));
#2624=CARTESIAN_POINT('Origin',(-38.1000016212463,12.7000008106232,-2.));
#2625=CARTESIAN_POINT('',(-38.1000016212463,23.4000008106232,0.));
#2626=CARTESIAN_POINT('Origin',(-38.1000016212463,23.4000008106232,-2.));
#2627=CARTESIAN_POINT('Origin',(-38.1000016212463,12.7000008106232,-2.));
#2628=CARTESIAN_POINT('Origin',(-38.1000016212463,12.7000008106232,0.));
#2629=CARTESIAN_POINT('Origin',(-40.3450655082143,23.4000008106232,-2.));
#2630=CARTESIAN_POINT('',(-40.3450655082143,23.4000008106232,0.));
#2631=CARTESIAN_POINT('Origin',(-50.7999983787537,0.,0.));
#2632=CARTESIAN_POINT('',(-50.8000016212463,-12.7000008106232,0.));
#2633=CARTESIAN_POINT('',(-50.7999983787537,0.,0.));
#2634=CARTESIAN_POINT('Origin',(-50.7999983787537,0.,0.));
#2635=CARTESIAN_POINT('',(-50.8000016212463,12.7000008106232,0.));
#2636=CARTESIAN_POINT('Origin',(-38.1000016212463,12.7000008106232,0.));
#2637=CARTESIAN_POINT('Origin',(-42.5901293951823,8.20987246349003,0.));
#2638=CARTESIAN_POINT('',(-29.7098726313755,17.1901279418215,0.));
#2639=CARTESIAN_POINT('Origin',(-33.6098726313756,17.1901279418215,0.));
#2640=CARTESIAN_POINT('',(-38.6901293951823,8.20987246349003,0.));
#2641=CARTESIAN_POINT('Origin',(-42.5901293951823,8.20987246349003,0.));
#2642=CARTESIAN_POINT('',(-38.6901293951823,-8.20987246349003,0.));
#2643=CARTESIAN_POINT('Origin',(-42.5901293951823,-8.20987246349003,0.));
#2644=CARTESIAN_POINT('',(-29.7098726313755,-17.1901279418215,0.));
#2645=CARTESIAN_POINT('Origin',(-33.6098726313756,-17.1901279418215,0.));
#2646=CARTESIAN_POINT('',(67.809872226064,-17.1901279418215,0.));
#2647=CARTESIAN_POINT('Origin',(71.709872226064,-17.1901279418215,0.));
#2648=CARTESIAN_POINT('',(76.7901289898708,-8.20987246349003,0.));
#2649=CARTESIAN_POINT('Origin',(80.6901289898708,-8.20987246349003,0.));
#2650=CARTESIAN_POINT('',(76.7901289898708,8.20987246349003,0.));
#2651=CARTESIAN_POINT('Origin',(80.6901289898708,8.20987246349003,0.));
#2652=CARTESIAN_POINT('',(67.809872226064,17.1901279418215,0.));
#2653=CARTESIAN_POINT('Origin',(71.709872226064,17.1901279418215,0.));
#2654=CARTESIAN_POINT('Origin',(67.8301274242338,12.7000004053116,-2.));
#2655=CARTESIAN_POINT('',(63.5000004053116,12.7000004053116,-4.5));
#2656=CARTESIAN_POINT('',(67.8301274242338,12.7000004053116,-7.));
#2657=CARTESIAN_POINT('Origin',(-38.1000016212463,-25.4000008106232,0.));
#2658=CARTESIAN_POINT('',(-38.1000016212463,-25.4000008106232,0.));
#2659=CARTESIAN_POINT('Origin',(3.79999979734421,15.25,-4.5));
#2660=CARTESIAN_POINT('',(1.64999979734421,15.25,-4.5));
#2661=CARTESIAN_POINT('Origin',(3.79999979734421,15.25,-4.5));
#2662=CARTESIAN_POINT('',(1.64999979734421,15.25,-0.5));
#2663=CARTESIAN_POINT('',(1.64999979734421,15.25,-4.5));
#2664=CARTESIAN_POINT('Origin',(3.79999979734421,15.25,-0.5));
#2665=CARTESIAN_POINT('Origin',(3.79999979734421,15.25,-0.5));
#2666=CARTESIAN_POINT('Origin',(34.2999997973442,15.25,-4.5));
#2667=CARTESIAN_POINT('',(32.1499997973442,15.25,-4.5));
#2668=CARTESIAN_POINT('Origin',(34.2999997973442,15.25,-4.5));
#2669=CARTESIAN_POINT('',(32.1499997973442,15.25,-0.5));
#2670=CARTESIAN_POINT('',(32.1499997973442,15.25,-4.5));
#2671=CARTESIAN_POINT('Origin',(34.2999997973442,15.25,-0.5));
#2672=CARTESIAN_POINT('Origin',(34.2999997973442,15.25,-0.5));
#2673=CARTESIAN_POINT('Origin',(3.79999979734421,-15.25,-4.5));
#2674=CARTESIAN_POINT('',(1.64999979734421,-15.25,-4.5));
#2675=CARTESIAN_POINT('Origin',(3.79999979734421,-15.25,-4.5));
#2676=CARTESIAN_POINT('',(1.64999979734421,-15.25,-0.5));
#2677=CARTESIAN_POINT('',(1.64999979734421,-15.25,-4.5));
#2678=CARTESIAN_POINT('Origin',(3.79999979734421,-15.25,-0.5));
#2679=CARTESIAN_POINT('Origin',(3.79999979734421,-15.25,-0.5));
#2680=CARTESIAN_POINT('Origin',(34.2999997973442,-15.25,-4.5));
#2681=CARTESIAN_POINT('',(32.1499997973442,-15.25,-4.5));
#2682=CARTESIAN_POINT('Origin',(34.2999997973442,-15.25,-4.5));
#2683=CARTESIAN_POINT('',(32.1499997973442,-15.25,-0.5));
#2684=CARTESIAN_POINT('',(32.1499997973442,-15.25,-4.5));
#2685=CARTESIAN_POINT('Origin',(34.2999997973442,-15.25,-0.5));
#2686=CARTESIAN_POINT('Origin',(34.2999997973442,-15.25,-0.5));
#2687=CARTESIAN_POINT('Ctrl Pts',(73.5246669949374,-10.0246696059194,-9.));
#2688=CARTESIAN_POINT('Ctrl Pts',(73.5228042977188,-10.0479719207366,-9.));
#2689=CARTESIAN_POINT('Ctrl Pts',(73.5237325840696,-10.0946262393232,-9.));
#2690=CARTESIAN_POINT('Ctrl Pts',(73.5348613312244,-10.187467329554,-9.));
#2691=CARTESIAN_POINT('Ctrl Pts',(73.5709253468827,-10.3477739949585,-9.));
#2692=CARTESIAN_POINT('Ctrl Pts',(73.6795586523469,-10.6551539481263,-9.));
#2693=CARTESIAN_POINT('Ctrl Pts',(73.9776184601677,-11.2433057294625,-9.));
#2694=CARTESIAN_POINT('Ctrl Pts',(74.7210967426657,-12.3193927257952,-9.));
#2695=CARTESIAN_POINT('Ctrl Pts',(75.743887160453,-13.4233623770161,-9.));
#2696=CARTESIAN_POINT('Ctrl Pts',(76.8876558031537,-14.3927687790188,-9.));
#2697=CARTESIAN_POINT('Ctrl Pts',(77.6588892565759,-14.9231911704515,-9.));
#2698=CARTESIAN_POINT('Ctrl Pts',(78.2435573406686,-15.2200077389617,-9.));
#2699=CARTESIAN_POINT('Ctrl Pts',(78.5528022495686,-15.3292806277844,-9.));
#2700=CARTESIAN_POINT('Ctrl Pts',(78.7122091563411,-15.3650908123224,-9.));
#2701=CARTESIAN_POINT('Ctrl Pts',(78.8054188841238,-15.3762976259227,-9.));
#2702=CARTESIAN_POINT('Ctrl Pts',(78.8519913777396,-15.3771975290595,-9.));
#2703=CARTESIAN_POINT('Ctrl Pts',(78.8753289519467,-15.3753320153269,-9.));
#2704=CARTESIAN_POINT('Ctrl Pts',(73.3941835180435,-10.014239259776,-9.));
#2705=CARTESIAN_POINT('Ctrl Pts',(73.3915308786365,-10.0474237397542,-9.));
#2706=CARTESIAN_POINT('Ctrl Pts',(73.3929570780573,-10.104901217685,-9.));
#2707=CARTESIAN_POINT('Ctrl Pts',(73.4058071460145,-10.2118737328247,-9.));
#2708=CARTESIAN_POINT('Ctrl Pts',(73.4454218970346,-10.386640124462,-9.));
#2709=CARTESIAN_POINT('Ctrl Pts',(73.5598619485511,-10.709701486436,-9.));
#2710=CARTESIAN_POINT('Ctrl Pts',(73.8661705466805,-11.3131610343082,-9.));
#2711=CARTESIAN_POINT('Ctrl Pts',(74.6202238021684,-12.4038418148268,-9.));
#2712=CARTESIAN_POINT('Ctrl Pts',(75.6518809627323,-13.5171959212221,-9.));
#2713=CARTESIAN_POINT('Ctrl Pts',(76.8073066364044,-14.4966997615045,-9.));
#2714=CARTESIAN_POINT('Ctrl Pts',(77.589088741859,-15.0346553949754,-9.));
#2715=CARTESIAN_POINT('Ctrl Pts',(78.1889303800586,-15.3396903818951,-9.));
#2716=CARTESIAN_POINT('Ctrl Pts',(78.5139532875894,-15.4547972270393,-9.));
#2717=CARTESIAN_POINT('Ctrl Pts',(78.6877485313303,-15.4941418547927,-9.));
#2718=CARTESIAN_POINT('Ctrl Pts',(78.7951292975698,-15.5070768532273,-9.));
#2719=CARTESIAN_POINT('Ctrl Pts',(78.8525245947067,-15.5084721434652,-9.));
#2720=CARTESIAN_POINT('Ctrl Pts',(78.8857592870578,-15.5058154931027,-9.));
#2721=CARTESIAN_POINT('Ctrl Pts',(73.1343891933416,-9.99347230293787,-8.8915227121532));
#2722=CARTESIAN_POINT('Ctrl Pts',(73.1301705229658,-10.0462478073106,-8.8915227121532));
#2723=CARTESIAN_POINT('Ctrl Pts',(73.1325845027363,-10.1251841545573,-8.8915227121532));
#2724=CARTESIAN_POINT('Ctrl Pts',(73.1488486344377,-10.2601761979701,-8.89152271215319));
#2725=CARTESIAN_POINT('Ctrl Pts',(73.1955057473619,-10.4636189486744,-8.8915227121532));
#2726=CARTESIAN_POINT('Ctrl Pts',(73.3214775735594,-10.8178147485762,-8.8915227121532));
#2727=CARTESIAN_POINT('Ctrl Pts',(73.6441758790388,-11.4517261893797,-8.89152271215319));
#2728=CARTESIAN_POINT('Ctrl Pts',(74.419381950388,-12.5716276768638,-8.89152271215319));
#2729=CARTESIAN_POINT('Ctrl Pts',(75.46882658371,-13.7038889892469,-8.8915227121532));
#2730=CARTESIAN_POINT('Ctrl Pts',(76.6477772205144,-14.703691478301,-8.89152271215319));
#2731=CARTESIAN_POINT('Ctrl Pts',(77.4506090623936,-15.2566672094444,-8.8915227121532));
#2732=CARTESIAN_POINT('Ctrl Pts',(78.0806634040657,-15.5780496751053,-8.8915227121532));
#2733=CARTESIAN_POINT('Ctrl Pts',(78.4370075846972,-15.7047388703821,-8.8915227121532));
#2734=CARTESIAN_POINT('Ctrl Pts',(78.6393386735366,-15.7510942251885,-8.8915227121532));
#2735=CARTESIAN_POINT('Ctrl Pts',(78.7748173167961,-15.7674567548839,-8.8915227121532));
#2736=CARTESIAN_POINT('Ctrl Pts',(78.853670861453,-15.7698348688279,-8.8915227121532));
#2737=CARTESIAN_POINT('Ctrl Pts',(78.9065262219303,-15.7656098195605,-8.8915227121532));
#2738=CARTESIAN_POINT('Ctrl Pts',(73.0262568267897,-9.98482861839409,-8.63089969389957));
#2739=CARTESIAN_POINT('Ctrl Pts',(73.0213759910293,-10.0458878019928,-8.63089969389957));
#2740=CARTESIAN_POINT('Ctrl Pts',(73.0242065784811,-10.1338939804934,-8.63089969389958));
#2741=CARTESIAN_POINT('Ctrl Pts',(73.0419118037785,-10.2807265994721,-8.63089969389957));
#2742=CARTESIAN_POINT('Ctrl Pts',(73.0915417770658,-10.4962784444751,-8.63089969389957));
#2743=CARTESIAN_POINT('Ctrl Pts',(73.2223586363661,-10.8635670876502,-8.63089969389958));
#2744=CARTESIAN_POINT('Ctrl Pts',(73.5519304071377,-11.5101932472775,-8.63089969389957));
#2745=CARTESIAN_POINT('Ctrl Pts',(74.3357907809938,-12.6420053806048,-8.63089969389957));
#2746=CARTESIAN_POINT('Ctrl Pts',(75.3924341923787,-13.7817952461351,-8.63089969389958));
#2747=CARTESIAN_POINT('Ctrl Pts',(76.5806928837916,-14.7897485110131,-8.63089969389957));
#2748=CARTESIAN_POINT('Ctrl Pts',(77.3922137541572,-15.3489433009564,-8.63089969389958));
#2749=CARTESIAN_POINT('Ctrl Pts',(78.034840319149,-15.6771537092315,-8.63089969389957));
#2750=CARTESIAN_POINT('Ctrl Pts',(78.4043634977687,-15.8087145041351,-8.63089969389958));
#2751=CARTESIAN_POINT('Ctrl Pts',(78.6187427094151,-15.8580283219566,-8.63089969389958));
#2752=CARTESIAN_POINT('Ctrl Pts',(78.7660953390015,-15.8758378553834,-8.63089969389958));
#2753=CARTESIAN_POINT('Ctrl Pts',(78.8540183233595,-15.8786304027305,-8.63089969389957));
#2754=CARTESIAN_POINT('Ctrl Pts',(78.9151698973315,-15.8737421868432,-8.63089969389957));
#2755=CARTESIAN_POINT('Ctrl Pts',(73.0262568267897,-9.98482861839409,-8.5));
#2756=CARTESIAN_POINT('Ctrl Pts',(73.0213823261709,-10.0458085494643,-8.5));
#2757=CARTESIAN_POINT('Ctrl Pts',(73.0242095641233,-10.1337301414808,-8.5));
#2758=CARTESIAN_POINT('Ctrl Pts',(73.0419024943265,-10.2804536550115,-8.5));
#2759=CARTESIAN_POINT('Ctrl Pts',(73.091506956672,-10.4958993758148,-8.5));
#2760=CARTESIAN_POINT('Ctrl Pts',(73.2222961156254,-10.8631059928894,-8.5));
#2761=CARTESIAN_POINT('Ctrl Pts',(73.5518362376489,-11.5097076984232,-8.5));
#2762=CARTESIAN_POINT('Ctrl Pts',(74.3357884400376,-12.6416739250342,-8.5));
#2763=CARTESIAN_POINT('Ctrl Pts',(75.392557225929,-13.7816726046709,-8.5));
#2764=CARTESIAN_POINT('Ctrl Pts',(76.5811119863074,-14.7898083127001,-8.5));
#2765=CARTESIAN_POINT('Ctrl Pts',(77.3926771562559,-15.3490230931647,-8.5));
#2766=CARTESIAN_POINT('Ctrl Pts',(78.0353055567622,-15.6772189627202,-8.5));
#2767=CARTESIAN_POINT('Ctrl Pts',(78.4047415727368,-15.8087486801937,-8.5));
#2768=CARTESIAN_POINT('Ctrl Pts',(78.6190161824504,-15.8580377402608,-8.5));
#2769=CARTESIAN_POINT('Ctrl Pts',(78.7662592166589,-15.8758347920742,-8.5));
#2770=CARTESIAN_POINT('Ctrl Pts',(78.8540976958072,-15.8786240580097,-8.5));
#2771=CARTESIAN_POINT('Ctrl Pts',(78.9151698973315,-15.8737421868432,-8.5));
#2772=CARTESIAN_POINT('',(73.0262568267897,-9.98482861839409,-8.5));
#2773=CARTESIAN_POINT('',(73.5246669949374,-10.0246696059194,-9.));
#2774=CARTESIAN_POINT('Ctrl Pts',(73.0262568267897,-9.98482861839409,-8.5));
#2775=CARTESIAN_POINT('Ctrl Pts',(73.0262568267897,-9.98482861839409,-8.63089969389957));
#2776=CARTESIAN_POINT('Ctrl Pts',(73.1343891933416,-9.99347230293787,-8.8915227121532));
#2777=CARTESIAN_POINT('Ctrl Pts',(73.3941835180435,-10.014239259776,-9.));
#2778=CARTESIAN_POINT('Ctrl Pts',(73.5246669949374,-10.0246696059194,-9.));
#2779=CARTESIAN_POINT('',(78.8753289519467,-15.3753320153269,-9.));
#2780=CARTESIAN_POINT('Ctrl Pts',(73.5246669949374,-10.0246696059194,-9.));
#2781=CARTESIAN_POINT('Ctrl Pts',(73.5228042977188,-10.0479719207366,-9.));
#2782=CARTESIAN_POINT('Ctrl Pts',(73.5237325840696,-10.0946262393232,-9.));
#2783=CARTESIAN_POINT('Ctrl Pts',(73.5348613312244,-10.187467329554,-9.));
#2784=CARTESIAN_POINT('Ctrl Pts',(73.5709253468827,-10.3477739949585,-9.));
#2785=CARTESIAN_POINT('Ctrl Pts',(73.6795586523469,-10.6551539481263,-9.));
#2786=CARTESIAN_POINT('Ctrl Pts',(73.9776184601677,-11.2433057294625,-9.));
#2787=CARTESIAN_POINT('Ctrl Pts',(74.7210967426657,-12.3193927257952,-9.));
#2788=CARTESIAN_POINT('Ctrl Pts',(75.743887160453,-13.4233623770161,-9.));
#2789=CARTESIAN_POINT('Ctrl Pts',(76.8876558031537,-14.3927687790188,-9.));
#2790=CARTESIAN_POINT('Ctrl Pts',(77.6588892565759,-14.9231911704515,-9.));
#2791=CARTESIAN_POINT('Ctrl Pts',(78.2435573406686,-15.2200077389617,-9.));
#2792=CARTESIAN_POINT('Ctrl Pts',(78.5528022495686,-15.3292806277844,-9.));
#2793=CARTESIAN_POINT('Ctrl Pts',(78.7122091563411,-15.3650908123224,-9.));
#2794=CARTESIAN_POINT('Ctrl Pts',(78.8054188841238,-15.3762976259227,-9.));
#2795=CARTESIAN_POINT('Ctrl Pts',(78.8519913777396,-15.3771975290595,-9.));
#2796=CARTESIAN_POINT('Ctrl Pts',(78.8753289519467,-15.3753320153269,-9.));
#2797=CARTESIAN_POINT('',(78.9151698973315,-15.8737421868432,-8.5));
#2798=CARTESIAN_POINT('Ctrl Pts',(78.8753289519467,-15.3753320153269,-9.));
#2799=CARTESIAN_POINT('Ctrl Pts',(78.8857592870578,-15.5058154931027,-9.));
#2800=CARTESIAN_POINT('Ctrl Pts',(78.9065262219303,-15.7656098195605,-8.8915227121532));
#2801=CARTESIAN_POINT('Ctrl Pts',(78.9151698973315,-15.8737421868432,-8.63089969389957));
#2802=CARTESIAN_POINT('Ctrl Pts',(78.9151698973315,-15.8737421868432,-8.5));
#2803=CARTESIAN_POINT('Ctrl Pts',(78.9151698973315,-15.8737421868432,-8.5));
#2804=CARTESIAN_POINT('Ctrl Pts',(78.8540976958072,-15.8786240580097,-8.5));
#2805=CARTESIAN_POINT('Ctrl Pts',(78.7662592166589,-15.8758347920742,-8.5));
#2806=CARTESIAN_POINT('Ctrl Pts',(78.6190161824504,-15.8580377402608,-8.5));
#2807=CARTESIAN_POINT('Ctrl Pts',(78.4047415727368,-15.8087486801937,-8.5));
#2808=CARTESIAN_POINT('Ctrl Pts',(78.0353055567622,-15.6772189627202,-8.5));
#2809=CARTESIAN_POINT('Ctrl Pts',(77.3926771562559,-15.3490230931647,-8.5));
#2810=CARTESIAN_POINT('Ctrl Pts',(76.5811119863074,-14.7898083127001,-8.5));
#2811=CARTESIAN_POINT('Ctrl Pts',(75.392557225929,-13.7816726046709,-8.5));
#2812=CARTESIAN_POINT('Ctrl Pts',(74.3357884400376,-12.6416739250342,-8.5));
#2813=CARTESIAN_POINT('Ctrl Pts',(73.5518362376489,-11.5097076984232,-8.5));
#2814=CARTESIAN_POINT('Ctrl Pts',(73.2222961156254,-10.8631059928894,-8.5));
#2815=CARTESIAN_POINT('Ctrl Pts',(73.091506956672,-10.4958993758148,-8.5));
#2816=CARTESIAN_POINT('Ctrl Pts',(73.0419024943265,-10.2804536550115,-8.5));
#2817=CARTESIAN_POINT('Ctrl Pts',(73.0242095641233,-10.1337301414808,-8.5));
#2818=CARTESIAN_POINT('Ctrl Pts',(73.0213823261709,-10.0458085494643,-8.5));
#2819=CARTESIAN_POINT('Ctrl Pts',(73.0262568267897,-9.98482861839409,-8.5));
#2820=CARTESIAN_POINT('Ctrl Pts',(73.4848260495526,-9.52625943440319,-8.5));
#2821=CARTESIAN_POINT('Ctrl Pts',(73.5459999849093,-9.52136943103487,-8.5));
#2822=CARTESIAN_POINT('Ctrl Pts',(73.6342156698999,-9.52426537527874,-8.5));
#2823=CARTESIAN_POINT('Ctrl Pts',(73.7806920591657,-9.54198166994406,-8.5));
#2824=CARTESIAN_POINT('Ctrl Pts',(73.9954635612838,-9.59162604159422,-8.5));
#2825=CARTESIAN_POINT('Ctrl Pts',(74.3656844678881,-9.7228786828392,-8.49999999999999));
#2826=CARTESIAN_POINT('Ctrl Pts',(75.3682261471057,-10.2439742505804,-8.50000000000001));
#2827=CARTESIAN_POINT('Ctrl Pts',(76.7340833036995,-11.3367954052955,-8.49999999999999));
#2828=CARTESIAN_POINT('Ctrl Pts',(78.065081083817,-12.7546791253191,-8.50000000000001));
#2829=CARTESIAN_POINT('Ctrl Pts',(78.8471328855777,-13.8920078361285,-8.49999999999999));
#2830=CARTESIAN_POINT('Ctrl Pts',(79.1768006097722,-14.5350240560451,-8.5));
#2831=CARTESIAN_POINT('Ctrl Pts',(79.3084516038006,-14.9044686038752,-8.49999999999999));
#2832=CARTESIAN_POINT('Ctrl Pts',(79.3579586811523,-15.1191120252043,-8.5));
#2833=CARTESIAN_POINT('Ctrl Pts',(79.3757439802393,-15.2657650764911,-8.5));
#2834=CARTESIAN_POINT('Ctrl Pts',(79.3786272988419,-15.3540219585935,-8.5));
#2835=CARTESIAN_POINT('Ctrl Pts',(79.3737391200944,-15.4151730028523,-8.5));
#2836=CARTESIAN_POINT('Ctrl Pts',(73.4848260495526,-9.52625943440319,-8.63089969389957));
#2837=CARTESIAN_POINT('Ctrl Pts',(73.5460794895754,-9.52136307574511,-8.63089969389957));
#2838=CARTESIAN_POINT('Ctrl Pts',(73.6343673629959,-9.52426150152381,-8.63089969389958));
#2839=CARTESIAN_POINT('Ctrl Pts',(73.7809365285733,-9.54198915875469,-8.63089969389958));
#2840=CARTESIAN_POINT('Ctrl Pts',(73.9957641482564,-9.59165246436505,-8.63089969389957));
#2841=CARTESIAN_POINT('Ctrl Pts',(74.3660081703757,-9.72293560874542,-8.63089969389957));
#2842=CARTESIAN_POINT('Ctrl Pts',(75.3682485256032,-10.2439839546433,-8.63089969389958));
#2843=CARTESIAN_POINT('Ctrl Pts',(76.7340987207855,-11.3368035180441,-8.63089969389957));
#2844=CARTESIAN_POINT('Ctrl Pts',(78.0650742472747,-12.7546682281908,-8.63089969389959));
#2845=CARTESIAN_POINT('Ctrl Pts',(78.8470957016954,-13.8918724048814,-8.63089969389957));
#2846=CARTESIAN_POINT('Ctrl Pts',(79.1767483470973,-14.5347115966669,-8.63089969389958));
#2847=CARTESIAN_POINT('Ctrl Pts',(79.3084248199674,-14.9041681176458,-8.63089969389957));
#2848=CARTESIAN_POINT('Ctrl Pts',(79.3579513882783,-15.1188681034638,-8.63089969389957));
#2849=CARTESIAN_POINT('Ctrl Pts',(79.3757478305309,-15.2656134136529,-8.63089969389957));
#2850=CARTESIAN_POINT('Ctrl Pts',(79.3786336517603,-15.3539424836779,-8.63089969389957));
#2851=CARTESIAN_POINT('Ctrl Pts',(79.3737391200944,-15.4151730028523,-8.63089969389957));
#2852=CARTESIAN_POINT('Ctrl Pts',(73.4934697249538,-9.6343918016859,-8.89152271215318));
#2853=CARTESIAN_POINT('Ctrl Pts',(73.5464131316822,-9.63015971434801,-8.89152271215318));
#2854=CARTESIAN_POINT('Ctrl Pts',(73.6256333269502,-9.6326349387306,-8.89152271215318));
#2855=CARTESIAN_POINT('Ctrl Pts',(73.7604217490564,-9.64891749450682,-8.89152271215318));
#2856=CARTESIAN_POINT('Ctrl Pts',(73.9632787140585,-9.69561897394281,-8.89152271215318));
#2857=CARTESIAN_POINT('Ctrl Pts',(74.3203667527929,-9.82197110633167,-8.89152271215317));
#2858=CARTESIAN_POINT('Ctrl Pts',(75.3044501205079,-10.3327130515925,-8.89152271215318));
#2859=CARTESIAN_POINT('Ctrl Pts',(76.6607357455356,-11.4167475836146,-8.89152271215318));
#2860=CARTESIAN_POINT('Ctrl Pts',(77.9812151011292,-12.8243743938461,-8.89152271215318));
#2861=CARTESIAN_POINT('Ctrl Pts',(78.7549276132652,-13.9496456288605,-8.89152271215318));
#2862=CARTESIAN_POINT('Ctrl Pts',(79.0776543322063,-14.5802325977557,-8.89152271215318));
#2863=CARTESIAN_POINT('Ctrl Pts',(79.2044694955887,-14.9366675713233,-8.89152271215317));
#2864=CARTESIAN_POINT('Ctrl Pts',(79.2510244620571,-15.1393908124271,-8.89152271215317));
#2865=CARTESIAN_POINT('Ctrl Pts',(79.2673755456153,-15.2743506218312,-8.89152271215318));
#2866=CARTESIAN_POINT('Ctrl Pts',(79.2698372617497,-15.3536057228397,-8.89152271215318));
#2867=CARTESIAN_POINT('Ctrl Pts',(79.2656067535426,-15.4065293183085,-8.89152271215318));
#2868=CARTESIAN_POINT('Ctrl Pts',(73.5142366598263,-9.89418612814361,-9.));
#2869=CARTESIAN_POINT('Ctrl Pts',(73.5475267143969,-9.8915250523434,-9.));
#2870=CARTESIAN_POINT('Ctrl Pts',(73.6052445615022,-9.89299324857006,-9.));
#2871=CARTESIAN_POINT('Ctrl Pts',(73.71209312749,-9.90584845210735,-9.));
#2872=CARTESIAN_POINT('Ctrl Pts',(73.886410109258,-9.94550827087338,-9.));
#2873=CARTESIAN_POINT('Ctrl Pts',(74.2119808384067,-10.0601330578369,-8.99999999999999));
#2874=CARTESIAN_POINT('Ctrl Pts',(75.1512585434873,-10.5459279682572,-9.00000000000001));
#2875=CARTESIAN_POINT('Ctrl Pts',(76.4845374126155,-11.6088497048642,-8.99999999999999));
#2876=CARTESIAN_POINT('Ctrl Pts',(77.7797117782116,-12.9918047651692,-9.00000000000001));
#2877=CARTESIAN_POINT('Ctrl Pts',(78.5333424838811,-14.0879177207134,-8.99999999999999));
#2878=CARTESIAN_POINT('Ctrl Pts',(78.8393700886689,-14.6883733241082,-9.));
#2879=CARTESIAN_POINT('Ctrl Pts',(78.9546056548896,-15.0135702540735,-8.99999999999999));
#2880=CARTESIAN_POINT('Ctrl Pts',(78.9940976598212,-15.187740634078,-8.99999999999999));
#2881=CARTESIAN_POINT('Ctrl Pts',(79.0070199121492,-15.2947471272488,-9.));
#2882=CARTESIAN_POINT('Ctrl Pts',(79.0084725117061,-15.3524847639356,-9.));
#2883=CARTESIAN_POINT('Ctrl Pts',(79.0058124288407,-15.3857623614704,-9.));
#2884=CARTESIAN_POINT('Ctrl Pts',(73.5246669949374,-10.0246696059194,-9.));
#2885=CARTESIAN_POINT('Ctrl Pts',(73.5480434447836,-10.0228009846215,-9.));
#2886=CARTESIAN_POINT('Ctrl Pts',(73.5949229340612,-10.0237620652243,-9.));
#2887=CARTESIAN_POINT('Ctrl Pts',(73.6876888351543,-10.034889773084,-9.));
#2888=CARTESIAN_POINT('Ctrl Pts',(73.8476413645609,-10.0710027306118,-9.));
#2889=CARTESIAN_POINT('Ctrl Pts',(74.1573699311689,-10.1797210439068,-8.99999999999999));
#2890=CARTESIAN_POINT('Ctrl Pts',(75.0743050423931,-10.6530114223516,-9.00000000000001));
#2891=CARTESIAN_POINT('Ctrl Pts',(76.3960323387599,-11.7053299651606,-8.99999999999999));
#2892=CARTESIAN_POINT('Ctrl Pts',(77.6785090166627,-13.0759036499259,-9.00000000000001));
#2893=CARTESIAN_POINT('Ctrl Pts',(78.4220697484223,-14.1574383472105,-8.99999999999999));
#2894=CARTESIAN_POINT('Ctrl Pts',(78.719718183464,-14.7428550633783,-9.));
#2895=CARTESIAN_POINT('Ctrl Pts',(78.8291241740638,-15.0523560607067,-8.99999999999999));
#2896=CARTESIAN_POINT('Ctrl Pts',(78.8650583209823,-15.2121552810296,-8.99999999999999));
#2897=CARTESIAN_POINT('Ctrl Pts',(78.8762524522863,-15.3050726259397,-9.));
#2898=CARTESIAN_POINT('Ctrl Pts',(78.8771968760007,-15.3519643128762,-9.));
#2899=CARTESIAN_POINT('Ctrl Pts',(78.8753289519467,-15.3753320153269,-9.));
#2900=CARTESIAN_POINT('',(73.4848260495526,-9.52625943440319,-8.5));
#2901=CARTESIAN_POINT('Origin',(73.5246669949374,-10.0246696059194,-8.5));
#2902=CARTESIAN_POINT('',(79.3737391200944,-15.4151730028523,-8.5));
#2903=CARTESIAN_POINT('Ctrl Pts',(73.4848260495526,-9.52625943440319,-8.5));
#2904=CARTESIAN_POINT('Ctrl Pts',(73.5459999849093,-9.52136943103487,-8.5));
#2905=CARTESIAN_POINT('Ctrl Pts',(73.6342156698999,-9.52426537527874,-8.5));
#2906=CARTESIAN_POINT('Ctrl Pts',(73.7806920591657,-9.54198166994406,-8.5));
#2907=CARTESIAN_POINT('Ctrl Pts',(73.9954635612838,-9.59162604159422,-8.5));
#2908=CARTESIAN_POINT('Ctrl Pts',(74.3656844678881,-9.7228786828392,-8.49999999999999));
#2909=CARTESIAN_POINT('Ctrl Pts',(75.3682261471057,-10.2439742505804,-8.50000000000001));
#2910=CARTESIAN_POINT('Ctrl Pts',(76.7340833036995,-11.3367954052955,-8.49999999999999));
#2911=CARTESIAN_POINT('Ctrl Pts',(78.065081083817,-12.7546791253191,-8.50000000000001));
#2912=CARTESIAN_POINT('Ctrl Pts',(78.8471328855777,-13.8920078361285,-8.49999999999999));
#2913=CARTESIAN_POINT('Ctrl Pts',(79.1768006097722,-14.5350240560451,-8.5));
#2914=CARTESIAN_POINT('Ctrl Pts',(79.3084516038006,-14.9044686038752,-8.49999999999999));
#2915=CARTESIAN_POINT('Ctrl Pts',(79.3579586811523,-15.1191120252043,-8.5));
#2916=CARTESIAN_POINT('Ctrl Pts',(79.3757439802393,-15.2657650764911,-8.5));
#2917=CARTESIAN_POINT('Ctrl Pts',(79.3786272988419,-15.3540219585935,-8.5));
#2918=CARTESIAN_POINT('Ctrl Pts',(79.3737391200944,-15.4151730028523,-8.5));
#2919=CARTESIAN_POINT('Origin',(78.8753289519467,-15.3753320153269,-8.5));
#2920=CARTESIAN_POINT('Ctrl Pts',(78.8753289519467,-15.3753320153269,-9.));
#2921=CARTESIAN_POINT('Ctrl Pts',(78.8771968760007,-15.3519643128762,-9.));
#2922=CARTESIAN_POINT('Ctrl Pts',(78.8762524522863,-15.3050726259397,-9.));
#2923=CARTESIAN_POINT('Ctrl Pts',(78.8650583209823,-15.2121552810296,-8.99999999999999));
#2924=CARTESIAN_POINT('Ctrl Pts',(78.8291241740638,-15.0523560607067,-8.99999999999999));
#2925=CARTESIAN_POINT('Ctrl Pts',(78.719718183464,-14.7428550633783,-9.));
#2926=CARTESIAN_POINT('Ctrl Pts',(78.4220697484223,-14.1574383472105,-8.99999999999999));
#2927=CARTESIAN_POINT('Ctrl Pts',(77.6785090166627,-13.0759036499259,-9.00000000000001));
#2928=CARTESIAN_POINT('Ctrl Pts',(76.3960323387599,-11.7053299651606,-8.99999999999999));
#2929=CARTESIAN_POINT('Ctrl Pts',(75.0743050423931,-10.6530114223516,-9.00000000000001));
#2930=CARTESIAN_POINT('Ctrl Pts',(74.1573699311689,-10.1797210439068,-8.99999999999999));
#2931=CARTESIAN_POINT('Ctrl Pts',(73.8476413645609,-10.0710027306118,-9.));
#2932=CARTESIAN_POINT('Ctrl Pts',(73.6876888351543,-10.034889773084,-9.));
#2933=CARTESIAN_POINT('Ctrl Pts',(73.5949229340612,-10.0237620652243,-9.));
#2934=CARTESIAN_POINT('Ctrl Pts',(73.5480434447836,-10.0228009846215,-9.));
#2935=CARTESIAN_POINT('Ctrl Pts',(73.5246669949374,-10.0246696059194,-9.));
#2936=CARTESIAN_POINT('Ctrl Pts',(79.3737391200944,-15.4151730028523,-8.5));
#2937=CARTESIAN_POINT('Ctrl Pts',(79.3515918538867,-15.6922349774727,-8.5));
#2938=CARTESIAN_POINT('Ctrl Pts',(79.1922318738245,-15.851594944061,-8.5));
#2939=CARTESIAN_POINT('Ctrl Pts',(78.9151698973315,-15.8737421868432,-8.5));
#2940=CARTESIAN_POINT('Ctrl Pts',(79.3737391200944,-15.4151730028523,-8.64959965017094));
#2941=CARTESIAN_POINT('Ctrl Pts',(79.3574220296665,-15.6710329820948,-8.64524809473971));
#2942=CARTESIAN_POINT('Ctrl Pts',(79.1710298779536,-15.8574251180482,-8.64524809473971));
#2943=CARTESIAN_POINT('Ctrl Pts',(78.9151698973315,-15.8737421868432,-8.64959965017094));
#2944=CARTESIAN_POINT('Ctrl Pts',(79.2485073237621,-15.4051624558083,-8.90851996839571));
#2945=CARTESIAN_POINT('Ctrl Pts',(79.2244441325468,-15.5473947450163,-8.93305712080451));
#2946=CARTESIAN_POINT('Ctrl Pts',(79.0473916521184,-15.7244472104748,-8.93305712080451));
#2947=CARTESIAN_POINT('Ctrl Pts',(78.9051593608758,-15.7485103896644,-8.90851996839571));
#2948=CARTESIAN_POINT('Ctrl Pts',(78.9871719321415,-15.3842723120213,-9.));
#2949=CARTESIAN_POINT('Ctrl Pts',(78.9548154952799,-15.4123663087909,-9.00344629632249));
#2950=CARTESIAN_POINT('Ctrl Pts',(78.9123632386901,-15.4548185617913,-9.00344629632249));
#2951=CARTESIAN_POINT('Ctrl Pts',(78.8842692391848,-15.4871749962776,-9.));
#2952=CARTESIAN_POINT('Ctrl Pts',(78.8753289519467,-15.3753320153269,-9.));
#2953=CARTESIAN_POINT('Ctrl Pts',(78.8753289519467,-15.3753320153269,-9.));
#2954=CARTESIAN_POINT('Ctrl Pts',(78.8753289519467,-15.3753320153269,-9.));
#2955=CARTESIAN_POINT('Ctrl Pts',(78.8753289519467,-15.3753320153269,-9.));
#2956=CARTESIAN_POINT('Ctrl Pts',(79.3737391200944,-15.4151730028523,-8.5));
#2957=CARTESIAN_POINT('Ctrl Pts',(79.3515918538867,-15.6922349774727,-8.5));
#2958=CARTESIAN_POINT('Ctrl Pts',(79.1922318738245,-15.851594944061,-8.5));
#2959=CARTESIAN_POINT('Ctrl Pts',(78.9151698973315,-15.8737421868432,-8.5));
#2960=CARTESIAN_POINT('Ctrl Pts',(73.0262568267897,-9.98482861839409,-8.5));
#2961=CARTESIAN_POINT('Ctrl Pts',(73.0484040929974,-9.70776664377366,-8.5));
#2962=CARTESIAN_POINT('Ctrl Pts',(73.2077640730596,-9.54840667718534,-8.5));
#2963=CARTESIAN_POINT('Ctrl Pts',(73.4848260495526,-9.52625943440319,-8.5));
#2964=CARTESIAN_POINT('Ctrl Pts',(73.0262568267897,-9.98482861839409,-8.64959965017094));
#2965=CARTESIAN_POINT('Ctrl Pts',(73.0425739172176,-9.7289686391516,-8.64524809473971));
#2966=CARTESIAN_POINT('Ctrl Pts',(73.2289660689305,-9.54257650319818,-8.64524809473971));
#2967=CARTESIAN_POINT('Ctrl Pts',(73.4848260495526,-9.52625943440319,-8.64959965017094));
#2968=CARTESIAN_POINT('Ctrl Pts',(73.1514837523805,-9.99483877608979,-8.90852583124058));
#2969=CARTESIAN_POINT('Ctrl Pts',(73.1755469435958,-9.85260648688172,-8.93306298364938));
#2970=CARTESIAN_POINT('Ctrl Pts',(73.3526039054178,-9.67554954002988,-8.93306298364939));
#2971=CARTESIAN_POINT('Ctrl Pts',(73.4948361966604,-9.65148636084034,-8.90852583124058));
#2972=CARTESIAN_POINT('Ctrl Pts',(73.4128240147426,-10.0157293092251,-9.));
#2973=CARTESIAN_POINT('Ctrl Pts',(73.4451804516043,-9.98763531245545,-9.00344629632249));
#2974=CARTESIAN_POINT('Ctrl Pts',(73.487632708194,-9.94518305945504,-9.00344629632249));
#2975=CARTESIAN_POINT('Ctrl Pts',(73.5157267076993,-9.91282662496873,-9.));
#2976=CARTESIAN_POINT('Ctrl Pts',(73.5246669949374,-10.0246696059194,-9.));
#2977=CARTESIAN_POINT('Ctrl Pts',(73.5246669949374,-10.0246696059194,-9.));
#2978=CARTESIAN_POINT('Ctrl Pts',(73.5246669949374,-10.0246696059194,-9.));
#2979=CARTESIAN_POINT('Ctrl Pts',(73.5246669949374,-10.0246696059194,-9.));
#2980=CARTESIAN_POINT('',(73.1599484218142,-9.65995100195928,-8.5));
#2981=CARTESIAN_POINT('Ctrl Pts',(73.0262568267897,-9.98482861839409,-8.5));
#2982=CARTESIAN_POINT('Ctrl Pts',(73.0373304598936,-9.84629763108387,-8.5));
#2983=CARTESIAN_POINT('Ctrl Pts',(73.0827072714611,-9.73719214578168,-8.5));
#2984=CARTESIAN_POINT('Ctrl Pts',(73.1599484218142,-9.65995100195928,-8.5));
#2985=CARTESIAN_POINT('Ctrl Pts',(73.1599484218142,-9.65995100195928,-8.5));
#2986=CARTESIAN_POINT('Ctrl Pts',(73.2371895721673,-9.58270985813688,-8.5));
#2987=CARTESIAN_POINT('Ctrl Pts',(73.3462950613061,-9.53733305579427,-8.5));
#2988=CARTESIAN_POINT('Ctrl Pts',(73.4848260495526,-9.52625943440319,-8.5));
#2989=CARTESIAN_POINT('Origin',(76.1999979734421,-12.7000008106232,-9.));
#2990=CARTESIAN_POINT('Ctrl Pts',(73.1594389428795,-9.65944152298148,-7.));
#2991=CARTESIAN_POINT('Ctrl Pts',(74.0786777972828,-8.74020274629976,-7.));
#2992=CARTESIAN_POINT('Ctrl Pts',(77.1192368278454,-11.7807620339415,-7.));
#2993=CARTESIAN_POINT('Ctrl Pts',(80.159795858408,-14.8213213215831,-7.));
#2994=CARTESIAN_POINT('Ctrl Pts',(79.2405570040047,-15.7405600982649,-7.));
#2995=CARTESIAN_POINT('Ctrl Pts',(78.3213181496014,-16.6597988749466,-7.));
#2996=CARTESIAN_POINT('Ctrl Pts',(75.2807591190388,-13.6192395873049,-7.));
#2997=CARTESIAN_POINT('Ctrl Pts',(72.2402000884762,-10.5786802996632,-7.));
#2998=CARTESIAN_POINT('Ctrl Pts',(73.1594389428795,-9.65944152298148,-7.));
#2999=CARTESIAN_POINT('Ctrl Pts',(73.1594389428795,-9.65944152298148,-8.5));
#3000=CARTESIAN_POINT('Ctrl Pts',(74.0786777972828,-8.74020274629976,-8.5));
#3001=CARTESIAN_POINT('Ctrl Pts',(77.1192368278454,-11.7807620339415,-8.5));
#3002=CARTESIAN_POINT('Ctrl Pts',(80.159795858408,-14.8213213215831,-8.5));
#3003=CARTESIAN_POINT('Ctrl Pts',(79.2405570040047,-15.7405600982649,-8.5));
#3004=CARTESIAN_POINT('Ctrl Pts',(78.3213181496014,-16.6597988749466,-8.5));
#3005=CARTESIAN_POINT('Ctrl Pts',(75.2807591190388,-13.6192395873049,-8.5));
#3006=CARTESIAN_POINT('Ctrl Pts',(72.2402000884762,-10.5786802996632,-8.5));
#3007=CARTESIAN_POINT('Ctrl Pts',(73.1594389428795,-9.65944152298148,-8.5));
#3008=CARTESIAN_POINT('',(73.1594389428795,-9.65944152298148,-7.));
#3009=CARTESIAN_POINT('',(73.1594389428795,-9.65944152298148,0.));
#3010=CARTESIAN_POINT('Origin',(76.1999979734421,-12.7000008106232,-7.));
#3011=CARTESIAN_POINT('Origin',(71.709872226064,-17.1901279418215,-1.));
#3012=CARTESIAN_POINT('',(68.809872226064,-17.1901279418215,-1.));
#3013=CARTESIAN_POINT('Origin',(67.809872226064,-17.1901279418215,-1.));
#3014=CARTESIAN_POINT('',(74.609872226064,-17.1901279418215,-1.));
#3015=CARTESIAN_POINT('Origin',(71.709872226064,-17.1901279418215,-1.));
#3016=CARTESIAN_POINT('Origin',(71.709872226064,-17.1901279418215,-1.));
#3017=CARTESIAN_POINT('Origin',(71.709872226064,-17.1901279418215,0.));
#3018=CARTESIAN_POINT('',(74.609872226064,-17.1901279418215,-2.5));
#3019=CARTESIAN_POINT('',(74.609872226064,-17.1901279418215,0.));
#3020=CARTESIAN_POINT('Origin',(71.709872226064,-17.1901279418215,-2.5));
#3021=CARTESIAN_POINT('Origin',(80.6901289898708,-8.20987246349003,-1.));
#3022=CARTESIAN_POINT('',(77.7901289898708,-8.20987246349003,-1.));
#3023=CARTESIAN_POINT('Origin',(76.7901289898708,-8.20987246349003,-1.));
#3024=CARTESIAN_POINT('',(83.5901289898707,-8.20987246349003,-1.));
#3025=CARTESIAN_POINT('Origin',(80.6901289898708,-8.20987246349003,-1.));
#3026=CARTESIAN_POINT('Origin',(80.6901289898708,-8.20987246349003,-1.));
#3027=CARTESIAN_POINT('Origin',(80.6901289898708,-8.20987246349003,0.));
#3028=CARTESIAN_POINT('',(83.5901289898707,-8.20987246349003,-2.5));
#3029=CARTESIAN_POINT('',(83.5901289898707,-8.20987246349003,0.));
#3030=CARTESIAN_POINT('Origin',(80.6901289898708,-8.20987246349003,-2.5));
#3031=CARTESIAN_POINT('Origin',(71.709872226064,-17.1901279418215,-2.5));
#3032=CARTESIAN_POINT('',(73.259872226064,-17.1901279418215,-2.5));
#3033=CARTESIAN_POINT('Origin',(71.709872226064,-17.1901279418215,-2.5));
#3034=CARTESIAN_POINT('Origin',(80.6901289898708,-8.20987246349003,-2.5));
#3035=CARTESIAN_POINT('',(82.2401289898708,-8.20987246349003,-2.5));
#3036=CARTESIAN_POINT('Origin',(80.6901289898708,-8.20987246349003,-2.5));
#3037=CARTESIAN_POINT('Origin',(71.709872226064,-17.1901279418215,0.));
#3038=CARTESIAN_POINT('',(73.259872226064,-17.1901279418215,-7.));
#3039=CARTESIAN_POINT('Origin',(71.709872226064,-17.1901279418215,-7.));
#3040=CARTESIAN_POINT('',(73.259872226064,-17.1901279418215,0.));
#3041=CARTESIAN_POINT('Origin',(80.6901289898708,-8.20987246349003,0.));
#3042=CARTESIAN_POINT('',(82.2401289898708,-8.20987246349003,-7.));
#3043=CARTESIAN_POINT('Origin',(80.6901289898708,-8.20987246349003,-7.));
#3044=CARTESIAN_POINT('',(82.2401289898708,-8.20987246349003,0.));
#3045=CARTESIAN_POINT('Ctrl Pts',(73.5246669949374,10.0246696059194,-9.));
#3046=CARTESIAN_POINT('Ctrl Pts',(73.5228042977188,10.0479719207366,-9.));
#3047=CARTESIAN_POINT('Ctrl Pts',(73.5237325840696,10.0946262393232,-9.));
#3048=CARTESIAN_POINT('Ctrl Pts',(73.5348613312244,10.187467329554,-9.));
#3049=CARTESIAN_POINT('Ctrl Pts',(73.5709253468827,10.3477739949585,-9.));
#3050=CARTESIAN_POINT('Ctrl Pts',(73.6795586523469,10.6551539481263,-9.));
#3051=CARTESIAN_POINT('Ctrl Pts',(73.9776184601677,11.2433057294625,-9.));
#3052=CARTESIAN_POINT('Ctrl Pts',(74.7210967426657,12.3193927257952,-9.));
#3053=CARTESIAN_POINT('Ctrl Pts',(75.743887160453,13.4233623770161,-9.));
#3054=CARTESIAN_POINT('Ctrl Pts',(76.8876558031537,14.3927687790188,-9.));
#3055=CARTESIAN_POINT('Ctrl Pts',(77.6588892565759,14.9231911704515,-9.));
#3056=CARTESIAN_POINT('Ctrl Pts',(78.2435573406686,15.2200077389617,-9.));
#3057=CARTESIAN_POINT('Ctrl Pts',(78.5528022495686,15.3292806277844,-9.));
#3058=CARTESIAN_POINT('Ctrl Pts',(78.7122091563411,15.3650908123224,-9.));
#3059=CARTESIAN_POINT('Ctrl Pts',(78.8054188841238,15.3762976259227,-9.));
#3060=CARTESIAN_POINT('Ctrl Pts',(78.8519913777396,15.3771975290595,-9.));
#3061=CARTESIAN_POINT('Ctrl Pts',(78.8753289519467,15.3753320153269,-9.));
#3062=CARTESIAN_POINT('Ctrl Pts',(73.3941835180435,10.014239259776,-9.));
#3063=CARTESIAN_POINT('Ctrl Pts',(73.3915308786365,10.0474237397542,-9.));
#3064=CARTESIAN_POINT('Ctrl Pts',(73.3929570780573,10.104901217685,-9.));
#3065=CARTESIAN_POINT('Ctrl Pts',(73.4058071460145,10.2118737328247,-9.));
#3066=CARTESIAN_POINT('Ctrl Pts',(73.4454218970346,10.386640124462,-9.));
#3067=CARTESIAN_POINT('Ctrl Pts',(73.5598619485511,10.709701486436,-9.));
#3068=CARTESIAN_POINT('Ctrl Pts',(73.8661705466805,11.3131610343082,-9.));
#3069=CARTESIAN_POINT('Ctrl Pts',(74.6202238021684,12.4038418148268,-9.));
#3070=CARTESIAN_POINT('Ctrl Pts',(75.6518809627323,13.5171959212221,-9.));
#3071=CARTESIAN_POINT('Ctrl Pts',(76.8073066364044,14.4966997615045,-9.));
#3072=CARTESIAN_POINT('Ctrl Pts',(77.589088741859,15.0346553949754,-9.));
#3073=CARTESIAN_POINT('Ctrl Pts',(78.1889303800586,15.3396903818951,-9.));
#3074=CARTESIAN_POINT('Ctrl Pts',(78.5139532875894,15.4547972270393,-9.));
#3075=CARTESIAN_POINT('Ctrl Pts',(78.6877485313303,15.4941418547927,-9.));
#3076=CARTESIAN_POINT('Ctrl Pts',(78.7951292975698,15.5070768532273,-9.));
#3077=CARTESIAN_POINT('Ctrl Pts',(78.8525245947067,15.5084721434652,-9.));
#3078=CARTESIAN_POINT('Ctrl Pts',(78.8857592870578,15.5058154931027,-9.));
#3079=CARTESIAN_POINT('Ctrl Pts',(73.1343891933416,9.99347230293787,-8.8915227121532));
#3080=CARTESIAN_POINT('Ctrl Pts',(73.1301705229658,10.0462478073106,-8.8915227121532));
#3081=CARTESIAN_POINT('Ctrl Pts',(73.1325845027363,10.1251841545573,-8.8915227121532));
#3082=CARTESIAN_POINT('Ctrl Pts',(73.1488486344377,10.2601761979701,-8.89152271215319));
#3083=CARTESIAN_POINT('Ctrl Pts',(73.1955057473619,10.4636189486744,-8.8915227121532));
#3084=CARTESIAN_POINT('Ctrl Pts',(73.3214775735594,10.8178147485762,-8.8915227121532));
#3085=CARTESIAN_POINT('Ctrl Pts',(73.6441758790388,11.4517261893797,-8.89152271215319));
#3086=CARTESIAN_POINT('Ctrl Pts',(74.419381950388,12.5716276768638,-8.89152271215319));
#3087=CARTESIAN_POINT('Ctrl Pts',(75.46882658371,13.7038889892469,-8.8915227121532));
#3088=CARTESIAN_POINT('Ctrl Pts',(76.6477772205144,14.703691478301,-8.89152271215319));
#3089=CARTESIAN_POINT('Ctrl Pts',(77.4506090623936,15.2566672094444,-8.8915227121532));
#3090=CARTESIAN_POINT('Ctrl Pts',(78.0806634040657,15.5780496751053,-8.8915227121532));
#3091=CARTESIAN_POINT('Ctrl Pts',(78.4370075846972,15.7047388703821,-8.8915227121532));
#3092=CARTESIAN_POINT('Ctrl Pts',(78.6393386735366,15.7510942251885,-8.8915227121532));
#3093=CARTESIAN_POINT('Ctrl Pts',(78.7748173167961,15.7674567548839,-8.8915227121532));
#3094=CARTESIAN_POINT('Ctrl Pts',(78.853670861453,15.7698348688279,-8.8915227121532));
#3095=CARTESIAN_POINT('Ctrl Pts',(78.9065262219303,15.7656098195605,-8.8915227121532));
#3096=CARTESIAN_POINT('Ctrl Pts',(73.0262568267897,9.98482861839409,-8.63089969389957));
#3097=CARTESIAN_POINT('Ctrl Pts',(73.0213759910293,10.0458878019928,-8.63089969389957));
#3098=CARTESIAN_POINT('Ctrl Pts',(73.0242065784811,10.1338939804934,-8.63089969389958));
#3099=CARTESIAN_POINT('Ctrl Pts',(73.0419118037785,10.2807265994721,-8.63089969389957));
#3100=CARTESIAN_POINT('Ctrl Pts',(73.0915417770658,10.4962784444751,-8.63089969389957));
#3101=CARTESIAN_POINT('Ctrl Pts',(73.2223586363661,10.8635670876502,-8.63089969389958));
#3102=CARTESIAN_POINT('Ctrl Pts',(73.5519304071377,11.5101932472775,-8.63089969389957));
#3103=CARTESIAN_POINT('Ctrl Pts',(74.3357907809938,12.6420053806048,-8.63089969389957));
#3104=CARTESIAN_POINT('Ctrl Pts',(75.3924341923787,13.7817952461351,-8.63089969389958));
#3105=CARTESIAN_POINT('Ctrl Pts',(76.5806928837916,14.7897485110131,-8.63089969389957));
#3106=CARTESIAN_POINT('Ctrl Pts',(77.3922137541572,15.3489433009564,-8.63089969389958));
#3107=CARTESIAN_POINT('Ctrl Pts',(78.034840319149,15.6771537092315,-8.63089969389957));
#3108=CARTESIAN_POINT('Ctrl Pts',(78.4043634977687,15.8087145041351,-8.63089969389958));
#3109=CARTESIAN_POINT('Ctrl Pts',(78.6187427094151,15.8580283219566,-8.63089969389958));
#3110=CARTESIAN_POINT('Ctrl Pts',(78.7660953390015,15.8758378553834,-8.63089969389958));
#3111=CARTESIAN_POINT('Ctrl Pts',(78.8540183233595,15.8786304027305,-8.63089969389957));
#3112=CARTESIAN_POINT('Ctrl Pts',(78.9151698973315,15.8737421868432,-8.63089969389957));
#3113=CARTESIAN_POINT('Ctrl Pts',(73.0262568267897,9.98482861839409,-8.5));
#3114=CARTESIAN_POINT('Ctrl Pts',(73.0213823261709,10.0458085494643,-8.5));
#3115=CARTESIAN_POINT('Ctrl Pts',(73.0242095641233,10.1337301414808,-8.5));
#3116=CARTESIAN_POINT('Ctrl Pts',(73.0419024943265,10.2804536550115,-8.5));
#3117=CARTESIAN_POINT('Ctrl Pts',(73.091506956672,10.4958993758148,-8.5));
#3118=CARTESIAN_POINT('Ctrl Pts',(73.2222961156254,10.8631059928894,-8.5));
#3119=CARTESIAN_POINT('Ctrl Pts',(73.5518362376489,11.5097076984232,-8.5));
#3120=CARTESIAN_POINT('Ctrl Pts',(74.3357884400376,12.6416739250342,-8.5));
#3121=CARTESIAN_POINT('Ctrl Pts',(75.392557225929,13.7816726046709,-8.5));
#3122=CARTESIAN_POINT('Ctrl Pts',(76.5811119863074,14.7898083127001,-8.5));
#3123=CARTESIAN_POINT('Ctrl Pts',(77.3926771562559,15.3490230931647,-8.5));
#3124=CARTESIAN_POINT('Ctrl Pts',(78.0353055567622,15.6772189627202,-8.5));
#3125=CARTESIAN_POINT('Ctrl Pts',(78.4047415727368,15.8087486801937,-8.5));
#3126=CARTESIAN_POINT('Ctrl Pts',(78.6190161824504,15.8580377402608,-8.5));
#3127=CARTESIAN_POINT('Ctrl Pts',(78.7662592166589,15.8758347920742,-8.5));
#3128=CARTESIAN_POINT('Ctrl Pts',(78.8540976958072,15.8786240580097,-8.5));
#3129=CARTESIAN_POINT('Ctrl Pts',(78.9151698973315,15.8737421868432,-8.5));
#3130=CARTESIAN_POINT('',(73.0262568267897,9.98482861839409,-8.5));
#3131=CARTESIAN_POINT('',(73.5246669949374,10.0246696059194,-9.));
#3132=CARTESIAN_POINT('Ctrl Pts',(73.0262568267897,9.98482861839409,-8.5));
#3133=CARTESIAN_POINT('Ctrl Pts',(73.0262568267897,9.98482861839409,-8.63089969389957));
#3134=CARTESIAN_POINT('Ctrl Pts',(73.1343891933416,9.99347230293787,-8.8915227121532));
#3135=CARTESIAN_POINT('Ctrl Pts',(73.3941835180435,10.014239259776,-9.));
#3136=CARTESIAN_POINT('Ctrl Pts',(73.5246669949374,10.0246696059194,-9.));
#3137=CARTESIAN_POINT('',(78.9151698973315,15.8737421868432,-8.5));
#3138=CARTESIAN_POINT('Ctrl Pts',(78.9151698973315,15.8737421868432,-8.5));
#3139=CARTESIAN_POINT('Ctrl Pts',(78.8540976958072,15.8786240580097,-8.5));
#3140=CARTESIAN_POINT('Ctrl Pts',(78.7662592166589,15.8758347920742,-8.5));
#3141=CARTESIAN_POINT('Ctrl Pts',(78.6190161824504,15.8580377402608,-8.5));
#3142=CARTESIAN_POINT('Ctrl Pts',(78.4047415727368,15.8087486801937,-8.5));
#3143=CARTESIAN_POINT('Ctrl Pts',(78.0353055567622,15.6772189627202,-8.5));
#3144=CARTESIAN_POINT('Ctrl Pts',(77.3926771562559,15.3490230931647,-8.5));
#3145=CARTESIAN_POINT('Ctrl Pts',(76.5811119863074,14.7898083127001,-8.5));
#3146=CARTESIAN_POINT('Ctrl Pts',(75.392557225929,13.7816726046709,-8.5));
#3147=CARTESIAN_POINT('Ctrl Pts',(74.3357884400376,12.6416739250342,-8.5));
#3148=CARTESIAN_POINT('Ctrl Pts',(73.5518362376489,11.5097076984232,-8.5));
#3149=CARTESIAN_POINT('Ctrl Pts',(73.2222961156254,10.8631059928894,-8.5));
#3150=CARTESIAN_POINT('Ctrl Pts',(73.091506956672,10.4958993758148,-8.5));
#3151=CARTESIAN_POINT('Ctrl Pts',(73.0419024943265,10.2804536550115,-8.5));
#3152=CARTESIAN_POINT('Ctrl Pts',(73.0242095641233,10.1337301414808,-8.5));
#3153=CARTESIAN_POINT('Ctrl Pts',(73.0213823261709,10.0458085494643,-8.5));
#3154=CARTESIAN_POINT('Ctrl Pts',(73.0262568267897,9.98482861839409,-8.5));
#3155=CARTESIAN_POINT('',(78.8753289519467,15.3753320153269,-9.));
#3156=CARTESIAN_POINT('Ctrl Pts',(78.8753289519467,15.3753320153269,-9.));
#3157=CARTESIAN_POINT('Ctrl Pts',(78.8857592870578,15.5058154931027,-9.));
#3158=CARTESIAN_POINT('Ctrl Pts',(78.9065262219303,15.7656098195605,-8.8915227121532));
#3159=CARTESIAN_POINT('Ctrl Pts',(78.9151698973315,15.8737421868432,-8.63089969389957));
#3160=CARTESIAN_POINT('Ctrl Pts',(78.9151698973315,15.8737421868432,-8.5));
#3161=CARTESIAN_POINT('Ctrl Pts',(73.5246669949374,10.0246696059194,-9.));
#3162=CARTESIAN_POINT('Ctrl Pts',(73.5228042977188,10.0479719207366,-9.));
#3163=CARTESIAN_POINT('Ctrl Pts',(73.5237325840696,10.0946262393232,-9.));
#3164=CARTESIAN_POINT('Ctrl Pts',(73.5348613312244,10.187467329554,-9.));
#3165=CARTESIAN_POINT('Ctrl Pts',(73.5709253468827,10.3477739949585,-9.));
#3166=CARTESIAN_POINT('Ctrl Pts',(73.6795586523469,10.6551539481263,-9.));
#3167=CARTESIAN_POINT('Ctrl Pts',(73.9776184601677,11.2433057294625,-9.));
#3168=CARTESIAN_POINT('Ctrl Pts',(74.7210967426657,12.3193927257952,-9.));
#3169=CARTESIAN_POINT('Ctrl Pts',(75.743887160453,13.4233623770161,-9.));
#3170=CARTESIAN_POINT('Ctrl Pts',(76.8876558031537,14.3927687790188,-9.));
#3171=CARTESIAN_POINT('Ctrl Pts',(77.6588892565759,14.9231911704515,-9.));
#3172=CARTESIAN_POINT('Ctrl Pts',(78.2435573406686,15.2200077389617,-9.));
#3173=CARTESIAN_POINT('Ctrl Pts',(78.5528022495686,15.3292806277844,-9.));
#3174=CARTESIAN_POINT('Ctrl Pts',(78.7122091563411,15.3650908123224,-9.));
#3175=CARTESIAN_POINT('Ctrl Pts',(78.8054188841238,15.3762976259227,-9.));
#3176=CARTESIAN_POINT('Ctrl Pts',(78.8519913777396,15.3771975290595,-9.));
#3177=CARTESIAN_POINT('Ctrl Pts',(78.8753289519467,15.3753320153269,-9.));
#3178=CARTESIAN_POINT('Ctrl Pts',(73.4848260495526,9.52625943440319,-8.5));
#3179=CARTESIAN_POINT('Ctrl Pts',(73.5459999849093,9.52136943103487,-8.5));
#3180=CARTESIAN_POINT('Ctrl Pts',(73.6342156698999,9.52426537527874,-8.5));
#3181=CARTESIAN_POINT('Ctrl Pts',(73.7806920591657,9.54198166994406,-8.5));
#3182=CARTESIAN_POINT('Ctrl Pts',(73.9954635612838,9.59162604159422,-8.5));
#3183=CARTESIAN_POINT('Ctrl Pts',(74.3656844678881,9.7228786828392,-8.49999999999999));
#3184=CARTESIAN_POINT('Ctrl Pts',(75.3682261471057,10.2439742505804,-8.50000000000001));
#3185=CARTESIAN_POINT('Ctrl Pts',(76.7340833036995,11.3367954052955,-8.49999999999999));
#3186=CARTESIAN_POINT('Ctrl Pts',(78.065081083817,12.7546791253191,-8.50000000000001));
#3187=CARTESIAN_POINT('Ctrl Pts',(78.8471328855777,13.8920078361285,-8.49999999999999));
#3188=CARTESIAN_POINT('Ctrl Pts',(79.1768006097722,14.5350240560451,-8.5));
#3189=CARTESIAN_POINT('Ctrl Pts',(79.3084516038006,14.9044686038752,-8.49999999999999));
#3190=CARTESIAN_POINT('Ctrl Pts',(79.3579586811523,15.1191120252043,-8.5));
#3191=CARTESIAN_POINT('Ctrl Pts',(79.3757439802393,15.2657650764911,-8.5));
#3192=CARTESIAN_POINT('Ctrl Pts',(79.3786272988419,15.3540219585935,-8.5));
#3193=CARTESIAN_POINT('Ctrl Pts',(79.3737391200944,15.4151730028523,-8.5));
#3194=CARTESIAN_POINT('Ctrl Pts',(73.4848260495526,9.52625943440319,-8.63089969389957));
#3195=CARTESIAN_POINT('Ctrl Pts',(73.5460794895754,9.52136307574511,-8.63089969389957));
#3196=CARTESIAN_POINT('Ctrl Pts',(73.6343673629959,9.52426150152381,-8.63089969389958));
#3197=CARTESIAN_POINT('Ctrl Pts',(73.7809365285733,9.54198915875469,-8.63089969389958));
#3198=CARTESIAN_POINT('Ctrl Pts',(73.9957641482564,9.59165246436505,-8.63089969389957));
#3199=CARTESIAN_POINT('Ctrl Pts',(74.3660081703757,9.72293560874542,-8.63089969389957));
#3200=CARTESIAN_POINT('Ctrl Pts',(75.3682485256032,10.2439839546433,-8.63089969389958));
#3201=CARTESIAN_POINT('Ctrl Pts',(76.7340987207855,11.3368035180441,-8.63089969389957));
#3202=CARTESIAN_POINT('Ctrl Pts',(78.0650742472747,12.7546682281908,-8.63089969389959));
#3203=CARTESIAN_POINT('Ctrl Pts',(78.8470957016954,13.8918724048814,-8.63089969389957));
#3204=CARTESIAN_POINT('Ctrl Pts',(79.1767483470973,14.5347115966669,-8.63089969389958));
#3205=CARTESIAN_POINT('Ctrl Pts',(79.3084248199674,14.9041681176458,-8.63089969389957));
#3206=CARTESIAN_POINT('Ctrl Pts',(79.3579513882783,15.1188681034638,-8.63089969389957));
#3207=CARTESIAN_POINT('Ctrl Pts',(79.3757478305309,15.2656134136529,-8.63089969389957));
#3208=CARTESIAN_POINT('Ctrl Pts',(79.3786336517603,15.3539424836779,-8.63089969389957));
#3209=CARTESIAN_POINT('Ctrl Pts',(79.3737391200944,15.4151730028523,-8.63089969389957));
#3210=CARTESIAN_POINT('Ctrl Pts',(73.4934697249538,9.6343918016859,-8.89152271215318));
#3211=CARTESIAN_POINT('Ctrl Pts',(73.5464131316822,9.63015971434801,-8.89152271215318));
#3212=CARTESIAN_POINT('Ctrl Pts',(73.6256333269502,9.6326349387306,-8.89152271215318));
#3213=CARTESIAN_POINT('Ctrl Pts',(73.7604217490564,9.64891749450682,-8.89152271215318));
#3214=CARTESIAN_POINT('Ctrl Pts',(73.9632787140585,9.69561897394281,-8.89152271215318));
#3215=CARTESIAN_POINT('Ctrl Pts',(74.3203667527929,9.82197110633167,-8.89152271215317));
#3216=CARTESIAN_POINT('Ctrl Pts',(75.3044501205079,10.3327130515925,-8.89152271215318));
#3217=CARTESIAN_POINT('Ctrl Pts',(76.6607357455356,11.4167475836146,-8.89152271215318));
#3218=CARTESIAN_POINT('Ctrl Pts',(77.9812151011292,12.8243743938461,-8.89152271215318));
#3219=CARTESIAN_POINT('Ctrl Pts',(78.7549276132652,13.9496456288605,-8.89152271215318));
#3220=CARTESIAN_POINT('Ctrl Pts',(79.0776543322063,14.5802325977557,-8.89152271215318));
#3221=CARTESIAN_POINT('Ctrl Pts',(79.2044694955887,14.9366675713233,-8.89152271215317));
#3222=CARTESIAN_POINT('Ctrl Pts',(79.2510244620571,15.1393908124271,-8.89152271215317));
#3223=CARTESIAN_POINT('Ctrl Pts',(79.2673755456153,15.2743506218312,-8.89152271215318));
#3224=CARTESIAN_POINT('Ctrl Pts',(79.2698372617497,15.3536057228397,-8.89152271215318));
#3225=CARTESIAN_POINT('Ctrl Pts',(79.2656067535426,15.4065293183085,-8.89152271215318));
#3226=CARTESIAN_POINT('Ctrl Pts',(73.5142366598263,9.89418612814361,-9.));
#3227=CARTESIAN_POINT('Ctrl Pts',(73.5475267143969,9.8915250523434,-9.));
#3228=CARTESIAN_POINT('Ctrl Pts',(73.6052445615022,9.89299324857006,-9.));
#3229=CARTESIAN_POINT('Ctrl Pts',(73.71209312749,9.90584845210735,-9.));
#3230=CARTESIAN_POINT('Ctrl Pts',(73.886410109258,9.94550827087338,-9.));
#3231=CARTESIAN_POINT('Ctrl Pts',(74.2119808384067,10.0601330578369,-8.99999999999999));
#3232=CARTESIAN_POINT('Ctrl Pts',(75.1512585434873,10.5459279682572,-9.00000000000001));
#3233=CARTESIAN_POINT('Ctrl Pts',(76.4845374126155,11.6088497048642,-8.99999999999999));
#3234=CARTESIAN_POINT('Ctrl Pts',(77.7797117782116,12.9918047651692,-9.00000000000001));
#3235=CARTESIAN_POINT('Ctrl Pts',(78.5333424838811,14.0879177207134,-8.99999999999999));
#3236=CARTESIAN_POINT('Ctrl Pts',(78.8393700886689,14.6883733241082,-9.));
#3237=CARTESIAN_POINT('Ctrl Pts',(78.9546056548896,15.0135702540735,-8.99999999999999));
#3238=CARTESIAN_POINT('Ctrl Pts',(78.9940976598212,15.187740634078,-8.99999999999999));
#3239=CARTESIAN_POINT('Ctrl Pts',(79.0070199121492,15.2947471272488,-9.));
#3240=CARTESIAN_POINT('Ctrl Pts',(79.0084725117061,15.3524847639356,-9.));
#3241=CARTESIAN_POINT('Ctrl Pts',(79.0058124288407,15.3857623614704,-9.));
#3242=CARTESIAN_POINT('Ctrl Pts',(73.5246669949374,10.0246696059194,-9.));
#3243=CARTESIAN_POINT('Ctrl Pts',(73.5480434447836,10.0228009846215,-9.));
#3244=CARTESIAN_POINT('Ctrl Pts',(73.5949229340612,10.0237620652243,-9.));
#3245=CARTESIAN_POINT('Ctrl Pts',(73.6876888351543,10.034889773084,-9.));
#3246=CARTESIAN_POINT('Ctrl Pts',(73.8476413645609,10.0710027306118,-9.));
#3247=CARTESIAN_POINT('Ctrl Pts',(74.1573699311689,10.1797210439068,-8.99999999999999));
#3248=CARTESIAN_POINT('Ctrl Pts',(75.0743050423931,10.6530114223516,-9.00000000000001));
#3249=CARTESIAN_POINT('Ctrl Pts',(76.3960323387599,11.7053299651606,-8.99999999999999));
#3250=CARTESIAN_POINT('Ctrl Pts',(77.6785090166627,13.0759036499259,-9.00000000000001));
#3251=CARTESIAN_POINT('Ctrl Pts',(78.4220697484223,14.1574383472105,-8.99999999999999));
#3252=CARTESIAN_POINT('Ctrl Pts',(78.719718183464,14.7428550633783,-9.));
#3253=CARTESIAN_POINT('Ctrl Pts',(78.8291241740638,15.0523560607067,-8.99999999999999));
#3254=CARTESIAN_POINT('Ctrl Pts',(78.8650583209823,15.2121552810296,-8.99999999999999));
#3255=CARTESIAN_POINT('Ctrl Pts',(78.8762524522863,15.3050726259397,-9.));
#3256=CARTESIAN_POINT('Ctrl Pts',(78.8771968760007,15.3519643128762,-9.));
#3257=CARTESIAN_POINT('Ctrl Pts',(78.8753289519467,15.3753320153269,-9.));
#3258=CARTESIAN_POINT('',(73.4848260495526,9.52625943440319,-8.5));
#3259=CARTESIAN_POINT('Origin',(73.5246669949374,10.0246696059194,-8.5));
#3260=CARTESIAN_POINT('Ctrl Pts',(78.8753289519467,15.3753320153269,-9.));
#3261=CARTESIAN_POINT('Ctrl Pts',(78.8771968760007,15.3519643128762,-9.));
#3262=CARTESIAN_POINT('Ctrl Pts',(78.8762524522863,15.3050726259397,-9.));
#3263=CARTESIAN_POINT('Ctrl Pts',(78.8650583209823,15.2121552810296,-8.99999999999999));
#3264=CARTESIAN_POINT('Ctrl Pts',(78.8291241740638,15.0523560607067,-8.99999999999999));
#3265=CARTESIAN_POINT('Ctrl Pts',(78.719718183464,14.7428550633783,-9.));
#3266=CARTESIAN_POINT('Ctrl Pts',(78.4220697484223,14.1574383472105,-8.99999999999999));
#3267=CARTESIAN_POINT('Ctrl Pts',(77.6785090166627,13.0759036499259,-9.00000000000001));
#3268=CARTESIAN_POINT('Ctrl Pts',(76.3960323387599,11.7053299651606,-8.99999999999999));
#3269=CARTESIAN_POINT('Ctrl Pts',(75.0743050423931,10.6530114223516,-9.00000000000001));
#3270=CARTESIAN_POINT('Ctrl Pts',(74.1573699311689,10.1797210439068,-8.99999999999999));
#3271=CARTESIAN_POINT('Ctrl Pts',(73.8476413645609,10.0710027306118,-9.));
#3272=CARTESIAN_POINT('Ctrl Pts',(73.6876888351543,10.034889773084,-9.));
#3273=CARTESIAN_POINT('Ctrl Pts',(73.5949229340612,10.0237620652243,-9.));
#3274=CARTESIAN_POINT('Ctrl Pts',(73.5480434447836,10.0228009846215,-9.));
#3275=CARTESIAN_POINT('Ctrl Pts',(73.5246669949374,10.0246696059194,-9.));
#3276=CARTESIAN_POINT('',(79.3737391200944,15.4151730028523,-8.5));
#3277=CARTESIAN_POINT('Origin',(78.8753289519467,15.3753320153269,-8.5));
#3278=CARTESIAN_POINT('Ctrl Pts',(73.4848260495526,9.52625943440319,-8.5));
#3279=CARTESIAN_POINT('Ctrl Pts',(73.5459999849093,9.52136943103487,-8.5));
#3280=CARTESIAN_POINT('Ctrl Pts',(73.6342156698999,9.52426537527874,-8.5));
#3281=CARTESIAN_POINT('Ctrl Pts',(73.7806920591657,9.54198166994406,-8.5));
#3282=CARTESIAN_POINT('Ctrl Pts',(73.9954635612838,9.59162604159422,-8.5));
#3283=CARTESIAN_POINT('Ctrl Pts',(74.3656844678881,9.7228786828392,-8.49999999999999));
#3284=CARTESIAN_POINT('Ctrl Pts',(75.3682261471057,10.2439742505804,-8.50000000000001));
#3285=CARTESIAN_POINT('Ctrl Pts',(76.7340833036995,11.3367954052955,-8.49999999999999));
#3286=CARTESIAN_POINT('Ctrl Pts',(78.065081083817,12.7546791253191,-8.50000000000001));
#3287=CARTESIAN_POINT('Ctrl Pts',(78.8471328855777,13.8920078361285,-8.49999999999999));
#3288=CARTESIAN_POINT('Ctrl Pts',(79.1768006097722,14.5350240560451,-8.5));
#3289=CARTESIAN_POINT('Ctrl Pts',(79.3084516038006,14.9044686038752,-8.49999999999999));
#3290=CARTESIAN_POINT('Ctrl Pts',(79.3579586811523,15.1191120252043,-8.5));
#3291=CARTESIAN_POINT('Ctrl Pts',(79.3757439802393,15.2657650764911,-8.5));
#3292=CARTESIAN_POINT('Ctrl Pts',(79.3786272988419,15.3540219585935,-8.5));
#3293=CARTESIAN_POINT('Ctrl Pts',(79.3737391200944,15.4151730028523,-8.5));
#3294=CARTESIAN_POINT('Ctrl Pts',(79.3737391200944,15.4151730028523,-8.5));
#3295=CARTESIAN_POINT('Ctrl Pts',(79.3515918538867,15.6922349774727,-8.5));
#3296=CARTESIAN_POINT('Ctrl Pts',(79.1922318738245,15.851594944061,-8.5));
#3297=CARTESIAN_POINT('Ctrl Pts',(78.9151698973315,15.8737421868432,-8.5));
#3298=CARTESIAN_POINT('Ctrl Pts',(79.3737391200944,15.4151730028523,-8.64959965017094));
#3299=CARTESIAN_POINT('Ctrl Pts',(79.3574220296665,15.6710329820948,-8.64524809473971));
#3300=CARTESIAN_POINT('Ctrl Pts',(79.1710298779536,15.8574251180482,-8.64524809473971));
#3301=CARTESIAN_POINT('Ctrl Pts',(78.9151698973315,15.8737421868432,-8.64959965017094));
#3302=CARTESIAN_POINT('Ctrl Pts',(79.2485073237621,15.4051624558083,-8.90851996839571));
#3303=CARTESIAN_POINT('Ctrl Pts',(79.2244441325468,15.5473947450163,-8.93305712080451));
#3304=CARTESIAN_POINT('Ctrl Pts',(79.0473916521184,15.7244472104748,-8.93305712080451));
#3305=CARTESIAN_POINT('Ctrl Pts',(78.9051593608758,15.7485103896644,-8.90851996839571));
#3306=CARTESIAN_POINT('Ctrl Pts',(78.9871719321415,15.3842723120213,-9.));
#3307=CARTESIAN_POINT('Ctrl Pts',(78.9548154952799,15.4123663087909,-9.00344629632249));
#3308=CARTESIAN_POINT('Ctrl Pts',(78.9123632386901,15.4548185617913,-9.00344629632249));
#3309=CARTESIAN_POINT('Ctrl Pts',(78.8842692391848,15.4871749962776,-9.));
#3310=CARTESIAN_POINT('Ctrl Pts',(78.8753289519467,15.3753320153269,-9.));
#3311=CARTESIAN_POINT('Ctrl Pts',(78.8753289519467,15.3753320153269,-9.));
#3312=CARTESIAN_POINT('Ctrl Pts',(78.8753289519467,15.3753320153269,-9.));
#3313=CARTESIAN_POINT('Ctrl Pts',(78.8753289519467,15.3753320153269,-9.));
#3314=CARTESIAN_POINT('Ctrl Pts',(79.3737391200944,15.4151730028523,-8.5));
#3315=CARTESIAN_POINT('Ctrl Pts',(79.3515918538867,15.6922349774727,-8.5));
#3316=CARTESIAN_POINT('Ctrl Pts',(79.1922318738245,15.851594944061,-8.5));
#3317=CARTESIAN_POINT('Ctrl Pts',(78.9151698973315,15.8737421868432,-8.5));
#3318=CARTESIAN_POINT('Ctrl Pts',(73.0262568267897,9.98482861839409,-8.5));
#3319=CARTESIAN_POINT('Ctrl Pts',(73.0484040929974,9.70776664377366,-8.5));
#3320=CARTESIAN_POINT('Ctrl Pts',(73.2077640730596,9.54840667718534,-8.5));
#3321=CARTESIAN_POINT('Ctrl Pts',(73.4848260495526,9.52625943440319,-8.5));
#3322=CARTESIAN_POINT('Ctrl Pts',(73.0262568267897,9.98482861839409,-8.64959965017094));
#3323=CARTESIAN_POINT('Ctrl Pts',(73.0425739172176,9.7289686391516,-8.64524809473971));
#3324=CARTESIAN_POINT('Ctrl Pts',(73.2289660689305,9.54257650319818,-8.64524809473971));
#3325=CARTESIAN_POINT('Ctrl Pts',(73.4848260495526,9.52625943440319,-8.64959965017094));
#3326=CARTESIAN_POINT('Ctrl Pts',(73.1514837523805,9.99483877608979,-8.90852583124058));
#3327=CARTESIAN_POINT('Ctrl Pts',(73.1755469435958,9.85260648688172,-8.93306298364938));
#3328=CARTESIAN_POINT('Ctrl Pts',(73.3526039054178,9.67554954002988,-8.93306298364939));
#3329=CARTESIAN_POINT('Ctrl Pts',(73.4948361966604,9.65148636084034,-8.90852583124058));
#3330=CARTESIAN_POINT('Ctrl Pts',(73.4128240147426,10.0157293092251,-9.));
#3331=CARTESIAN_POINT('Ctrl Pts',(73.4451804516043,9.98763531245545,-9.00344629632249));
#3332=CARTESIAN_POINT('Ctrl Pts',(73.487632708194,9.94518305945504,-9.00344629632249));
#3333=CARTESIAN_POINT('Ctrl Pts',(73.5157267076993,9.91282662496873,-9.));
#3334=CARTESIAN_POINT('Ctrl Pts',(73.5246669949374,10.0246696059194,-9.));
#3335=CARTESIAN_POINT('Ctrl Pts',(73.5246669949374,10.0246696059194,-9.));
#3336=CARTESIAN_POINT('Ctrl Pts',(73.5246669949374,10.0246696059194,-9.));
#3337=CARTESIAN_POINT('Ctrl Pts',(73.5246669949374,10.0246696059194,-9.));
#3338=CARTESIAN_POINT('',(73.1599484218142,9.65995100195928,-8.5));
#3339=CARTESIAN_POINT('Ctrl Pts',(73.1599484218142,9.65995100195928,-8.5));
#3340=CARTESIAN_POINT('Ctrl Pts',(73.2371895721673,9.58270985813688,-8.5));
#3341=CARTESIAN_POINT('Ctrl Pts',(73.3462950613061,9.53733305579427,-8.5));
#3342=CARTESIAN_POINT('Ctrl Pts',(73.4848260495526,9.52625943440319,-8.5));
#3343=CARTESIAN_POINT('Ctrl Pts',(73.0262568267897,9.98482861839409,-8.5));
#3344=CARTESIAN_POINT('Ctrl Pts',(73.0373304598936,9.84629763108387,-8.5));
#3345=CARTESIAN_POINT('Ctrl Pts',(73.0827072714611,9.73719214578168,-8.5));
#3346=CARTESIAN_POINT('Ctrl Pts',(73.1599484218142,9.65995100195928,-8.5));
#3347=CARTESIAN_POINT('Origin',(76.1999979734421,12.7000008106232,-9.));
#3348=CARTESIAN_POINT('Ctrl Pts',(73.1594389428795,9.65944152298148,-7.));
#3349=CARTESIAN_POINT('Ctrl Pts',(74.0786777972828,8.74020274629976,-7.));
#3350=CARTESIAN_POINT('Ctrl Pts',(77.1192368278454,11.7807620339415,-7.));
#3351=CARTESIAN_POINT('Ctrl Pts',(80.159795858408,14.8213213215831,-7.));
#3352=CARTESIAN_POINT('Ctrl Pts',(79.2405570040047,15.7405600982649,-7.));
#3353=CARTESIAN_POINT('Ctrl Pts',(78.3213181496014,16.6597988749466,-7.));
#3354=CARTESIAN_POINT('Ctrl Pts',(75.2807591190388,13.6192395873049,-7.));
#3355=CARTESIAN_POINT('Ctrl Pts',(72.2402000884762,10.5786802996632,-7.));
#3356=CARTESIAN_POINT('Ctrl Pts',(73.1594389428795,9.65944152298148,-7.));
#3357=CARTESIAN_POINT('Ctrl Pts',(73.1594389428795,9.65944152298148,-8.5));
#3358=CARTESIAN_POINT('Ctrl Pts',(74.0786777972828,8.74020274629976,-8.5));
#3359=CARTESIAN_POINT('Ctrl Pts',(77.1192368278454,11.7807620339415,-8.5));
#3360=CARTESIAN_POINT('Ctrl Pts',(80.159795858408,14.8213213215831,-8.5));
#3361=CARTESIAN_POINT('Ctrl Pts',(79.2405570040047,15.7405600982649,-8.5));
#3362=CARTESIAN_POINT('Ctrl Pts',(78.3213181496014,16.6597988749466,-8.5));
#3363=CARTESIAN_POINT('Ctrl Pts',(75.2807591190388,13.6192395873049,-8.5));
#3364=CARTESIAN_POINT('Ctrl Pts',(72.2402000884762,10.5786802996632,-8.5));
#3365=CARTESIAN_POINT('Ctrl Pts',(73.1594389428795,9.65944152298148,-8.5));
#3366=CARTESIAN_POINT('',(73.1594389428795,9.65944152298148,-7.));
#3367=CARTESIAN_POINT('',(73.1594389428795,9.65944152298148,0.));
#3368=CARTESIAN_POINT('Origin',(76.1999979734421,12.7000008106232,-7.));
#3369=CARTESIAN_POINT('Origin',(71.709872226064,17.1901279418215,-1.));
#3370=CARTESIAN_POINT('',(68.809872226064,17.1901279418215,-1.));
#3371=CARTESIAN_POINT('Origin',(67.809872226064,17.1901279418215,-1.));
#3372=CARTESIAN_POINT('',(74.609872226064,17.1901279418215,-1.));
#3373=CARTESIAN_POINT('Origin',(71.709872226064,17.1901279418215,-1.));
#3374=CARTESIAN_POINT('Origin',(71.709872226064,17.1901279418215,-1.));
#3375=CARTESIAN_POINT('Origin',(71.709872226064,17.1901279418215,0.));
#3376=CARTESIAN_POINT('',(74.609872226064,17.1901279418215,-2.5));
#3377=CARTESIAN_POINT('',(74.609872226064,17.1901279418215,0.));
#3378=CARTESIAN_POINT('Origin',(71.709872226064,17.1901279418215,-2.5));
#3379=CARTESIAN_POINT('Origin',(80.6901289898708,8.20987246349003,-1.));
#3380=CARTESIAN_POINT('',(77.7901289898708,8.20987246349003,-1.));
#3381=CARTESIAN_POINT('Origin',(76.7901289898708,8.20987246349003,-1.));
#3382=CARTESIAN_POINT('',(83.5901289898707,8.20987246349003,-1.));
#3383=CARTESIAN_POINT('Origin',(80.6901289898708,8.20987246349003,-1.));
#3384=CARTESIAN_POINT('Origin',(80.6901289898708,8.20987246349003,-1.));
#3385=CARTESIAN_POINT('Origin',(80.6901289898708,8.20987246349003,0.));
#3386=CARTESIAN_POINT('',(83.5901289898707,8.20987246349003,-2.5));
#3387=CARTESIAN_POINT('',(83.5901289898707,8.20987246349003,0.));
#3388=CARTESIAN_POINT('Origin',(80.6901289898708,8.20987246349003,-2.5));
#3389=CARTESIAN_POINT('Origin',(71.709872226064,17.1901279418215,-2.5));
#3390=CARTESIAN_POINT('',(73.259872226064,17.1901279418215,-2.5));
#3391=CARTESIAN_POINT('Origin',(71.709872226064,17.1901279418215,-2.5));
#3392=CARTESIAN_POINT('Origin',(80.6901289898708,8.20987246349003,-2.5));
#3393=CARTESIAN_POINT('',(82.2401289898708,8.20987246349003,-2.5));
#3394=CARTESIAN_POINT('Origin',(80.6901289898708,8.20987246349003,-2.5));
#3395=CARTESIAN_POINT('Origin',(71.709872226064,17.1901279418215,0.));
#3396=CARTESIAN_POINT('',(73.259872226064,17.1901279418215,-7.));
#3397=CARTESIAN_POINT('Origin',(71.709872226064,17.1901279418215,-7.));
#3398=CARTESIAN_POINT('',(73.259872226064,17.1901279418215,0.));
#3399=CARTESIAN_POINT('Origin',(80.6901289898708,8.20987246349003,-7.));
#3400=CARTESIAN_POINT('',(82.2401289898708,8.20987246349003,-7.));
#3401=CARTESIAN_POINT('Origin',(80.6901289898708,8.20987246349003,-7.));
#3402=CARTESIAN_POINT('Origin',(80.6901289898708,8.20987246349003,0.));
#3403=CARTESIAN_POINT('',(82.2401289898708,8.20987246349003,0.));
#3404=CARTESIAN_POINT('Origin',(-3.17500050663948,0.,-4.5));
#3405=CARTESIAN_POINT('Ctrl Pts',(-35.424667400249,-10.0246696059194,-9.));
#3406=CARTESIAN_POINT('Ctrl Pts',(-35.4228047030304,-10.0479719207366,-9.));
#3407=CARTESIAN_POINT('Ctrl Pts',(-35.4237331115989,-10.0946263981309,-9.));
#3408=CARTESIAN_POINT('Ctrl Pts',(-35.4348621225352,-10.1874677589212,-9.));
#3409=CARTESIAN_POINT('Ctrl Pts',(-35.4709263515663,-10.3477747287114,-9.));
#3410=CARTESIAN_POINT('Ctrl Pts',(-35.5795626732064,-10.6551569187991,-9.));
#3411=CARTESIAN_POINT('Ctrl Pts',(-35.877617360405,-11.2433063365247,-9.00000000000001));
#3412=CARTESIAN_POINT('Ctrl Pts',(-36.6211254881176,-12.3194130807673,-9.));
#3413=CARTESIAN_POINT('Ctrl Pts',(-37.6439306613024,-13.4233858886054,-9.));
#3414=CARTESIAN_POINT('Ctrl Pts',(-38.7876216663765,-14.3927570701422,-9.));
#3415=CARTESIAN_POINT('Ctrl Pts',(-39.5588877017039,-14.9231821643783,-8.99999999999999));
#3416=CARTESIAN_POINT('Ctrl Pts',(-40.143551389053,-15.2200029702356,-9.));
#3417=CARTESIAN_POINT('Ctrl Pts',(-40.4528022053507,-15.3292794221232,-9.));
#3418=CARTESIAN_POINT('Ctrl Pts',(-40.6122090499795,-15.3650902490627,-9.));
#3419=CARTESIAN_POINT('Ctrl Pts',(-40.7054192025405,-15.3762974275499,-9.));
#3420=CARTESIAN_POINT('Ctrl Pts',(-40.7519917830512,-15.3771975290595,-9.));
#3421=CARTESIAN_POINT('Ctrl Pts',(-40.7753293572583,-15.3753320153269,-9.));
#3422=CARTESIAN_POINT('Ctrl Pts',(-35.294183923355,-10.014239259776,-9.));
#3423=CARTESIAN_POINT('Ctrl Pts',(-35.2915312839481,-10.0474237397542,-9.));
#3424=CARTESIAN_POINT('Ctrl Pts',(-35.2929578536779,-10.1049004759932,-9.));
#3425=CARTESIAN_POINT('Ctrl Pts',(-35.3058085536882,-10.211871991305,-9.));
#3426=CARTESIAN_POINT('Ctrl Pts',(-35.3454243511339,-10.3866353819318,-9.));
#3427=CARTESIAN_POINT('Ctrl Pts',(-35.4598704805062,-10.7096896311907,-9.));
#3428=CARTESIAN_POINT('Ctrl Pts',(-35.7661797782473,-11.313123577547,-9.00000000000001));
#3429=CARTESIAN_POINT('Ctrl Pts',(-36.5202794357191,-12.4038156921649,-9.));
#3430=CARTESIAN_POINT('Ctrl Pts',(-37.5519745406226,-13.5171749697016,-9.));
#3431=CARTESIAN_POINT('Ctrl Pts',(-38.7073193480322,-14.4966696708058,-9.));
#3432=CARTESIAN_POINT('Ctrl Pts',(-39.4891275616158,-15.0346345727813,-8.99999999999999));
#3433=CARTESIAN_POINT('Ctrl Pts',(-40.0889400662785,-15.3396813738865,-9.));
#3434=CARTESIAN_POINT('Ctrl Pts',(-40.4139590620364,-15.4547945048073,-9.));
#3435=CARTESIAN_POINT('Ctrl Pts',(-40.5877507325966,-15.4941406797931,-9.));
#3436=CARTESIAN_POINT('Ctrl Pts',(-40.6951305780278,-15.5070763994299,-9.));
#3437=CARTESIAN_POINT('Ctrl Pts',(-40.7525250000183,-15.5084721434652,-9.));
#3438=CARTESIAN_POINT('Ctrl Pts',(-40.7857596923694,-15.5058154931027,-9.));
#3439=CARTESIAN_POINT('Ctrl Pts',(-35.0343536558838,-9.99346942981143,-8.89155876957306));
#3440=CARTESIAN_POINT('Ctrl Pts',(-35.030134985508,-10.0462449341842,-8.89155876957306));
#3441=CARTESIAN_POINT('Ctrl Pts',(-35.0325499018387,-10.1251796755808,-8.89155876957306));
#3442=CARTESIAN_POINT('Ctrl Pts',(-35.0488155237162,-10.2601697206181,-8.89155876957306));
#3443=CARTESIAN_POINT('Ctrl Pts',(-35.0954757545985,-10.4636069205413,-8.89155876957306));
#3444=CARTESIAN_POINT('Ctrl Pts',(-35.2214607503688,-10.8177896643494,-8.89155876957306));
#3445=CARTESIAN_POINT('Ctrl Pts',(-35.5441751628498,-11.4516620573193,-8.89155876957306));
#3446=CARTESIAN_POINT('Ctrl Pts',(-36.3194520934161,-12.5715780157636,-8.89155876957306));
#3447=CARTESIAN_POINT('Ctrl Pts',(-37.3689536583901,-13.7038445042845,-8.89155876957306));
#3448=CARTESIAN_POINT('Ctrl Pts',(-38.5478177802622,-14.7036571944317,-8.89155876957306));
#3449=CARTESIAN_POINT('Ctrl Pts',(-39.3506784383936,-15.2566546720306,-8.89155876957305));
#3450=CARTESIAN_POINT('Ctrl Pts',(-39.9806877853925,-15.5780662427597,-8.89155876957306));
#3451=CARTESIAN_POINT('Ctrl Pts',(-40.337021276809,-15.7047685033474,-8.89155876957306));
#3452=CARTESIAN_POINT('Ctrl Pts',(-40.5393458671416,-15.7511275644746,-8.89155876957306));
#3453=CARTESIAN_POINT('Ctrl Pts',(-40.6748224510489,-15.7674916663162,-8.89155876957306));
#3454=CARTESIAN_POINT('Ctrl Pts',(-40.753674139888,-15.7698708115976,-8.89155876957306));
#3455=CARTESIAN_POINT('Ctrl Pts',(-40.8065295003653,-15.7656457623301,-8.89155876957306));
#3456=CARTESIAN_POINT('Ctrl Pts',(-34.9262572321013,-9.98482861839408,-8.63089969389957));
#3457=CARTESIAN_POINT('Ctrl Pts',(-34.9213763963409,-10.0458878019928,-8.63089969389957));
#3458=CARTESIAN_POINT('Ctrl Pts',(-34.9242080480299,-10.1338906040139,-8.63089969389957));
#3459=CARTESIAN_POINT('Ctrl Pts',(-34.9419149356256,-10.280718485637,-8.63089969389958));
#3460=CARTESIAN_POINT('Ctrl Pts',(-34.9915482694631,-10.4962575951669,-8.63089969389958));
#3461=CARTESIAN_POINT('Ctrl Pts',(-35.1223798007981,-10.8635115097332,-8.63089969389958));
#3462=CARTESIAN_POINT('Ctrl Pts',(-35.4519683874683,-11.5100432417284,-8.63089969389958));
#3463=CARTESIAN_POINT('Ctrl Pts',(-36.2359234832455,-12.6418417985919,-8.63089969389957));
#3464=CARTESIAN_POINT('Ctrl Pts',(-37.2926740300671,-13.7816440587504,-8.63089969389958));
#3465=CARTESIAN_POINT('Ctrl Pts',(-38.4808441639698,-14.7896663950571,-8.63089969389958));
#3466=CARTESIAN_POINT('Ctrl Pts',(-39.292371635714,-15.3488893434065,-8.63089969389957));
#3467=CARTESIAN_POINT('Ctrl Pts',(-39.934896047808,-15.6771328812308,-8.63089969389958));
#3468=CARTESIAN_POINT('Ctrl Pts',(-40.3043863466916,-15.808707547456,-8.63089969389957));
#3469=CARTESIAN_POINT('Ctrl Pts',(-40.5187516706984,-15.8580254376349,-8.63089969389957));
#3470=CARTESIAN_POINT('Ctrl Pts',(-40.6660994281518,-15.8758366864244,-8.63089969389957));
#3471=CARTESIAN_POINT('Ctrl Pts',(-40.7540187286711,-15.8786304027305,-8.63089969389957));
#3472=CARTESIAN_POINT('Ctrl Pts',(-40.8151703026431,-15.8737421868432,-8.63089969389957));
#3473=CARTESIAN_POINT('Ctrl Pts',(-34.9262572321013,-9.98482861839408,-8.5));
#3474=CARTESIAN_POINT('Ctrl Pts',(-34.9213827314825,-10.0458085494643,-8.5));
#3475=CARTESIAN_POINT('Ctrl Pts',(-34.9242110792165,-10.1337275400891,-8.5));
#3476=CARTESIAN_POINT('Ctrl Pts',(-34.9419057379965,-10.2804475757041,-8.5));
#3477=CARTESIAN_POINT('Ctrl Pts',(-34.9915138433417,-10.4958839178782,-8.5));
#3478=CARTESIAN_POINT('Ctrl Pts',(-35.1223179895885,-10.8630659581429,-8.5));
#3479=CARTESIAN_POINT('Ctrl Pts',(-35.451877319544,-11.5095999964321,-8.5));
#3480=CARTESIAN_POINT('Ctrl Pts',(-36.2359109963732,-12.6415622588428,-8.5));
#3481=CARTESIAN_POINT('Ctrl Pts',(-37.2927560802054,-13.7815608265024,-8.5));
#3482=CARTESIAN_POINT('Ctrl Pts',(-38.481210834144,-14.789727766587,-8.5));
#3483=CARTESIAN_POINT('Ctrl Pts',(-39.2927927570225,-15.3489676541965,-8.49999999999999));
#3484=CARTESIAN_POINT('Ctrl Pts',(-39.935345495953,-15.677197051973,-8.5));
#3485=CARTESIAN_POINT('Ctrl Pts',(-40.3047590118269,-15.808741384279,-8.5));
#3486=CARTESIAN_POINT('Ctrl Pts',(-40.5190230919381,-15.8580347294059,-8.5));
#3487=CARTESIAN_POINT('Ctrl Pts',(-40.6662625276862,-15.8758335820748,-8.5));
#3488=CARTESIAN_POINT('Ctrl Pts',(-40.7540981011188,-15.8786240580097,-8.5));
#3489=CARTESIAN_POINT('Ctrl Pts',(-40.8151703026431,-15.8737421868432,-8.5));
#3490=CARTESIAN_POINT('',(-34.9262572321013,-9.98482861839409,-8.5));
#3491=CARTESIAN_POINT('',(-35.424667400249,-10.0246696059194,-9.));
#3492=CARTESIAN_POINT('Ctrl Pts',(-34.9262572321013,-9.98482861839408,-8.5));
#3493=CARTESIAN_POINT('Ctrl Pts',(-34.9262572321013,-9.98482861839408,-8.63089969389957));
#3494=CARTESIAN_POINT('Ctrl Pts',(-35.0343536558838,-9.99346942981143,-8.89155876957306));
#3495=CARTESIAN_POINT('Ctrl Pts',(-35.294183923355,-10.014239259776,-9.));
#3496=CARTESIAN_POINT('Ctrl Pts',(-35.424667400249,-10.0246696059194,-9.));
#3497=CARTESIAN_POINT('',(-40.8151703026431,-15.8737421868432,-8.5));
#3498=CARTESIAN_POINT('Ctrl Pts',(-40.8151703026431,-15.8737421868432,-8.5));
#3499=CARTESIAN_POINT('Ctrl Pts',(-40.7540981011188,-15.8786240580097,-8.5));
#3500=CARTESIAN_POINT('Ctrl Pts',(-40.6662625276862,-15.8758335820748,-8.5));
#3501=CARTESIAN_POINT('Ctrl Pts',(-40.5190230919381,-15.8580347294059,-8.5));
#3502=CARTESIAN_POINT('Ctrl Pts',(-40.3047590118269,-15.808741384279,-8.5));
#3503=CARTESIAN_POINT('Ctrl Pts',(-39.935345495953,-15.677197051973,-8.5));
#3504=CARTESIAN_POINT('Ctrl Pts',(-39.2927927570225,-15.3489676541965,-8.49999999999999));
#3505=CARTESIAN_POINT('Ctrl Pts',(-38.481210834144,-14.789727766587,-8.5));
#3506=CARTESIAN_POINT('Ctrl Pts',(-37.2927560802054,-13.7815608265024,-8.5));
#3507=CARTESIAN_POINT('Ctrl Pts',(-36.2359109963732,-12.6415622588428,-8.5));
#3508=CARTESIAN_POINT('Ctrl Pts',(-35.451877319544,-11.5095999964321,-8.5));
#3509=CARTESIAN_POINT('Ctrl Pts',(-35.1223179895885,-10.8630659581429,-8.5));
#3510=CARTESIAN_POINT('Ctrl Pts',(-34.9915138433417,-10.4958839178782,-8.5));
#3511=CARTESIAN_POINT('Ctrl Pts',(-34.9419057379965,-10.2804475757041,-8.5));
#3512=CARTESIAN_POINT('Ctrl Pts',(-34.9242110792165,-10.1337275400891,-8.5));
#3513=CARTESIAN_POINT('Ctrl Pts',(-34.9213827314825,-10.0458085494643,-8.5));
#3514=CARTESIAN_POINT('Ctrl Pts',(-34.9262572321013,-9.98482861839408,-8.5));
#3515=CARTESIAN_POINT('',(-40.7753293572583,-15.3753320153269,-9.));
#3516=CARTESIAN_POINT('Ctrl Pts',(-40.7753293572583,-15.3753320153269,-9.));
#3517=CARTESIAN_POINT('Ctrl Pts',(-40.7857596923694,-15.5058154931027,-9.));
#3518=CARTESIAN_POINT('Ctrl Pts',(-40.8065295003653,-15.7656457623301,-8.89155876957306));
#3519=CARTESIAN_POINT('Ctrl Pts',(-40.8151703026431,-15.8737421868432,-8.63089969389957));
#3520=CARTESIAN_POINT('Ctrl Pts',(-40.8151703026431,-15.8737421868432,-8.5));
#3521=CARTESIAN_POINT('Ctrl Pts',(-35.424667400249,-10.0246696059194,-9.));
#3522=CARTESIAN_POINT('Ctrl Pts',(-35.4228047030304,-10.0479719207366,-9.));
#3523=CARTESIAN_POINT('Ctrl Pts',(-35.4237331115989,-10.0946263981309,-9.));
#3524=CARTESIAN_POINT('Ctrl Pts',(-35.4348621225352,-10.1874677589212,-9.));
#3525=CARTESIAN_POINT('Ctrl Pts',(-35.4709263515663,-10.3477747287114,-9.));
#3526=CARTESIAN_POINT('Ctrl Pts',(-35.5795626732064,-10.6551569187991,-9.));
#3527=CARTESIAN_POINT('Ctrl Pts',(-35.877617360405,-11.2433063365247,-9.00000000000001));
#3528=CARTESIAN_POINT('Ctrl Pts',(-36.6211254881176,-12.3194130807673,-9.));
#3529=CARTESIAN_POINT('Ctrl Pts',(-37.6439306613024,-13.4233858886054,-9.));
#3530=CARTESIAN_POINT('Ctrl Pts',(-38.7876216663765,-14.3927570701422,-9.));
#3531=CARTESIAN_POINT('Ctrl Pts',(-39.5588877017039,-14.9231821643783,-8.99999999999999));
#3532=CARTESIAN_POINT('Ctrl Pts',(-40.143551389053,-15.2200029702356,-9.));
#3533=CARTESIAN_POINT('Ctrl Pts',(-40.4528022053507,-15.3292794221232,-9.));
#3534=CARTESIAN_POINT('Ctrl Pts',(-40.6122090499795,-15.3650902490627,-9.));
#3535=CARTESIAN_POINT('Ctrl Pts',(-40.7054192025405,-15.3762974275499,-9.));
#3536=CARTESIAN_POINT('Ctrl Pts',(-40.7519917830512,-15.3771975290595,-9.));
#3537=CARTESIAN_POINT('Ctrl Pts',(-40.7753293572583,-15.3753320153269,-9.));
#3538=CARTESIAN_POINT('Ctrl Pts',(-35.3848264548642,-9.5262594344032,-8.5));
#3539=CARTESIAN_POINT('Ctrl Pts',(-35.4460003902209,-9.52136943103487,-8.5));
#3540=CARTESIAN_POINT('Ctrl Pts',(-35.5341959635155,-9.52427205385508,-8.5));
#3541=CARTESIAN_POINT('Ctrl Pts',(-35.680659323575,-9.54199342175818,-8.5));
#3542=CARTESIAN_POINT('Ctrl Pts',(-35.8953970157586,-9.59164306873536,-8.5));
#3543=CARTESIAN_POINT('Ctrl Pts',(-36.2657079404499,-9.72287501130725,-8.5));
#3544=CARTESIAN_POINT('Ctrl Pts',(-37.2675608828143,-10.2442851376718,-8.5));
#3545=CARTESIAN_POINT('Ctrl Pts',(-38.6345539923368,-11.3366305942759,-8.49999999999999));
#3546=CARTESIAN_POINT('Ctrl Pts',(-39.9649214468732,-12.7546844675719,-8.5));
#3547=CARTESIAN_POINT('Ctrl Pts',(-40.7471606112737,-13.8921262800621,-8.5));
#3548=CARTESIAN_POINT('Ctrl Pts',(-41.0767757402519,-14.5350859697323,-8.5));
#3549=CARTESIAN_POINT('Ctrl Pts',(-41.2084150119691,-14.9045574654648,-8.5));
#3550=CARTESIAN_POINT('Ctrl Pts',(-41.2579438690797,-15.1191509240974,-8.5));
#3551=CARTESIAN_POINT('Ctrl Pts',(-41.2757355390962,-15.2657873185063,-8.5));
#3552=CARTESIAN_POINT('Ctrl Pts',(-41.2786277041535,-15.3540219585935,-8.5));
#3553=CARTESIAN_POINT('Ctrl Pts',(-41.273739525406,-15.4151730028523,-8.5));
#3554=CARTESIAN_POINT('Ctrl Pts',(-35.3848264548642,-9.5262594344032,-8.63089969389957));
#3555=CARTESIAN_POINT('Ctrl Pts',(-35.4460798948869,-9.52136307574512,-8.63089969389957));
#3556=CARTESIAN_POINT('Ctrl Pts',(-35.5343437436441,-9.52426810159231,-8.63089969389957));
#3557=CARTESIAN_POINT('Ctrl Pts',(-35.6808947455177,-9.54200044017466,-8.63089969389957));
#3558=CARTESIAN_POINT('Ctrl Pts',(-35.8956795041024,-9.59166875176194,-8.63089969389958));
#3559=CARTESIAN_POINT('Ctrl Pts',(-36.2660049440014,-9.7229295984281,-8.63089969389957));
#3560=CARTESIAN_POINT('Ctrl Pts',(-37.2675066660545,-10.2442684586523,-8.63089969389957));
#3561=CARTESIAN_POINT('Ctrl Pts',(-38.6346145204644,-11.3366660967108,-8.63089969389957));
#3562=CARTESIAN_POINT('Ctrl Pts',(-39.9648885812237,-12.7546446366726,-8.63089969389958));
#3563=CARTESIAN_POINT('Ctrl Pts',(-40.7471539545629,-13.8920924305743,-8.63089969389957));
#3564=CARTESIAN_POINT('Ctrl Pts',(-41.0767235269962,-14.5347913285321,-8.63089969389958));
#3565=CARTESIAN_POINT('Ctrl Pts',(-41.208389392784,-14.9042761419954,-8.63089969389957));
#3566=CARTESIAN_POINT('Ctrl Pts',(-41.2579369646634,-15.1189156684792,-8.63089969389958));
#3567=CARTESIAN_POINT('Ctrl Pts',(-41.2757395041665,-15.265639648501,-8.63089969389958));
#3568=CARTESIAN_POINT('Ctrl Pts',(-41.2786340570719,-15.3539424836779,-8.63089969389957));
#3569=CARTESIAN_POINT('Ctrl Pts',(-41.273739525406,-15.4151730028523,-8.63089969389957));
#3570=CARTESIAN_POINT('Ctrl Pts',(-35.393467257142,-9.63435585891628,-8.89155876957302));
#3571=CARTESIAN_POINT('Ctrl Pts',(-35.4464106638703,-9.63012377157839,-8.89155876957302));
#3572=CARTESIAN_POINT('Ctrl Pts',(-35.5256176282326,-9.63260408182903,-8.89155876957302));
#3573=CARTESIAN_POINT('Ctrl Pts',(-35.6603992083808,-9.64889049078604,-8.89155876957302));
#3574=CARTESIAN_POINT('Ctrl Pts',(-35.8632374277596,-9.69559390054353,-8.89155876957302));
#3575=CARTESIAN_POINT('Ctrl Pts',(-36.2204105309085,-9.8219239911643,-8.89155876957301));
#3576=CARTESIAN_POINT('Ctrl Pts',(-37.2039170434093,-10.3330255452368,-8.89155876957302));
#3577=CARTESIAN_POINT('Ctrl Pts',(-38.5611662042852,-11.4165355772994,-8.89155876957301));
#3578=CARTESIAN_POINT('Ctrl Pts',(-39.8810968951425,-12.8243562806928,-8.89155876957302));
#3579=CARTESIAN_POINT('Ctrl Pts',(-40.6549990787755,-13.9497162767522,-8.89155876957301));
#3580=CARTESIAN_POINT('Ctrl Pts',(-40.9776673348716,-14.5802655636375,-8.89155876957302));
#3581=CARTESIAN_POINT('Ctrl Pts',(-41.1044727187655,-14.9367266995099,-8.89155876957301));
#3582=CARTESIAN_POINT('Ctrl Pts',(-41.1510478877998,-15.139418733961,-8.89155876957302));
#3583=CARTESIAN_POINT('Ctrl Pts',(-41.1674043815557,-15.2743684143139,-8.89155876957301));
#3584=CARTESIAN_POINT('Ctrl Pts',(-41.1698736098306,-15.3536085959661,-8.89155876957301));
#3585=CARTESIAN_POINT('Ctrl Pts',(-41.1656431016235,-15.4065321914349,-8.89155876957301));
#3586=CARTESIAN_POINT('Ctrl Pts',(-35.4142370651379,-9.89418612814361,-9.));
#3587=CARTESIAN_POINT('Ctrl Pts',(-35.4475271197084,-9.8915250523434,-9.));
#3588=CARTESIAN_POINT('Ctrl Pts',(-35.5052401406123,-9.89299419206257,-9.));
#3589=CARTESIAN_POINT('Ctrl Pts',(-35.6120859656618,-9.90584938267371,-9.));
#3590=CARTESIAN_POINT('Ctrl Pts',(-35.786398672337,-9.94550153810548,-9.));
#3591=CARTESIAN_POINT('Ctrl Pts',(-36.112016314559,-10.060096462854,-9.));
#3592=CARTESIAN_POINT('Ctrl Pts',(-37.0508481523656,-10.5463026225239,-9.));
#3593=CARTESIAN_POINT('Ctrl Pts',(-38.3848639174557,-11.6086605454328,-8.99999999999999));
#3594=CARTESIAN_POINT('Ctrl Pts',(-39.6795548207569,-12.9917604334148,-9.00000000000001));
#3595=CARTESIAN_POINT('Ctrl Pts',(-40.4334604379563,-14.0880892927897,-8.99999999999999));
#3596=CARTESIAN_POINT('Ctrl Pts',(-40.7393559127414,-14.688380458962,-9.));
#3597=CARTESIAN_POINT('Ctrl Pts',(-40.854585709978,-15.0135905499282,-9.));
#3598=CARTESIAN_POINT('Ctrl Pts',(-40.8940917973344,-15.1877507448364,-9.));
#3599=CARTESIAN_POINT('Ctrl Pts',(-40.9070163845619,-15.2947527178398,-9.));
#3600=CARTESIAN_POINT('Ctrl Pts',(-40.9084729170177,-15.3524847639356,-9.));
#3601=CARTESIAN_POINT('Ctrl Pts',(-40.9058128341523,-15.3857623614704,-9.));
#3602=CARTESIAN_POINT('Ctrl Pts',(-35.424667400249,-10.0246696059194,-9.));
#3603=CARTESIAN_POINT('Ctrl Pts',(-35.4480438500952,-10.0228009846215,-9.));
#3604=CARTESIAN_POINT('Ctrl Pts',(-35.4949251505961,-10.0237609992034,-9.));
#3605=CARTESIAN_POINT('Ctrl Pts',(-35.5876935556922,-10.0348870121856,-9.));
#3606=CARTESIAN_POINT('Ctrl Pts',(-35.7476550983004,-10.0709878014814,-9.));
#3607=CARTESIAN_POINT('Ctrl Pts',(-36.0574179647255,-10.1796734998773,-9.));
#3608=CARTESIAN_POINT('Ctrl Pts',(-36.9740088534171,-10.6534168935401,-9.));
#3609=CARTESIAN_POINT('Ctrl Pts',(-38.2962936849964,-11.7051236555457,-8.99999999999999));
#3610=CARTESIAN_POINT('Ctrl Pts',(-39.5783611016217,-13.0758506966889,-9.00000000000001));
#3611=CARTESIAN_POINT('Ctrl Pts',(-40.3222102110285,-14.1575971803519,-8.99999999999999));
#3612=CARTESIAN_POINT('Ctrl Pts',(-40.6197077846053,-14.7428372317123,-9.));
#3613=CARTESIAN_POINT('Ctrl Pts',(-40.7291097708289,-15.0523460825667,-9.));
#3614=CARTESIAN_POINT('Ctrl Pts',(-40.7650555116573,-15.2121524880148,-9.));
#3615=CARTESIAN_POINT('Ctrl Pts',(-40.7762506315852,-15.305071069856,-9.));
#3616=CARTESIAN_POINT('Ctrl Pts',(-40.7771972813123,-15.3519643128762,-9.));
#3617=CARTESIAN_POINT('Ctrl Pts',(-40.7753293572583,-15.3753320153269,-9.));
#3618=CARTESIAN_POINT('',(-35.3848264548642,-9.52625943440319,-8.5));
#3619=CARTESIAN_POINT('Origin',(-35.424667400249,-10.0246696059194,-8.5));
#3620=CARTESIAN_POINT('Ctrl Pts',(-40.7753293572583,-15.3753320153269,-9.));
#3621=CARTESIAN_POINT('Ctrl Pts',(-40.7771972813123,-15.3519643128762,-9.));
#3622=CARTESIAN_POINT('Ctrl Pts',(-40.7762506315852,-15.305071069856,-9.));
#3623=CARTESIAN_POINT('Ctrl Pts',(-40.7650555116573,-15.2121524880148,-9.));
#3624=CARTESIAN_POINT('Ctrl Pts',(-40.7291097708289,-15.0523460825667,-9.));
#3625=CARTESIAN_POINT('Ctrl Pts',(-40.6197077846053,-14.7428372317123,-9.));
#3626=CARTESIAN_POINT('Ctrl Pts',(-40.3222102110285,-14.1575971803519,-8.99999999999999));
#3627=CARTESIAN_POINT('Ctrl Pts',(-39.5783611016217,-13.0758506966889,-9.00000000000001));
#3628=CARTESIAN_POINT('Ctrl Pts',(-38.2962936849964,-11.7051236555457,-8.99999999999999));
#3629=CARTESIAN_POINT('Ctrl Pts',(-36.9740088534171,-10.6534168935401,-9.));
#3630=CARTESIAN_POINT('Ctrl Pts',(-36.0574179647255,-10.1796734998773,-9.));
#3631=CARTESIAN_POINT('Ctrl Pts',(-35.7476550983004,-10.0709878014814,-9.));
#3632=CARTESIAN_POINT('Ctrl Pts',(-35.5876935556922,-10.0348870121856,-9.));
#3633=CARTESIAN_POINT('Ctrl Pts',(-35.4949251505961,-10.0237609992034,-9.));
#3634=CARTESIAN_POINT('Ctrl Pts',(-35.4480438500952,-10.0228009846215,-9.));
#3635=CARTESIAN_POINT('Ctrl Pts',(-35.424667400249,-10.0246696059194,-9.));
#3636=CARTESIAN_POINT('',(-41.273739525406,-15.4151730028523,-8.5));
#3637=CARTESIAN_POINT('Origin',(-40.7753293572583,-15.3753320153269,-8.5));
#3638=CARTESIAN_POINT('Ctrl Pts',(-35.3848264548642,-9.5262594344032,-8.5));
#3639=CARTESIAN_POINT('Ctrl Pts',(-35.4460003902209,-9.52136943103487,-8.5));
#3640=CARTESIAN_POINT('Ctrl Pts',(-35.5341959635155,-9.52427205385508,-8.5));
#3641=CARTESIAN_POINT('Ctrl Pts',(-35.680659323575,-9.54199342175818,-8.5));
#3642=CARTESIAN_POINT('Ctrl Pts',(-35.8953970157586,-9.59164306873536,-8.5));
#3643=CARTESIAN_POINT('Ctrl Pts',(-36.2657079404499,-9.72287501130725,-8.5));
#3644=CARTESIAN_POINT('Ctrl Pts',(-37.2675608828143,-10.2442851376718,-8.5));
#3645=CARTESIAN_POINT('Ctrl Pts',(-38.6345539923368,-11.3366305942759,-8.49999999999999));
#3646=CARTESIAN_POINT('Ctrl Pts',(-39.9649214468732,-12.7546844675719,-8.5));
#3647=CARTESIAN_POINT('Ctrl Pts',(-40.7471606112737,-13.8921262800621,-8.5));
#3648=CARTESIAN_POINT('Ctrl Pts',(-41.0767757402519,-14.5350859697323,-8.5));
#3649=CARTESIAN_POINT('Ctrl Pts',(-41.2084150119691,-14.9045574654648,-8.5));
#3650=CARTESIAN_POINT('Ctrl Pts',(-41.2579438690797,-15.1191509240974,-8.5));
#3651=CARTESIAN_POINT('Ctrl Pts',(-41.2757355390962,-15.2657873185063,-8.5));
#3652=CARTESIAN_POINT('Ctrl Pts',(-41.2786277041535,-15.3540219585935,-8.5));
#3653=CARTESIAN_POINT('Ctrl Pts',(-41.273739525406,-15.4151730028523,-8.5));
#3654=CARTESIAN_POINT('Ctrl Pts',(-41.273739525406,-15.4151730028523,-8.5));
#3655=CARTESIAN_POINT('Ctrl Pts',(-41.2515922591983,-15.6922349774727,-8.5));
#3656=CARTESIAN_POINT('Ctrl Pts',(-41.0922322791361,-15.851594944061,-8.5));
#3657=CARTESIAN_POINT('Ctrl Pts',(-40.8151703026431,-15.8737421868432,-8.5));
#3658=CARTESIAN_POINT('Ctrl Pts',(-41.273739525406,-15.4151730028523,-8.64959965017094));
#3659=CARTESIAN_POINT('Ctrl Pts',(-41.2574224349781,-15.6710329820948,-8.64524809473971));
#3660=CARTESIAN_POINT('Ctrl Pts',(-41.0710302832652,-15.8574251180482,-8.64524809473971));
#3661=CARTESIAN_POINT('Ctrl Pts',(-40.8151703026431,-15.8737421868432,-8.64959965017094));
#3662=CARTESIAN_POINT('Ctrl Pts',(-41.1485304222735,-15.4051642698152,-8.90854728388928));
#3663=CARTESIAN_POINT('Ctrl Pts',(-41.1244672310582,-15.5473965590233,-8.93308443629808));
#3664=CARTESIAN_POINT('Ctrl Pts',(-40.947393871435,-15.7244699036749,-8.93308443629808));
#3665=CARTESIAN_POINT('Ctrl Pts',(-40.8051615801924,-15.7485330828644,-8.90854728388928));
#3666=CARTESIAN_POINT('Ctrl Pts',(-40.8871723374531,-15.3842723120213,-9.));
#3667=CARTESIAN_POINT('Ctrl Pts',(-40.8548159005915,-15.4123663087909,-9.00344629632249));
#3668=CARTESIAN_POINT('Ctrl Pts',(-40.8123636440017,-15.4548185617913,-9.00344629632249));
#3669=CARTESIAN_POINT('Ctrl Pts',(-40.7842696444964,-15.4871749962776,-9.));
#3670=CARTESIAN_POINT('Ctrl Pts',(-40.7753293572583,-15.3753320153269,-9.));
#3671=CARTESIAN_POINT('Ctrl Pts',(-40.7753293572583,-15.3753320153269,-9.));
#3672=CARTESIAN_POINT('Ctrl Pts',(-40.7753293572583,-15.3753320153269,-9.));
#3673=CARTESIAN_POINT('Ctrl Pts',(-40.7753293572583,-15.3753320153269,-9.));
#3674=CARTESIAN_POINT('Ctrl Pts',(-41.273739525406,-15.4151730028523,-8.5));
#3675=CARTESIAN_POINT('Ctrl Pts',(-41.2515922591983,-15.6922349774727,-8.5));
#3676=CARTESIAN_POINT('Ctrl Pts',(-41.0922322791361,-15.851594944061,-8.5));
#3677=CARTESIAN_POINT('Ctrl Pts',(-40.8151703026431,-15.8737421868432,-8.5));
#3678=CARTESIAN_POINT('Ctrl Pts',(-34.9262572321013,-9.98482861839408,-8.5));
#3679=CARTESIAN_POINT('Ctrl Pts',(-34.948404498309,-9.70776664377365,-8.5));
#3680=CARTESIAN_POINT('Ctrl Pts',(-35.1077644783712,-9.54840667718534,-8.5));
#3681=CARTESIAN_POINT('Ctrl Pts',(-35.3848264548642,-9.52625943440319,-8.5));
#3682=CARTESIAN_POINT('Ctrl Pts',(-34.9262572321013,-9.98482861839408,-8.64959965017094));
#3683=CARTESIAN_POINT('Ctrl Pts',(-34.9425743225292,-9.7289686391516,-8.64524809473971));
#3684=CARTESIAN_POINT('Ctrl Pts',(-35.1289664742421,-9.54257650319818,-8.64524809473971));
#3685=CARTESIAN_POINT('Ctrl Pts',(-35.3848264548642,-9.52625943440319,-8.64959965017094));
#3686=CARTESIAN_POINT('Ctrl Pts',(-35.0514548019562,-9.99483642950543,-8.90856116633733));
#3687=CARTESIAN_POINT('Ctrl Pts',(-35.0755179931715,-9.85260414029736,-8.93309831874613));
#3688=CARTESIAN_POINT('Ctrl Pts',(-35.2526019641475,-9.67552018429385,-8.93309831874613));
#3689=CARTESIAN_POINT('Ctrl Pts',(-35.3948342553901,-9.6514570051043,-8.90856116633733));
#3690=CARTESIAN_POINT('Ctrl Pts',(-35.3128244200542,-10.015729309225,-9.));
#3691=CARTESIAN_POINT('Ctrl Pts',(-35.3451808569158,-9.98763531245545,-9.00344629632249));
#3692=CARTESIAN_POINT('Ctrl Pts',(-35.3876331135056,-9.94518305945504,-9.00344629632249));
#3693=CARTESIAN_POINT('Ctrl Pts',(-35.4157271130109,-9.91282662496873,-9.));
#3694=CARTESIAN_POINT('Ctrl Pts',(-35.424667400249,-10.0246696059194,-9.));
#3695=CARTESIAN_POINT('Ctrl Pts',(-35.424667400249,-10.0246696059194,-9.));
#3696=CARTESIAN_POINT('Ctrl Pts',(-35.424667400249,-10.0246696059194,-9.));
#3697=CARTESIAN_POINT('Ctrl Pts',(-35.424667400249,-10.0246696059194,-9.));
#3698=CARTESIAN_POINT('',(-35.0599488271258,-9.65995100195928,-8.5));
#3699=CARTESIAN_POINT('Ctrl Pts',(-35.0599488271258,-9.65995100195928,-8.5));
#3700=CARTESIAN_POINT('Ctrl Pts',(-35.1371899774789,-9.58270985813688,-8.5));
#3701=CARTESIAN_POINT('Ctrl Pts',(-35.2462954666177,-9.53733305579427,-8.5));
#3702=CARTESIAN_POINT('Ctrl Pts',(-35.3848264548642,-9.52625943440319,-8.5));
#3703=CARTESIAN_POINT('Ctrl Pts',(-34.9262572321013,-9.98482861839408,-8.5));
#3704=CARTESIAN_POINT('Ctrl Pts',(-34.9373308652052,-9.84629763108387,-8.5));
#3705=CARTESIAN_POINT('Ctrl Pts',(-34.9827076767726,-9.73719214578168,-8.5));
#3706=CARTESIAN_POINT('Ctrl Pts',(-35.0599488271258,-9.65995100195928,-8.5));
#3707=CARTESIAN_POINT('Origin',(-38.0999983787537,-12.7000008106232,-9.));
#3708=CARTESIAN_POINT('Ctrl Pts',(-35.059439348191,-9.65944152298148,-7.));
#3709=CARTESIAN_POINT('Ctrl Pts',(-35.9786782025943,-8.74020274629976,-7.));
#3710=CARTESIAN_POINT('Ctrl Pts',(-39.019237233157,-11.7807620339415,-7.));
#3711=CARTESIAN_POINT('Ctrl Pts',(-42.0597962637196,-14.8213213215831,-7.));
#3712=CARTESIAN_POINT('Ctrl Pts',(-41.1405574093163,-15.7405600982649,-7.));
#3713=CARTESIAN_POINT('Ctrl Pts',(-40.221318554913,-16.6597988749466,-7.));
#3714=CARTESIAN_POINT('Ctrl Pts',(-37.1807595243503,-13.6192395873049,-7.));
#3715=CARTESIAN_POINT('Ctrl Pts',(-34.1402004937877,-10.5786802996632,-7.));
#3716=CARTESIAN_POINT('Ctrl Pts',(-35.059439348191,-9.65944152298148,-7.));
#3717=CARTESIAN_POINT('Ctrl Pts',(-35.059439348191,-9.65944152298148,-8.5));
#3718=CARTESIAN_POINT('Ctrl Pts',(-35.9786782025943,-8.74020274629976,-8.5));
#3719=CARTESIAN_POINT('Ctrl Pts',(-39.019237233157,-11.7807620339415,-8.5));
#3720=CARTESIAN_POINT('Ctrl Pts',(-42.0597962637196,-14.8213213215831,-8.5));
#3721=CARTESIAN_POINT('Ctrl Pts',(-41.1405574093163,-15.7405600982649,-8.5));
#3722=CARTESIAN_POINT('Ctrl Pts',(-40.221318554913,-16.6597988749466,-8.5));
#3723=CARTESIAN_POINT('Ctrl Pts',(-37.1807595243503,-13.6192395873049,-8.5));
#3724=CARTESIAN_POINT('Ctrl Pts',(-34.1402004937877,-10.5786802996632,-8.5));
#3725=CARTESIAN_POINT('Ctrl Pts',(-35.059439348191,-9.65944152298148,-8.5));
#3726=CARTESIAN_POINT('',(-35.059439348191,-9.65944152298148,0.));
#3727=CARTESIAN_POINT('Origin',(-33.6098726313756,-17.1901279418215,-1.));
#3728=CARTESIAN_POINT('',(-30.7098726313755,-17.1901279418215,-1.));
#3729=CARTESIAN_POINT('Origin',(-29.7098726313755,-17.1901279418215,-1.));
#3730=CARTESIAN_POINT('',(-36.5098726313756,-17.1901279418215,-1.));
#3731=CARTESIAN_POINT('Origin',(-33.6098726313756,-17.1901279418215,-1.));
#3732=CARTESIAN_POINT('Origin',(-33.6098726313756,-17.1901279418215,-1.));
#3733=CARTESIAN_POINT('Origin',(-33.6098726313756,-17.1901279418215,0.));
#3734=CARTESIAN_POINT('',(-36.5098726313756,-17.1901279418215,-2.5));
#3735=CARTESIAN_POINT('',(-36.5098726313756,-17.1901279418215,0.));
#3736=CARTESIAN_POINT('Origin',(-33.6098726313756,-17.1901279418215,-2.5));
#3737=CARTESIAN_POINT('Origin',(-42.5901293951823,-8.20987246349003,-1.));
#3738=CARTESIAN_POINT('',(-39.6901293951823,-8.20987246349003,-1.));
#3739=CARTESIAN_POINT('Origin',(-38.6901293951823,-8.20987246349003,-1.));
#3740=CARTESIAN_POINT('',(-45.4901293951823,-8.20987246349003,-1.));
#3741=CARTESIAN_POINT('Origin',(-42.5901293951823,-8.20987246349003,-1.));
#3742=CARTESIAN_POINT('Origin',(-42.5901293951823,-8.20987246349003,-1.));
#3743=CARTESIAN_POINT('Origin',(-42.5901293951823,-8.20987246349003,0.));
#3744=CARTESIAN_POINT('',(-45.4901293951823,-8.20987246349003,-2.5));
#3745=CARTESIAN_POINT('',(-45.4901293951823,-8.20987246349003,0.));
#3746=CARTESIAN_POINT('Origin',(-42.5901293951823,-8.20987246349003,-2.5));
#3747=CARTESIAN_POINT('Origin',(-33.6098726313756,-17.1901279418215,-2.5));
#3748=CARTESIAN_POINT('',(-35.1598726313755,-17.1901279418215,-2.5));
#3749=CARTESIAN_POINT('Origin',(-33.6098726313756,-17.1901279418215,-2.5));
#3750=CARTESIAN_POINT('Origin',(-42.5901293951823,-8.20987246349003,-2.5));
#3751=CARTESIAN_POINT('',(-44.1401293951823,-8.20987246349003,-2.5));
#3752=CARTESIAN_POINT('Origin',(-42.5901293951823,-8.20987246349003,-2.5));
#3753=CARTESIAN_POINT('Origin',(-38.1000016212463,-12.7000008106232,0.));
#3754=CARTESIAN_POINT('Origin',(-33.6098726313756,-17.1901279418215,0.));
#3755=CARTESIAN_POINT('',(-35.1598726313755,-17.1901279418215,0.));
#3756=CARTESIAN_POINT('Origin',(-42.5901293951823,-8.20987246349003,0.));
#3757=CARTESIAN_POINT('',(-44.1401293951823,-8.20987246349003,0.));
#3758=CARTESIAN_POINT('Ctrl Pts',(-35.424667400249,10.0246696059194,-9.));
#3759=CARTESIAN_POINT('Ctrl Pts',(-35.4228047030304,10.0479719207366,-9.));
#3760=CARTESIAN_POINT('Ctrl Pts',(-35.4237331115989,10.0946263981309,-9.));
#3761=CARTESIAN_POINT('Ctrl Pts',(-35.4348621225352,10.1874677589212,-9.));
#3762=CARTESIAN_POINT('Ctrl Pts',(-35.4709263515663,10.3477747287114,-9.));
#3763=CARTESIAN_POINT('Ctrl Pts',(-35.5795626732064,10.6551569187991,-9.));
#3764=CARTESIAN_POINT('Ctrl Pts',(-35.877617360405,11.2433063365247,-9.00000000000001));
#3765=CARTESIAN_POINT('Ctrl Pts',(-36.6211254881176,12.3194130807673,-9.));
#3766=CARTESIAN_POINT('Ctrl Pts',(-37.6439306613024,13.4233858886054,-9.));
#3767=CARTESIAN_POINT('Ctrl Pts',(-38.7876216663765,14.3927570701422,-9.));
#3768=CARTESIAN_POINT('Ctrl Pts',(-39.5588877017039,14.9231821643783,-8.99999999999999));
#3769=CARTESIAN_POINT('Ctrl Pts',(-40.143551389053,15.2200029702356,-9.));
#3770=CARTESIAN_POINT('Ctrl Pts',(-40.4528022053507,15.3292794221232,-9.));
#3771=CARTESIAN_POINT('Ctrl Pts',(-40.6122090499795,15.3650902490627,-9.));
#3772=CARTESIAN_POINT('Ctrl Pts',(-40.7054192025405,15.3762974275499,-9.));
#3773=CARTESIAN_POINT('Ctrl Pts',(-40.7519917830512,15.3771975290595,-9.));
#3774=CARTESIAN_POINT('Ctrl Pts',(-40.7753293572583,15.3753320153269,-9.));
#3775=CARTESIAN_POINT('Ctrl Pts',(-35.294183923355,10.014239259776,-9.));
#3776=CARTESIAN_POINT('Ctrl Pts',(-35.2915312839481,10.0474237397542,-9.));
#3777=CARTESIAN_POINT('Ctrl Pts',(-35.2929578536779,10.1049004759932,-9.));
#3778=CARTESIAN_POINT('Ctrl Pts',(-35.3058085536882,10.211871991305,-9.));
#3779=CARTESIAN_POINT('Ctrl Pts',(-35.3454243511339,10.3866353819318,-9.));
#3780=CARTESIAN_POINT('Ctrl Pts',(-35.4598704805062,10.7096896311907,-9.));
#3781=CARTESIAN_POINT('Ctrl Pts',(-35.7661797782473,11.313123577547,-9.00000000000001));
#3782=CARTESIAN_POINT('Ctrl Pts',(-36.5202794357191,12.4038156921649,-9.));
#3783=CARTESIAN_POINT('Ctrl Pts',(-37.5519745406226,13.5171749697016,-9.));
#3784=CARTESIAN_POINT('Ctrl Pts',(-38.7073193480322,14.4966696708058,-9.));
#3785=CARTESIAN_POINT('Ctrl Pts',(-39.4891275616158,15.0346345727813,-8.99999999999999));
#3786=CARTESIAN_POINT('Ctrl Pts',(-40.0889400662785,15.3396813738865,-9.));
#3787=CARTESIAN_POINT('Ctrl Pts',(-40.4139590620364,15.4547945048073,-9.));
#3788=CARTESIAN_POINT('Ctrl Pts',(-40.5877507325966,15.4941406797931,-9.));
#3789=CARTESIAN_POINT('Ctrl Pts',(-40.6951305780278,15.5070763994299,-9.));
#3790=CARTESIAN_POINT('Ctrl Pts',(-40.7525250000183,15.5084721434652,-9.));
#3791=CARTESIAN_POINT('Ctrl Pts',(-40.7857596923694,15.5058154931027,-9.));
#3792=CARTESIAN_POINT('Ctrl Pts',(-35.0343536558838,9.99346942981143,-8.89155876957306));
#3793=CARTESIAN_POINT('Ctrl Pts',(-35.030134985508,10.0462449341842,-8.89155876957306));
#3794=CARTESIAN_POINT('Ctrl Pts',(-35.0325499018387,10.1251796755808,-8.89155876957306));
#3795=CARTESIAN_POINT('Ctrl Pts',(-35.0488155237162,10.2601697206181,-8.89155876957306));
#3796=CARTESIAN_POINT('Ctrl Pts',(-35.0954757545985,10.4636069205413,-8.89155876957306));
#3797=CARTESIAN_POINT('Ctrl Pts',(-35.2214607503688,10.8177896643494,-8.89155876957306));
#3798=CARTESIAN_POINT('Ctrl Pts',(-35.5441751628498,11.4516620573193,-8.89155876957306));
#3799=CARTESIAN_POINT('Ctrl Pts',(-36.3194520934161,12.5715780157636,-8.89155876957306));
#3800=CARTESIAN_POINT('Ctrl Pts',(-37.3689536583901,13.7038445042845,-8.89155876957306));
#3801=CARTESIAN_POINT('Ctrl Pts',(-38.5478177802622,14.7036571944317,-8.89155876957306));
#3802=CARTESIAN_POINT('Ctrl Pts',(-39.3506784383936,15.2566546720306,-8.89155876957305));
#3803=CARTESIAN_POINT('Ctrl Pts',(-39.9806877853925,15.5780662427597,-8.89155876957306));
#3804=CARTESIAN_POINT('Ctrl Pts',(-40.337021276809,15.7047685033474,-8.89155876957306));
#3805=CARTESIAN_POINT('Ctrl Pts',(-40.5393458671416,15.7511275644746,-8.89155876957306));
#3806=CARTESIAN_POINT('Ctrl Pts',(-40.6748224510489,15.7674916663162,-8.89155876957306));
#3807=CARTESIAN_POINT('Ctrl Pts',(-40.753674139888,15.7698708115976,-8.89155876957306));
#3808=CARTESIAN_POINT('Ctrl Pts',(-40.8065295003653,15.7656457623301,-8.89155876957306));
#3809=CARTESIAN_POINT('Ctrl Pts',(-34.9262572321013,9.98482861839408,-8.63089969389957));
#3810=CARTESIAN_POINT('Ctrl Pts',(-34.9213763963409,10.0458878019928,-8.63089969389957));
#3811=CARTESIAN_POINT('Ctrl Pts',(-34.9242080480299,10.1338906040139,-8.63089969389957));
#3812=CARTESIAN_POINT('Ctrl Pts',(-34.9419149356256,10.280718485637,-8.63089969389958));
#3813=CARTESIAN_POINT('Ctrl Pts',(-34.9915482694631,10.4962575951669,-8.63089969389958));
#3814=CARTESIAN_POINT('Ctrl Pts',(-35.1223798007981,10.8635115097332,-8.63089969389958));
#3815=CARTESIAN_POINT('Ctrl Pts',(-35.4519683874683,11.5100432417284,-8.63089969389958));
#3816=CARTESIAN_POINT('Ctrl Pts',(-36.2359234832455,12.6418417985919,-8.63089969389957));
#3817=CARTESIAN_POINT('Ctrl Pts',(-37.2926740300671,13.7816440587504,-8.63089969389958));
#3818=CARTESIAN_POINT('Ctrl Pts',(-38.4808441639698,14.7896663950571,-8.63089969389958));
#3819=CARTESIAN_POINT('Ctrl Pts',(-39.292371635714,15.3488893434065,-8.63089969389957));
#3820=CARTESIAN_POINT('Ctrl Pts',(-39.934896047808,15.6771328812308,-8.63089969389958));
#3821=CARTESIAN_POINT('Ctrl Pts',(-40.3043863466916,15.808707547456,-8.63089969389957));
#3822=CARTESIAN_POINT('Ctrl Pts',(-40.5187516706984,15.8580254376349,-8.63089969389957));
#3823=CARTESIAN_POINT('Ctrl Pts',(-40.6660994281518,15.8758366864244,-8.63089969389957));
#3824=CARTESIAN_POINT('Ctrl Pts',(-40.7540187286711,15.8786304027305,-8.63089969389957));
#3825=CARTESIAN_POINT('Ctrl Pts',(-40.8151703026431,15.8737421868432,-8.63089969389957));
#3826=CARTESIAN_POINT('Ctrl Pts',(-34.9262572321013,9.98482861839408,-8.5));
#3827=CARTESIAN_POINT('Ctrl Pts',(-34.9213827314825,10.0458085494643,-8.5));
#3828=CARTESIAN_POINT('Ctrl Pts',(-34.9242110792165,10.1337275400891,-8.5));
#3829=CARTESIAN_POINT('Ctrl Pts',(-34.9419057379965,10.2804475757041,-8.5));
#3830=CARTESIAN_POINT('Ctrl Pts',(-34.9915138433417,10.4958839178782,-8.5));
#3831=CARTESIAN_POINT('Ctrl Pts',(-35.1223179895885,10.8630659581429,-8.5));
#3832=CARTESIAN_POINT('Ctrl Pts',(-35.451877319544,11.5095999964321,-8.5));
#3833=CARTESIAN_POINT('Ctrl Pts',(-36.2359109963732,12.6415622588428,-8.5));
#3834=CARTESIAN_POINT('Ctrl Pts',(-37.2927560802054,13.7815608265024,-8.5));
#3835=CARTESIAN_POINT('Ctrl Pts',(-38.481210834144,14.789727766587,-8.5));
#3836=CARTESIAN_POINT('Ctrl Pts',(-39.2927927570225,15.3489676541965,-8.49999999999999));
#3837=CARTESIAN_POINT('Ctrl Pts',(-39.935345495953,15.677197051973,-8.5));
#3838=CARTESIAN_POINT('Ctrl Pts',(-40.3047590118269,15.808741384279,-8.5));
#3839=CARTESIAN_POINT('Ctrl Pts',(-40.5190230919381,15.8580347294059,-8.5));
#3840=CARTESIAN_POINT('Ctrl Pts',(-40.6662625276862,15.8758335820748,-8.5));
#3841=CARTESIAN_POINT('Ctrl Pts',(-40.7540981011188,15.8786240580097,-8.5));
#3842=CARTESIAN_POINT('Ctrl Pts',(-40.8151703026431,15.8737421868432,-8.5));
#3843=CARTESIAN_POINT('',(-34.9262572321013,9.98482861839409,-8.5));
#3844=CARTESIAN_POINT('',(-35.424667400249,10.0246696059194,-9.));
#3845=CARTESIAN_POINT('Ctrl Pts',(-34.9262572321013,9.98482861839408,-8.5));
#3846=CARTESIAN_POINT('Ctrl Pts',(-34.9262572321013,9.98482861839408,-8.63089969389957));
#3847=CARTESIAN_POINT('Ctrl Pts',(-35.0343536558838,9.99346942981143,-8.89155876957306));
#3848=CARTESIAN_POINT('Ctrl Pts',(-35.294183923355,10.014239259776,-9.));
#3849=CARTESIAN_POINT('Ctrl Pts',(-35.424667400249,10.0246696059194,-9.));
#3850=CARTESIAN_POINT('',(-40.7753293572583,15.3753320153269,-9.));
#3851=CARTESIAN_POINT('Ctrl Pts',(-35.424667400249,10.0246696059194,-9.));
#3852=CARTESIAN_POINT('Ctrl Pts',(-35.4228047030304,10.0479719207366,-9.));
#3853=CARTESIAN_POINT('Ctrl Pts',(-35.4237331115989,10.0946263981309,-9.));
#3854=CARTESIAN_POINT('Ctrl Pts',(-35.4348621225352,10.1874677589212,-9.));
#3855=CARTESIAN_POINT('Ctrl Pts',(-35.4709263515663,10.3477747287114,-9.));
#3856=CARTESIAN_POINT('Ctrl Pts',(-35.5795626732064,10.6551569187991,-9.));
#3857=CARTESIAN_POINT('Ctrl Pts',(-35.877617360405,11.2433063365247,-9.00000000000001));
#3858=CARTESIAN_POINT('Ctrl Pts',(-36.6211254881176,12.3194130807673,-9.));
#3859=CARTESIAN_POINT('Ctrl Pts',(-37.6439306613024,13.4233858886054,-9.));
#3860=CARTESIAN_POINT('Ctrl Pts',(-38.7876216663765,14.3927570701422,-9.));
#3861=CARTESIAN_POINT('Ctrl Pts',(-39.5588877017039,14.9231821643783,-8.99999999999999));
#3862=CARTESIAN_POINT('Ctrl Pts',(-40.143551389053,15.2200029702356,-9.));
#3863=CARTESIAN_POINT('Ctrl Pts',(-40.4528022053507,15.3292794221232,-9.));
#3864=CARTESIAN_POINT('Ctrl Pts',(-40.6122090499795,15.3650902490627,-9.));
#3865=CARTESIAN_POINT('Ctrl Pts',(-40.7054192025405,15.3762974275499,-9.));
#3866=CARTESIAN_POINT('Ctrl Pts',(-40.7519917830512,15.3771975290595,-9.));
#3867=CARTESIAN_POINT('Ctrl Pts',(-40.7753293572583,15.3753320153269,-9.));
#3868=CARTESIAN_POINT('',(-40.8151703026431,15.8737421868432,-8.5));
#3869=CARTESIAN_POINT('Ctrl Pts',(-40.7753293572583,15.3753320153269,-9.));
#3870=CARTESIAN_POINT('Ctrl Pts',(-40.7857596923694,15.5058154931027,-9.));
#3871=CARTESIAN_POINT('Ctrl Pts',(-40.8065295003653,15.7656457623301,-8.89155876957306));
#3872=CARTESIAN_POINT('Ctrl Pts',(-40.8151703026431,15.8737421868432,-8.63089969389957));
#3873=CARTESIAN_POINT('Ctrl Pts',(-40.8151703026431,15.8737421868432,-8.5));
#3874=CARTESIAN_POINT('Ctrl Pts',(-40.8151703026431,15.8737421868432,-8.5));
#3875=CARTESIAN_POINT('Ctrl Pts',(-40.7540981011188,15.8786240580097,-8.5));
#3876=CARTESIAN_POINT('Ctrl Pts',(-40.6662625276862,15.8758335820748,-8.5));
#3877=CARTESIAN_POINT('Ctrl Pts',(-40.5190230919381,15.8580347294059,-8.5));
#3878=CARTESIAN_POINT('Ctrl Pts',(-40.3047590118269,15.808741384279,-8.5));
#3879=CARTESIAN_POINT('Ctrl Pts',(-39.935345495953,15.677197051973,-8.5));
#3880=CARTESIAN_POINT('Ctrl Pts',(-39.2927927570225,15.3489676541965,-8.49999999999999));
#3881=CARTESIAN_POINT('Ctrl Pts',(-38.481210834144,14.789727766587,-8.5));
#3882=CARTESIAN_POINT('Ctrl Pts',(-37.2927560802054,13.7815608265024,-8.5));
#3883=CARTESIAN_POINT('Ctrl Pts',(-36.2359109963732,12.6415622588428,-8.5));
#3884=CARTESIAN_POINT('Ctrl Pts',(-35.451877319544,11.5095999964321,-8.5));
#3885=CARTESIAN_POINT('Ctrl Pts',(-35.1223179895885,10.8630659581429,-8.5));
#3886=CARTESIAN_POINT('Ctrl Pts',(-34.9915138433417,10.4958839178782,-8.5));
#3887=CARTESIAN_POINT('Ctrl Pts',(-34.9419057379965,10.2804475757041,-8.5));
#3888=CARTESIAN_POINT('Ctrl Pts',(-34.9242110792165,10.1337275400891,-8.5));
#3889=CARTESIAN_POINT('Ctrl Pts',(-34.9213827314825,10.0458085494643,-8.5));
#3890=CARTESIAN_POINT('Ctrl Pts',(-34.9262572321013,9.98482861839408,-8.5));
#3891=CARTESIAN_POINT('Ctrl Pts',(-35.3848264548642,9.5262594344032,-8.5));
#3892=CARTESIAN_POINT('Ctrl Pts',(-35.4460003902209,9.52136943103487,-8.5));
#3893=CARTESIAN_POINT('Ctrl Pts',(-35.5341959635155,9.52427205385508,-8.5));
#3894=CARTESIAN_POINT('Ctrl Pts',(-35.680659323575,9.54199342175818,-8.5));
#3895=CARTESIAN_POINT('Ctrl Pts',(-35.8953970157586,9.59164306873536,-8.5));
#3896=CARTESIAN_POINT('Ctrl Pts',(-36.2657079404499,9.72287501130725,-8.5));
#3897=CARTESIAN_POINT('Ctrl Pts',(-37.2675608828143,10.2442851376718,-8.5));
#3898=CARTESIAN_POINT('Ctrl Pts',(-38.6345539923368,11.3366305942759,-8.49999999999999));
#3899=CARTESIAN_POINT('Ctrl Pts',(-39.9649214468732,12.7546844675719,-8.5));
#3900=CARTESIAN_POINT('Ctrl Pts',(-40.7471606112737,13.8921262800621,-8.5));
#3901=CARTESIAN_POINT('Ctrl Pts',(-41.0767757402519,14.5350859697323,-8.5));
#3902=CARTESIAN_POINT('Ctrl Pts',(-41.2084150119691,14.9045574654648,-8.5));
#3903=CARTESIAN_POINT('Ctrl Pts',(-41.2579438690797,15.1191509240974,-8.5));
#3904=CARTESIAN_POINT('Ctrl Pts',(-41.2757355390962,15.2657873185063,-8.5));
#3905=CARTESIAN_POINT('Ctrl Pts',(-41.2786277041535,15.3540219585935,-8.5));
#3906=CARTESIAN_POINT('Ctrl Pts',(-41.273739525406,15.4151730028523,-8.5));
#3907=CARTESIAN_POINT('Ctrl Pts',(-35.3848264548642,9.5262594344032,-8.63089969389957));
#3908=CARTESIAN_POINT('Ctrl Pts',(-35.4460798948869,9.52136307574512,-8.63089969389957));
#3909=CARTESIAN_POINT('Ctrl Pts',(-35.5343437436441,9.52426810159231,-8.63089969389957));
#3910=CARTESIAN_POINT('Ctrl Pts',(-35.6808947455177,9.54200044017466,-8.63089969389957));
#3911=CARTESIAN_POINT('Ctrl Pts',(-35.8956795041024,9.59166875176194,-8.63089969389958));
#3912=CARTESIAN_POINT('Ctrl Pts',(-36.2660049440014,9.7229295984281,-8.63089969389957));
#3913=CARTESIAN_POINT('Ctrl Pts',(-37.2675066660545,10.2442684586523,-8.63089969389957));
#3914=CARTESIAN_POINT('Ctrl Pts',(-38.6346145204644,11.3366660967108,-8.63089969389957));
#3915=CARTESIAN_POINT('Ctrl Pts',(-39.9648885812237,12.7546446366726,-8.63089969389958));
#3916=CARTESIAN_POINT('Ctrl Pts',(-40.7471539545629,13.8920924305743,-8.63089969389957));
#3917=CARTESIAN_POINT('Ctrl Pts',(-41.0767235269962,14.5347913285321,-8.63089969389958));
#3918=CARTESIAN_POINT('Ctrl Pts',(-41.208389392784,14.9042761419954,-8.63089969389957));
#3919=CARTESIAN_POINT('Ctrl Pts',(-41.2579369646634,15.1189156684792,-8.63089969389958));
#3920=CARTESIAN_POINT('Ctrl Pts',(-41.2757395041665,15.265639648501,-8.63089969389958));
#3921=CARTESIAN_POINT('Ctrl Pts',(-41.2786340570719,15.3539424836779,-8.63089969389957));
#3922=CARTESIAN_POINT('Ctrl Pts',(-41.273739525406,15.4151730028523,-8.63089969389957));
#3923=CARTESIAN_POINT('Ctrl Pts',(-35.393467257142,9.63435585891628,-8.89155876957302));
#3924=CARTESIAN_POINT('Ctrl Pts',(-35.4464106638703,9.63012377157839,-8.89155876957302));
#3925=CARTESIAN_POINT('Ctrl Pts',(-35.5256176282326,9.63260408182903,-8.89155876957302));
#3926=CARTESIAN_POINT('Ctrl Pts',(-35.6603992083808,9.64889049078604,-8.89155876957302));
#3927=CARTESIAN_POINT('Ctrl Pts',(-35.8632374277596,9.69559390054353,-8.89155876957302));
#3928=CARTESIAN_POINT('Ctrl Pts',(-36.2204105309085,9.8219239911643,-8.89155876957301));
#3929=CARTESIAN_POINT('Ctrl Pts',(-37.2039170434093,10.3330255452368,-8.89155876957302));
#3930=CARTESIAN_POINT('Ctrl Pts',(-38.5611662042852,11.4165355772994,-8.89155876957301));
#3931=CARTESIAN_POINT('Ctrl Pts',(-39.8810968951425,12.8243562806928,-8.89155876957302));
#3932=CARTESIAN_POINT('Ctrl Pts',(-40.6549990787755,13.9497162767522,-8.89155876957301));
#3933=CARTESIAN_POINT('Ctrl Pts',(-40.9776673348716,14.5802655636375,-8.89155876957302));
#3934=CARTESIAN_POINT('Ctrl Pts',(-41.1044727187655,14.9367266995099,-8.89155876957301));
#3935=CARTESIAN_POINT('Ctrl Pts',(-41.1510478877998,15.139418733961,-8.89155876957302));
#3936=CARTESIAN_POINT('Ctrl Pts',(-41.1674043815557,15.2743684143139,-8.89155876957301));
#3937=CARTESIAN_POINT('Ctrl Pts',(-41.1698736098306,15.3536085959661,-8.89155876957301));
#3938=CARTESIAN_POINT('Ctrl Pts',(-41.1656431016235,15.4065321914349,-8.89155876957301));
#3939=CARTESIAN_POINT('Ctrl Pts',(-35.4142370651379,9.89418612814361,-9.));
#3940=CARTESIAN_POINT('Ctrl Pts',(-35.4475271197084,9.8915250523434,-9.));
#3941=CARTESIAN_POINT('Ctrl Pts',(-35.5052401406123,9.89299419206257,-9.));
#3942=CARTESIAN_POINT('Ctrl Pts',(-35.6120859656618,9.90584938267371,-9.));
#3943=CARTESIAN_POINT('Ctrl Pts',(-35.786398672337,9.94550153810548,-9.));
#3944=CARTESIAN_POINT('Ctrl Pts',(-36.112016314559,10.060096462854,-9.));
#3945=CARTESIAN_POINT('Ctrl Pts',(-37.0508481523656,10.5463026225239,-9.));
#3946=CARTESIAN_POINT('Ctrl Pts',(-38.3848639174557,11.6086605454328,-8.99999999999999));
#3947=CARTESIAN_POINT('Ctrl Pts',(-39.6795548207569,12.9917604334148,-9.00000000000001));
#3948=CARTESIAN_POINT('Ctrl Pts',(-40.4334604379563,14.0880892927897,-8.99999999999999));
#3949=CARTESIAN_POINT('Ctrl Pts',(-40.7393559127414,14.688380458962,-9.));
#3950=CARTESIAN_POINT('Ctrl Pts',(-40.854585709978,15.0135905499282,-9.));
#3951=CARTESIAN_POINT('Ctrl Pts',(-40.8940917973344,15.1877507448364,-9.));
#3952=CARTESIAN_POINT('Ctrl Pts',(-40.9070163845619,15.2947527178398,-9.));
#3953=CARTESIAN_POINT('Ctrl Pts',(-40.9084729170177,15.3524847639356,-9.));
#3954=CARTESIAN_POINT('Ctrl Pts',(-40.9058128341523,15.3857623614704,-9.));
#3955=CARTESIAN_POINT('Ctrl Pts',(-35.424667400249,10.0246696059194,-9.));
#3956=CARTESIAN_POINT('Ctrl Pts',(-35.4480438500952,10.0228009846215,-9.));
#3957=CARTESIAN_POINT('Ctrl Pts',(-35.4949251505961,10.0237609992034,-9.));
#3958=CARTESIAN_POINT('Ctrl Pts',(-35.5876935556922,10.0348870121856,-9.));
#3959=CARTESIAN_POINT('Ctrl Pts',(-35.7476550983004,10.0709878014814,-9.));
#3960=CARTESIAN_POINT('Ctrl Pts',(-36.0574179647255,10.1796734998773,-9.));
#3961=CARTESIAN_POINT('Ctrl Pts',(-36.9740088534171,10.6534168935401,-9.));
#3962=CARTESIAN_POINT('Ctrl Pts',(-38.2962936849964,11.7051236555457,-8.99999999999999));
#3963=CARTESIAN_POINT('Ctrl Pts',(-39.5783611016217,13.0758506966889,-9.00000000000001));
#3964=CARTESIAN_POINT('Ctrl Pts',(-40.3222102110285,14.1575971803519,-8.99999999999999));
#3965=CARTESIAN_POINT('Ctrl Pts',(-40.6197077846053,14.7428372317123,-9.));
#3966=CARTESIAN_POINT('Ctrl Pts',(-40.7291097708289,15.0523460825667,-9.));
#3967=CARTESIAN_POINT('Ctrl Pts',(-40.7650555116573,15.2121524880148,-9.));
#3968=CARTESIAN_POINT('Ctrl Pts',(-40.7762506315852,15.305071069856,-9.));
#3969=CARTESIAN_POINT('Ctrl Pts',(-40.7771972813123,15.3519643128762,-9.));
#3970=CARTESIAN_POINT('Ctrl Pts',(-40.7753293572583,15.3753320153269,-9.));
#3971=CARTESIAN_POINT('',(-35.3848264548642,9.52625943440319,-8.5));
#3972=CARTESIAN_POINT('Origin',(-35.424667400249,10.0246696059194,-8.5));
#3973=CARTESIAN_POINT('',(-41.273739525406,15.4151730028523,-8.5));
#3974=CARTESIAN_POINT('Ctrl Pts',(-35.3848264548642,9.5262594344032,-8.5));
#3975=CARTESIAN_POINT('Ctrl Pts',(-35.4460003902209,9.52136943103487,-8.5));
#3976=CARTESIAN_POINT('Ctrl Pts',(-35.5341959635155,9.52427205385508,-8.5));
#3977=CARTESIAN_POINT('Ctrl Pts',(-35.680659323575,9.54199342175818,-8.5));
#3978=CARTESIAN_POINT('Ctrl Pts',(-35.8953970157586,9.59164306873536,-8.5));
#3979=CARTESIAN_POINT('Ctrl Pts',(-36.2657079404499,9.72287501130725,-8.5));
#3980=CARTESIAN_POINT('Ctrl Pts',(-37.2675608828143,10.2442851376718,-8.5));
#3981=CARTESIAN_POINT('Ctrl Pts',(-38.6345539923368,11.3366305942759,-8.49999999999999));
#3982=CARTESIAN_POINT('Ctrl Pts',(-39.9649214468732,12.7546844675719,-8.5));
#3983=CARTESIAN_POINT('Ctrl Pts',(-40.7471606112737,13.8921262800621,-8.5));
#3984=CARTESIAN_POINT('Ctrl Pts',(-41.0767757402519,14.5350859697323,-8.5));
#3985=CARTESIAN_POINT('Ctrl Pts',(-41.2084150119691,14.9045574654648,-8.5));
#3986=CARTESIAN_POINT('Ctrl Pts',(-41.2579438690797,15.1191509240974,-8.5));
#3987=CARTESIAN_POINT('Ctrl Pts',(-41.2757355390962,15.2657873185063,-8.5));
#3988=CARTESIAN_POINT('Ctrl Pts',(-41.2786277041535,15.3540219585935,-8.5));
#3989=CARTESIAN_POINT('Ctrl Pts',(-41.273739525406,15.4151730028523,-8.5));
#3990=CARTESIAN_POINT('Origin',(-40.7753293572583,15.3753320153269,-8.5));
#3991=CARTESIAN_POINT('Ctrl Pts',(-40.7753293572583,15.3753320153269,-9.));
#3992=CARTESIAN_POINT('Ctrl Pts',(-40.7771972813123,15.3519643128762,-9.));
#3993=CARTESIAN_POINT('Ctrl Pts',(-40.7762506315852,15.305071069856,-9.));
#3994=CARTESIAN_POINT('Ctrl Pts',(-40.7650555116573,15.2121524880148,-9.));
#3995=CARTESIAN_POINT('Ctrl Pts',(-40.7291097708289,15.0523460825667,-9.));
#3996=CARTESIAN_POINT('Ctrl Pts',(-40.6197077846053,14.7428372317123,-9.));
#3997=CARTESIAN_POINT('Ctrl Pts',(-40.3222102110285,14.1575971803519,-8.99999999999999));
#3998=CARTESIAN_POINT('Ctrl Pts',(-39.5783611016217,13.0758506966889,-9.00000000000001));
#3999=CARTESIAN_POINT('Ctrl Pts',(-38.2962936849964,11.7051236555457,-8.99999999999999));
#4000=CARTESIAN_POINT('Ctrl Pts',(-36.9740088534171,10.6534168935401,-9.));
#4001=CARTESIAN_POINT('Ctrl Pts',(-36.0574179647255,10.1796734998773,-9.));
#4002=CARTESIAN_POINT('Ctrl Pts',(-35.7476550983004,10.0709878014814,-9.));
#4003=CARTESIAN_POINT('Ctrl Pts',(-35.5876935556922,10.0348870121856,-9.));
#4004=CARTESIAN_POINT('Ctrl Pts',(-35.4949251505961,10.0237609992034,-9.));
#4005=CARTESIAN_POINT('Ctrl Pts',(-35.4480438500952,10.0228009846215,-9.));
#4006=CARTESIAN_POINT('Ctrl Pts',(-35.424667400249,10.0246696059194,-9.));
#4007=CARTESIAN_POINT('Ctrl Pts',(-41.273739525406,15.4151730028523,-8.5));
#4008=CARTESIAN_POINT('Ctrl Pts',(-41.2515922591983,15.6922349774727,-8.5));
#4009=CARTESIAN_POINT('Ctrl Pts',(-41.0922322791361,15.851594944061,-8.5));
#4010=CARTESIAN_POINT('Ctrl Pts',(-40.8151703026431,15.8737421868432,-8.5));
#4011=CARTESIAN_POINT('Ctrl Pts',(-41.273739525406,15.4151730028523,-8.64959965017094));
#4012=CARTESIAN_POINT('Ctrl Pts',(-41.2574224349781,15.6710329820948,-8.64524809473971));
#4013=CARTESIAN_POINT('Ctrl Pts',(-41.0710302832652,15.8574251180482,-8.64524809473971));
#4014=CARTESIAN_POINT('Ctrl Pts',(-40.8151703026431,15.8737421868432,-8.64959965017094));
#4015=CARTESIAN_POINT('Ctrl Pts',(-41.1485304222735,15.4051642698152,-8.90854728388928));
#4016=CARTESIAN_POINT('Ctrl Pts',(-41.1244672310582,15.5473965590233,-8.93308443629808));
#4017=CARTESIAN_POINT('Ctrl Pts',(-40.947393871435,15.7244699036749,-8.93308443629808));
#4018=CARTESIAN_POINT('Ctrl Pts',(-40.8051615801924,15.7485330828644,-8.90854728388928));
#4019=CARTESIAN_POINT('Ctrl Pts',(-40.8871723374531,15.3842723120213,-9.));
#4020=CARTESIAN_POINT('Ctrl Pts',(-40.8548159005915,15.4123663087909,-9.00344629632249));
#4021=CARTESIAN_POINT('Ctrl Pts',(-40.8123636440017,15.4548185617913,-9.00344629632249));
#4022=CARTESIAN_POINT('Ctrl Pts',(-40.7842696444964,15.4871749962776,-9.));
#4023=CARTESIAN_POINT('Ctrl Pts',(-40.7753293572583,15.3753320153269,-9.));
#4024=CARTESIAN_POINT('Ctrl Pts',(-40.7753293572583,15.3753320153269,-9.));
#4025=CARTESIAN_POINT('Ctrl Pts',(-40.7753293572583,15.3753320153269,-9.));
#4026=CARTESIAN_POINT('Ctrl Pts',(-40.7753293572583,15.3753320153269,-9.));
#4027=CARTESIAN_POINT('Ctrl Pts',(-41.273739525406,15.4151730028523,-8.5));
#4028=CARTESIAN_POINT('Ctrl Pts',(-41.2515922591983,15.6922349774727,-8.5));
#4029=CARTESIAN_POINT('Ctrl Pts',(-41.0922322791361,15.851594944061,-8.5));
#4030=CARTESIAN_POINT('Ctrl Pts',(-40.8151703026431,15.8737421868432,-8.5));
#4031=CARTESIAN_POINT('Ctrl Pts',(-34.9262572321013,9.98482861839408,-8.5));
#4032=CARTESIAN_POINT('Ctrl Pts',(-34.948404498309,9.70776664377365,-8.5));
#4033=CARTESIAN_POINT('Ctrl Pts',(-35.1077644783712,9.54840667718534,-8.5));
#4034=CARTESIAN_POINT('Ctrl Pts',(-35.3848264548642,9.52625943440319,-8.5));
#4035=CARTESIAN_POINT('Ctrl Pts',(-34.9262572321013,9.98482861839408,-8.64959965017094));
#4036=CARTESIAN_POINT('Ctrl Pts',(-34.9425743225292,9.7289686391516,-8.64524809473971));
#4037=CARTESIAN_POINT('Ctrl Pts',(-35.1289664742421,9.54257650319818,-8.64524809473971));
#4038=CARTESIAN_POINT('Ctrl Pts',(-35.3848264548642,9.52625943440319,-8.64959965017094));
#4039=CARTESIAN_POINT('Ctrl Pts',(-35.0514548019562,9.99483642950543,-8.90856116633733));
#4040=CARTESIAN_POINT('Ctrl Pts',(-35.0755179931715,9.85260414029736,-8.93309831874613));
#4041=CARTESIAN_POINT('Ctrl Pts',(-35.2526019641475,9.67552018429385,-8.93309831874613));
#4042=CARTESIAN_POINT('Ctrl Pts',(-35.3948342553901,9.6514570051043,-8.90856116633733));
#4043=CARTESIAN_POINT('Ctrl Pts',(-35.3128244200542,10.015729309225,-9.));
#4044=CARTESIAN_POINT('Ctrl Pts',(-35.3451808569158,9.98763531245545,-9.00344629632249));
#4045=CARTESIAN_POINT('Ctrl Pts',(-35.3876331135056,9.94518305945504,-9.00344629632249));
#4046=CARTESIAN_POINT('Ctrl Pts',(-35.4157271130109,9.91282662496873,-9.));
#4047=CARTESIAN_POINT('Ctrl Pts',(-35.424667400249,10.0246696059194,-9.));
#4048=CARTESIAN_POINT('Ctrl Pts',(-35.424667400249,10.0246696059194,-9.));
#4049=CARTESIAN_POINT('Ctrl Pts',(-35.424667400249,10.0246696059194,-9.));
#4050=CARTESIAN_POINT('Ctrl Pts',(-35.424667400249,10.0246696059194,-9.));
#4051=CARTESIAN_POINT('',(-35.0599488271258,9.65995100195928,-8.5));
#4052=CARTESIAN_POINT('Ctrl Pts',(-34.9262572321013,9.98482861839408,-8.5));
#4053=CARTESIAN_POINT('Ctrl Pts',(-34.9373308652052,9.84629763108387,-8.5));
#4054=CARTESIAN_POINT('Ctrl Pts',(-34.9827076767726,9.73719214578168,-8.5));
#4055=CARTESIAN_POINT('Ctrl Pts',(-35.0599488271258,9.65995100195928,-8.5));
#4056=CARTESIAN_POINT('Ctrl Pts',(-35.0599488271258,9.65995100195928,-8.5));
#4057=CARTESIAN_POINT('Ctrl Pts',(-35.1371899774789,9.58270985813688,-8.5));
#4058=CARTESIAN_POINT('Ctrl Pts',(-35.2462954666177,9.53733305579427,-8.5));
#4059=CARTESIAN_POINT('Ctrl Pts',(-35.3848264548642,9.52625943440319,-8.5));
#4060=CARTESIAN_POINT('Origin',(-38.0999983787537,12.7000008106232,-9.));
#4061=CARTESIAN_POINT('Ctrl Pts',(-35.059439348191,9.65944152298148,-7.));
#4062=CARTESIAN_POINT('Ctrl Pts',(-35.9786782025943,8.74020274629976,-7.));
#4063=CARTESIAN_POINT('Ctrl Pts',(-39.019237233157,11.7807620339415,-7.));
#4064=CARTESIAN_POINT('Ctrl Pts',(-42.0597962637196,14.8213213215831,-7.));
#4065=CARTESIAN_POINT('Ctrl Pts',(-41.1405574093163,15.7405600982649,-7.));
#4066=CARTESIAN_POINT('Ctrl Pts',(-40.221318554913,16.6597988749466,-7.));
#4067=CARTESIAN_POINT('Ctrl Pts',(-37.1807595243503,13.6192395873049,-7.));
#4068=CARTESIAN_POINT('Ctrl Pts',(-34.1402004937877,10.5786802996632,-7.));
#4069=CARTESIAN_POINT('Ctrl Pts',(-35.059439348191,9.65944152298148,-7.));
#4070=CARTESIAN_POINT('Ctrl Pts',(-35.059439348191,9.65944152298148,-8.5));
#4071=CARTESIAN_POINT('Ctrl Pts',(-35.9786782025943,8.74020274629976,-8.5));
#4072=CARTESIAN_POINT('Ctrl Pts',(-39.019237233157,11.7807620339415,-8.5));
#4073=CARTESIAN_POINT('Ctrl Pts',(-42.0597962637196,14.8213213215831,-8.5));
#4074=CARTESIAN_POINT('Ctrl Pts',(-41.1405574093163,15.7405600982649,-8.5));
#4075=CARTESIAN_POINT('Ctrl Pts',(-40.221318554913,16.6597988749466,-8.5));
#4076=CARTESIAN_POINT('Ctrl Pts',(-37.1807595243503,13.6192395873049,-8.5));
#4077=CARTESIAN_POINT('Ctrl Pts',(-34.1402004937877,10.5786802996632,-8.5));
#4078=CARTESIAN_POINT('Ctrl Pts',(-35.059439348191,9.65944152298148,-8.5));
#4079=CARTESIAN_POINT('',(-35.059439348191,9.65944152298148,0.));
#4080=CARTESIAN_POINT('Origin',(-33.6098726313756,17.1901279418215,-1.));
#4081=CARTESIAN_POINT('',(-30.7098726313755,17.1901279418215,-1.));
#4082=CARTESIAN_POINT('Origin',(-29.7098726313755,17.1901279418215,-1.));
#4083=CARTESIAN_POINT('',(-36.5098726313756,17.1901279418215,-1.));
#4084=CARTESIAN_POINT('Origin',(-33.6098726313756,17.1901279418215,-1.));
#4085=CARTESIAN_POINT('Origin',(-33.6098726313756,17.1901279418215,-1.));
#4086=CARTESIAN_POINT('Origin',(-33.6098726313756,17.1901279418215,0.));
#4087=CARTESIAN_POINT('',(-36.5098726313756,17.1901279418215,-2.5));
#4088=CARTESIAN_POINT('',(-36.5098726313756,17.1901279418215,0.));
#4089=CARTESIAN_POINT('Origin',(-33.6098726313756,17.1901279418215,-2.5));
#4090=CARTESIAN_POINT('Origin',(-42.5901293951823,8.20987246349003,-1.));
#4091=CARTESIAN_POINT('',(-39.6901293951823,8.20987246349003,-1.));
#4092=CARTESIAN_POINT('Origin',(-38.6901293951823,8.20987246349003,-1.));
#4093=CARTESIAN_POINT('',(-45.4901293951823,8.20987246349003,-1.));
#4094=CARTESIAN_POINT('Origin',(-42.5901293951823,8.20987246349003,-1.));
#4095=CARTESIAN_POINT('Origin',(-42.5901293951823,8.20987246349003,-1.));
#4096=CARTESIAN_POINT('Origin',(-42.5901293951823,8.20987246349003,0.));
#4097=CARTESIAN_POINT('',(-45.4901293951823,8.20987246349003,-2.5));
#4098=CARTESIAN_POINT('',(-45.4901293951823,8.20987246349003,0.));
#4099=CARTESIAN_POINT('Origin',(-42.5901293951823,8.20987246349003,-2.5));
#4100=CARTESIAN_POINT('Origin',(-33.6098726313756,17.1901279418215,-2.5));
#4101=CARTESIAN_POINT('',(-35.1598726313755,17.1901279418215,-2.5));
#4102=CARTESIAN_POINT('Origin',(-33.6098726313756,17.1901279418215,-2.5));
#4103=CARTESIAN_POINT('Origin',(-42.5901293951823,8.20987246349003,-2.5));
#4104=CARTESIAN_POINT('',(-44.1401293951823,8.20987246349003,-2.5));
#4105=CARTESIAN_POINT('Origin',(-42.5901293951823,8.20987246349003,-2.5));
#4106=CARTESIAN_POINT('Origin',(-33.6098726313756,17.1901279418215,0.));
#4107=CARTESIAN_POINT('',(-35.1598726313755,17.1901279418215,0.));
#4108=CARTESIAN_POINT('Origin',(-42.5901293951823,8.20987246349003,0.));
#4109=CARTESIAN_POINT('',(-44.1401293951823,8.20987246349003,0.));
#4110=UNCERTAINTY_MEASURE_WITH_UNIT(LENGTH_MEASURE(0.01),#4114,
'DISTANCE_ACCURACY_VALUE',
'Maximum model space distance between geometric entities at asserted c
onnectivities');
#4111=UNCERTAINTY_MEASURE_WITH_UNIT(LENGTH_MEASURE(0.01),#4114,
'DISTANCE_ACCURACY_VALUE',
'Maximum model space distance between geometric entities at asserted c
onnectivities');
#4112=(
GEOMETRIC_REPRESENTATION_CONTEXT(3)
GLOBAL_UNCERTAINTY_ASSIGNED_CONTEXT((#4110))
GLOBAL_UNIT_ASSIGNED_CONTEXT((#4114,#4116,#4117))
REPRESENTATION_CONTEXT('','3D')
);
#4113=(
GEOMETRIC_REPRESENTATION_CONTEXT(3)
GLOBAL_UNCERTAINTY_ASSIGNED_CONTEXT((#4111))
GLOBAL_UNIT_ASSIGNED_CONTEXT((#4114,#4116,#4117))
REPRESENTATION_CONTEXT('','3D')
);
#4114=(
LENGTH_UNIT()
NAMED_UNIT(*)
SI_UNIT(.MILLI.,.METRE.)
);
#4115=(
LENGTH_UNIT()
NAMED_UNIT(*)
SI_UNIT($,.METRE.)
);
#4116=(
NAMED_UNIT(*)
PLANE_ANGLE_UNIT()
SI_UNIT($,.RADIAN.)
);
#4117=(
NAMED_UNIT(*)
SI_UNIT($,.STERADIAN.)
SOLID_ANGLE_UNIT()
);
#4118=SHAPE_DEFINITION_REPRESENTATION(#4119,#4120);
#4119=PRODUCT_DEFINITION_SHAPE('',$,#4122);
#4120=SHAPE_REPRESENTATION('',(#1674),#4112);
#4121=PRODUCT_DEFINITION_CONTEXT('part definition',#4126,'design');
#4122=PRODUCT_DEFINITION('bottom plate (v8~recovered)','Center Plate',#4123,
#4121);
#4123=PRODUCT_DEFINITION_FORMATION('',$,#4128);
#4124=PRODUCT_RELATED_PRODUCT_CATEGORY('Center Plate','Center Plate',(#4128));
#4125=APPLICATION_PROTOCOL_DEFINITION('international standard',
'automotive_design',2009,#4126);
#4126=APPLICATION_CONTEXT(
'Core Data for Automotive Mechanical Design Process');
#4127=PRODUCT_CONTEXT('part definition',#4126,'mechanical');
#4128=PRODUCT('bottom plate (v8~recovered)','Center Plate',$,(#4127));
#4129=PRESENTATION_STYLE_ASSIGNMENT((#4130));
#4130=SURFACE_STYLE_USAGE(.BOTH.,#4131);
#4131=SURFACE_SIDE_STYLE('',(#4132));
#4132=SURFACE_STYLE_FILL_AREA(#4133);
#4133=FILL_AREA_STYLE('Steel - Satin',(#4134));
#4134=FILL_AREA_STYLE_COLOUR('Steel - Satin',#4135);
#4135=COLOUR_RGB('Steel - Satin',0.627450980392157,0.627450980392157,0.627450980392157);
ENDSEC;
END-ISO-10303-21;
